No Transaksi,Tanggal,Kode Pel.,Nama Pelanggan,Kode Item,Nama Item,Jumlah,Satuan,Harga,Potongan %,Total Item,Subtotal,Pajak,Total Akhir,Tahun,Bulan,Periode
0001/JL/0123,2023-01-03,PL-0029,PT. FOKUS SAHABAT,4004-0805,"CYLINDRICAL TEST TUBE, PLAIN, VOL.5ML/12X75MM, PS MATERIAL",10,CARTON,1000000.0,0.0,10000000.0,10000000.0,1100000.0,11100000.0,2023,1,2023-01
0002/JL/0123,2023-01-05,PL-0029,PT. FOKUS SAHABAT,4004-0805,"CYLINDRICAL TEST TUBE, PLAIN, VOL.5ML/12X75MM, PS MATERIAL",4,CARTON,1000000.0,0.0,4000000.0,5200000.0,572000.0,5772000.0,2023,1,2023-01
0002/JL/0123,2023-01-05,PL-0029,PT. FOKUS SAHABAT,4330-0023,"Pipet Tips,eppendorf type,VOL.10μl,PP material,Natural color",1,CARTON,1200000.0,0.0,1200000.0,5200000.0,572000.0,5772000.0,2023,1,2023-01
0004/JL/0123,2023-01-13,PL-0029,PT. FOKUS SAHABAT,2121-0030,"INOCULATION LOOPS, FLEXIBLE, 1μL+INCORPORATED NEEDLE, ABS MATERIAL, NEUTRAL COLOR. 1PC/PEEL-PK, GAMMA STERILE",10,BOX,450000.0,0.0,4500000.0,9000000.0,990000.0,9990000.0,2023,1,2023-01
0004/JL/0123,2023-01-13,PL-0029,PT. FOKUS SAHABAT,2121-0034-02,"INOCULATION LOOPS, FLEXIBLE, 10μL+INCORPORATED NEEDLE, ABS MATERIAL, BLUE COLOR. 1PC/PEEL-PK, GAMMA STERILE",10,BOX,450000.0,0.0,4500000.0,9000000.0,990000.0,9990000.0,2023,1,2023-01
0005/JL/0123,2023-01-13,PL-0030,APOTEK FARMARIN BANK,HS-HC,60 ML HAPPY CARE HAND SANITIZER 60 ML,5000,BTL,9800.0,38.0,30380000.0,30380000.0,3341800.0,33721800.0,2023,1,2023-01
0003/JL/0123,2023-01-17,PL-0001,RUMAH SAKIT YARSI,FCQ-AG,FastClear Q Covid-19 Ag Nasal,20,BOX,1200000.0,0.0,24000000.0,24000000.0,2640000.0,26640000.0,2023,1,2023-01
0006/JL/0123,2023-01-17,PL-0029,PT. FOKUS SAHABAT,4004-0111,"CYLINDRICAL TEST TUBE, PLAIN, VOL.5ML, 12X75MM, 0.8-1.0MM THICK, MEDIUM BOROSILICATE GLASS MATERIAL",2,CARTON,750000.0,0.0,1500000.0,1500000.0,165000.0,1665000.0,2023,1,2023-01
0007/JL/0123,2023-01-24,PL-0001,RUMAH SAKIT YARSI,FCQ-AG,FastClear Q Covid-19 Ag Nasal,14,BOX,1200000.0,0.0,16800000.0,16800000.0,1848000.0,18648000.0,2023,1,2023-01
0008/JL/0123,2023-01-26,PL-0001,RUMAH SAKIT YARSI,SHM-006,"SHAMROCK LATEX FREE POWDER ""M""",200,BOX,86486.49,0.0,17297298.0,43243245.0,4756756.95,48000001.95,2023,1,2023-01
0008/JL/0123,2023-01-26,PL-0001,RUMAH SAKIT YARSI,SHM-007,SHAMROCK LATEX FREE POWDER ''S'',300,BOX,86486.49,0.0,25945947.0,43243245.0,4756756.95,48000001.95,2023,1,2023-01
0009/JL/0223,2023-02-02,PL-0029,PT. FOKUS SAHABAT,4004-0111,"CYLINDRICAL TEST TUBE, PLAIN, VOL.5ML, 12X75MM, 0.8-1.0MM THICK, MEDIUM BOROSILICATE GLASS MATERIAL",4,CARTON,750000.0,0.0,3000000.0,3000000.0,330000.0,3330000.0,2023,2,2023-02
0010/JL/0223,2023-02-06,PL-0029,PT. FOKUS SAHABAT,4004-0805,"CYLINDRICAL TEST TUBE, PLAIN, VOL.5ML/12X75MM, PS MATERIAL",1,CARTON,1000000.0,0.0,1000000.0,2550000.0,280500.0,2830500.0,2023,2,2023-02
0010/JL/0223,2023-02-06,PL-0029,PT. FOKUS SAHABAT,4610-1924,"Centrifuge Tube, PP material, conical bottom, Vol.15ml/17x120mm, BLUE printed graduation from 1.5ml to 15ml/graduation interval 0.5ml. Screw cap leakage-proof, GREY color. DNase-free, RNase-free, Non-Pyrogen, Assembled, E.O. sterile, individual flow-pack, 50pcs/box",2,CARTON,775000.0,0.0,1550000.0,2550000.0,280500.0,2830500.0,2023,2,2023-02
0011/JL/0223,2023-02-07,PL-0029,PT. FOKUS SAHABAT,4004-0805,"CYLINDRICAL TEST TUBE, PLAIN, VOL.5ML/12X75MM, PS MATERIAL",12,CARTON,1000000.0,0.0,12000000.0,12000000.0,1320000.0,13320000.0,2023,2,2023-02
0012/JL/0223,2023-02-10,PL-0029,PT. FOKUS SAHABAT,4004-0805,"CYLINDRICAL TEST TUBE, PLAIN, VOL.5ML/12X75MM, PS MATERIAL",7,CARTON,1000000.0,0.0,7000000.0,7500000.0,825000.0,8325000.0,2023,2,2023-02
0012/JL/0223,2023-02-10,PL-0029,PT. FOKUS SAHABAT,4320-0111,"PASTEUR PIPETTE, LDPE MATERIAL, CAP.5ML/145MM LONG, GRADUATED AT EVERY 1/4ML UP TO 1ML",1,BOX,200000.0,0.0,200000.0,7500000.0,825000.0,8325000.0,2023,2,2023-02
0012/JL/0223,2023-02-10,PL-0029,PT. FOKUS SAHABAT,4610-1924,"Centrifuge Tube, PP material, conical bottom, Vol.15ml/17x120mm, BLUE printed graduation from 1.5ml to 15ml/graduation interval 0.5ml. Screw cap leakage-proof, GREY color. DNase-free, RNase-free, Non-Pyrogen, Assembled, E.O. sterile, individual flow-pack, 50pcs/box",4,BOX,75000.0,0.0,300000.0,7500000.0,825000.0,8325000.0,2023,2,2023-02
0013/JL/0223,2023-02-14,PL-0001,RUMAH SAKIT YARSI,SHM-005,SHAMROCK LATEX FREE POWDER ''L'',200,BOX,86486.49,0.0,17297298.0,43243245.0,4756756.95,48000001.95,2023,2,2023-02
0013/JL/0223,2023-02-14,PL-0001,RUMAH SAKIT YARSI,SHM-006,"SHAMROCK LATEX FREE POWDER ""M""",100,BOX,86486.49,0.0,8648649.0,43243245.0,4756756.95,48000001.95,2023,2,2023-02
0013/JL/0223,2023-02-14,PL-0001,RUMAH SAKIT YARSI,SHM-007,SHAMROCK LATEX FREE POWDER ''S'',200,BOX,86486.49,0.0,17297298.0,43243245.0,4756756.95,48000001.95,2023,2,2023-02
0014/JL/0223,2023-02-16,PL-0029,PT. FOKUS SAHABAT,4004-1021,"CYLINDRICAL CULTURE TUBE, WITH DUAL- POSITION SNAP CAP IN PE MATERIAL (LOOSE FOR AEROBIC CULTURING, TIGHT FOR SEALING), TUBES IN PS MATERIAL. VOL.15ML/17X100MM, WITH GRADUATION AT EACH 1/2ML UP TO 12ML. INDIVIDUAL PEEL-PK, GAMMA STERILE",1,CARTON,1300000.0,0.0,1300000.0,1300000.0,143000.0,1443000.0,2023,2,2023-02
0016/JL/0223,2023-02-22,PL-0029,PT. FOKUS SAHABAT,4320-0513,"PASTEUR PIPETTE, LDPE MATERIAL, CAP.7ML/155MM LONG, GRADUATED AT EVERY 1/2ML UP TO 3ML. INDIVIDUAL PEEL-PACK, E.O. STERILE",2,CARTON,700000.0,0.0,1400000.0,2300000.0,253000.0,2553000.0,2023,2,2023-02
0016/JL/0223,2023-02-22,PL-0029,PT. FOKUS SAHABAT,4330-0004-02,"Blue Tips,VOL.1000μl,Eppendorf/Universal type,PP material",1,CARTON,900000.0,0.0,900000.0,2300000.0,253000.0,2553000.0,2023,2,2023-02
0017/JL/0223,2023-02-28,PL-0029,PT. FOKUS SAHABAT,4004-0111,"CYLINDRICAL TEST TUBE, PLAIN, VOL.5ML, 12X75MM, 0.8-1.0MM THICK, MEDIUM BOROSILICATE GLASS MATERIAL",2,CARTON,750000.0,0.0,1500000.0,1875000.0,206250.0,2081250.0,2023,2,2023-02
0017/JL/0223,2023-02-28,PL-0029,PT. FOKUS SAHABAT,4004-0111,"CYLINDRICAL TEST TUBE, PLAIN, VOL.5ML, 12X75MM, 0.8-1.0MM THICK, MEDIUM BOROSILICATE GLASS MATERIAL",4,BOX,93750.0,0.0,375000.0,1875000.0,206250.0,2081250.0,2023,2,2023-02
0018/JL/0323,2023-03-02,PL-0029,PT. FOKUS SAHABAT,2121-0034-02,"INOCULATION LOOPS, FLEXIBLE, 10μL+INCORPORATED NEEDLE, ABS MATERIAL, BLUE COLOR. 1PC/PEEL-PK, GAMMA STERILE",10,BOX,450000.0,0.0,4500000.0,5250000.0,577500.0,5827500.0,2023,3,2023-03
0018/JL/0323,2023-03-02,PL-0029,PT. FOKUS SAHABAT,4320-0511,"PASTEUR PIPETTE, LDPE MATERIAL, CAP.7ML/155MM LONG, GRADUATED AT EVERY 1/2ML UP TO 3ML No Transaksi TPAanSgTEgUalR PIPETTKEo, dLDe PPEe Ml.ATERNIAaLm, a Pelanggan Alamat CAP.7ML/155MM LONG, GRADUATED AT EVERY 1/2ML UP TO 3ML",5,BOX,150000.0,0.0,750000.0,5250000.0,577500.0,5827500.0,2023,3,2023-03
0019/JL/0323,2023-03-03,PL-0029,PT. FOKUS SAHABAT,4610-1924,"Centrifuge Tube, PP material, conical bottom, Vol.15ml/17x120mm, BLUE printed graduation from 1.5ml to 15ml/graduation interval 0.5ml. Screw cap leakage-proof, GREY color. DNase-free, RNase-free, Non-Pyrogen, Assembled, E.O. sterile, individual flow-pack, 50pcs/box",1,CARTON,750000.0,0.0,750000.0,750000.0,82500.0,832500.0,2023,3,2023-03
0020/JL/0323,2023-03-08,PL-0001,RUMAH SAKIT YARSI,SHM-006,"SHAMROCK LATEX FREE POWDER ""M""",250,BOX,86486.49,0.0,21621622.5,51891894.0,5708108.34,57600002.34,2023,3,2023-03
0020/JL/0323,2023-03-08,PL-0001,RUMAH SAKIT YARSI,SHM-007,SHAMROCK LATEX FREE POWDER ''S'',350,BOX,86486.49,0.0,30270271.5,51891894.0,5708108.34,57600002.34,2023,3,2023-03
0021/JL/0323,2023-03-13,PL-0001,RUMAH SAKIT YARSI,FCQ-AG,FastClear Q Covid-19 Ag Nasal,20,BOX,1200000.0,0.0,24000000.0,24000000.0,2640000.0,26640000.0,2023,3,2023-03
0022/JL/0323,2023-03-15,PL-0029,PT. FOKUS SAHABAT,2303-1090,"PETRI DISHES, PS MATERIAL. DIA.90MM X 15MM, 1 ROOM/3 VENTS. E.O.STERILE",25,CARTON,580000.0,0.0,14500000.0,16250000.0,1787500.0,18037500.0,2023,3,2023-03
0022/JL/0323,2023-03-15,PL-0029,PT. FOKUS SAHABAT,4004-0805,"CYLINDRICAL TEST TUBE, PLAIN, VOL.5ML/12X75MM, PS MATERIAL",1,CARTON,1000000.0,0.0,1000000.0,16250000.0,1787500.0,18037500.0,2023,3,2023-03
0022/JL/0323,2023-03-15,PL-0029,PT. FOKUS SAHABAT,4610-1924,"Centrifuge Tube, PP material, conical bottom, Vol.15ml/17x120mm, BLUE printed graduation from 1.5ml to 15ml/graduation interval 0.5ml. Screw cap leakage-proof, GREY color. DNase-free, RNase-free, Non-Pyrogen, Assembled, E.O. sterile, individual flow-pack, 50pcs/box",1,CARTON,750000.0,0.0,750000.0,16250000.0,1787500.0,18037500.0,2023,3,2023-03
0023/JL/0323,2023-03-16,PL-0029,PT. FOKUS SAHABAT,4330-0021-17,"Yellow Tips,Gilson/Universal type,VOL.200μl,graduated at 10/20/50/100μl,PP material",1,CARTON,1100000.0,0.0,1100000.0,3350000.0,368500.0,3718500.0,2023,3,2023-03
0023/JL/0323,2023-03-16,PL-0029,PT. FOKUS SAHABAT,4610-1924,"Centrifuge Tube, PP material, conical bottom, Vol.15ml/17x120mm, BLUE printed graduation from 1.5ml to 15ml/graduation interval 0.5ml. Screw cap leakage-proof, GREY color. DNase-free, RNase-free, Non-Pyrogen, Assembled, E.O. sterile, individual flow-pack, 50pcs/box",3,CARTON,750000.0,0.0,2250000.0,3350000.0,368500.0,3718500.0,2023,3,2023-03
0024/JL/0323,2023-03-20,PL-0029,PT. FOKUS SAHABAT,2303-1090,"PETRI DISHES, PS MATERIAL. DIA.90MM X 15MM, 1 ROOM/3 VENTS. E.O.STERILE",30,CARTON,580000.0,0.0,17400000.0,17400000.0,1914000.0,19314000.0,2023,3,2023-03
0025/JL/0323,2023-03-21,PL-0001,RUMAH SAKIT YARSI,FCQ-AG,FastClear Q Covid-19 Ag Nasal,14,BOX,1200000.0,0.0,16800000.0,16800000.0,1848000.0,18648000.0,2023,3,2023-03
0026/JL/0323,2023-03-29,PL-0029,PT. FOKUS SAHABAT,2303-1090,"PETRI DISHES, PS MATERIAL. DIA.90MM X 15MM, 1 ROOM/3 VENTS. E.O.STERILE",30,CARTON,580000.0,0.0,17400000.0,17400000.0,1914000.0,19314000.0,2023,3,2023-03
0027/JL/0323,2023-03-31,PL-0029,PT. FOKUS SAHABAT,4004-0111,"CYLINDRICAL TEST TUBE, PLAIN, VOL.5ML, 12X75MM, 0.8-1.0MM THICK, MEDIUM BOROSILICATE GLASS MATERIAL",7,CARTON,750000.0,0.0,5250000.0,5531250.0,608437.5,6139687.5,2023,3,2023-03
0027/JL/0323,2023-03-31,PL-0029,PT. FOKUS SAHABAT,4004-0111,"CYLINDRICAL TEST TUBE, PLAIN, VOL.5ML, 12X75MM, 0.8-1.0MM THICK, MEDIUM BOROSILICATE GLASS MATERIAL",3,BOX,93750.0,0.0,281250.0,5531250.0,608437.5,6139687.5,2023,3,2023-03
0028/JL/0423,2023-04-03,PL-0029,PT. FOKUS SAHABAT,4320-0513,"PASTEUR PIPETTE, LDPE MATERIAL, CAP.7ML/155MM LONG, GRADUATED AT EVERY 1/2ML UP TO 3ML. INDIVIDUAL PEEL-PACK, E.O. STERILE",4,CARTON,700000.0,0.0,2800000.0,2800000.0,308000.0,3108000.0,2023,4,2023-04
0030/JL/0423,2023-04-03,PL-0031,"RUMAH SAKIT Jl. Prof. DR. Bahder Djohan, Pondok Cina",2303-1090,"PETRI DISHES, PS MATERIAL. DIA.90MM X 15MM, 1 ROOM/3 VENTS. E.O.STERILE",8,CARTON,1207500.0,20.0,7728000.0,7728000.0,850080.0,8578080.0,2023,4,2023-04
0029/JL/0423,2023-04-04,PL-0001,RUMAH SAKIT YARSI,SHM-005,SHAMROCK LATEX FREE POWDER ''L'',100,BOX,86486.49,0.0,8648649.0,38918920.5,4281081.26,43200001.76,2023,4,2023-04
0029/JL/0423,2023-04-04,PL-0001,RUMAH SAKIT YARSI,SHM-006,"SHAMROCK LATEX FREE POWDER ""M""",150,BOX,86486.49,0.0,12972973.5,38918920.5,4281081.26,43200001.76,2023,4,2023-04
0029/JL/0423,2023-04-04,PL-0001,RUMAH SAKIT YARSI,SHM-007,SHAMROCK LATEX FREE POWDER ''S'',200,BOX,86486.49,0.0,17297298.0,38918920.5,4281081.26,43200001.76,2023,4,2023-04
0032/JL/0423,2023-04-05,PL-0029,PT. FOKUS SAHABAT,0106-1100-16,"EMBEDDING CASSETTE, 45°ANGLE MARKING AREA, W/REMOVABLE LID & STRIPE HOLES, HISTOLOGY, P.O.M. MATERIAL. WHITE",4,BOX,260000.0,0.0,1040000.0,1790000.0,196900.0,1986900.0,2023,4,2023-04
0032/JL/0423,2023-04-05,PL-0029,PT. FOKUS SAHABAT,4610-1924,"Centrifuge Tube, PP material, conical bottom, Vol.15ml/17x120mm, BLUE printed graduation from 1.5ml to 15ml/graduation interval 0.5ml. Screw cap leakage-proof, GREY color. DNase-free, RNase-free, Non-Pyrogen, Assembled, E.O. sterile, individual flow-pack, 50pcs/box",1,CARTON,750000.0,0.0,750000.0,1790000.0,196900.0,1986900.0,2023,4,2023-04
0031/JL/0423,2023-04-06,PL-0029,PT. FOKUS SAHABAT,4330-0012-02,"Blue Tips,Gilson/Universal type,VOL.1000μl,graduated at 100/250/500/100μl,PP BAG material",3,ZIP-LOCK,42500.0,0.0,127500.0,127500.0,14025.0,141525.0,2023,4,2023-04
0033/JL/0423,2023-04-10,PL-0029,PT. FOKUS SAHABAT,2303-1090,"PETRI DISHES, PS MATERIAL. DIA.90MM X 15MM, 1 ROOM/3 VENTS. E.O.STERILE",13,CARTON,580000.0,0.0,7540000.0,24540000.0,2699400.0,27239400.0,2023,4,2023-04
0033/JL/0423,2023-04-10,PL-0029,PT. FOKUS SAHABAT,4004-0805,"CYLINDRICAL TEST TUBE, PLAIN, VOL.5ML/12X75MM, PS MATERIAL",17,CARTON,1000000.0,0.0,17000000.0,24540000.0,2699400.0,27239400.0,2023,4,2023-04
0034/JL/0423,2023-04-12,PL-0029,PT. FOKUS SAHABAT,0106-1100-16,"EMBEDDING CASSETTE, 45°ANGLE MARKING AREA, W/REMOVABLE LID & STRIPE HOLES, HISTOLOGY, P.O.M. MATERIAL. WHITE",2,CARTON,1600000.0,0.0,3200000.0,6120000.0,673200.0,6793200.0,2023,4,2023-04
0034/JL/0423,2023-04-12,PL-0029,PT. FOKUS SAHABAT,2121-2005,"INOCULATION LOOPS,10μL, HIPS MATERIAL, DARK BLUE COLOR. 20PCS/ZIP-LOCK PACK, GAMMA STERILE.",1,BOX,600000.0,0.0,600000.0,6120000.0,673200.0,6793200.0,2023,4,2023-04
0034/JL/0423,2023-04-12,PL-0029,PT. FOKUS SAHABAT,2303-1090,"PETRI DISHES, PS MATERIAL. DIA.90MM X 15MM, 1 ROOM/3 VENTS. E.O.STERILE",4,CARTON,580000.0,0.0,2320000.0,6120000.0,673200.0,6793200.0,2023,4,2023-04
0035/JL/0423,2023-04-13,PL-0001,RUMAH SAKIT YARSI,SHM-005,SHAMROCK LATEX FREE POWDER ''L'',125,BOX,86486.49,0.0,10810811.25,43243245.0,4756756.95,48000001.95,2023,4,2023-04
0035/JL/0423,2023-04-13,PL-0001,RUMAH SAKIT YARSI,SHM-006,"SHAMROCK LATEX FREE POWDER ""M""",175,BOX,86486.49,0.0,15135135.75,43243245.0,4756756.95,48000001.95,2023,4,2023-04
0035/JL/0423,2023-04-13,PL-0001,RUMAH SAKIT YARSI,SHM-007,SHAMROCK LATEX FREE POWDER ''S'',200,BOX,86486.49,0.0,17297298.0,43243245.0,4756756.95,48000001.95,2023,4,2023-04
0036/JL/0423,2023-04-14,PL-0029,PT. FOKUS SAHABAT,0106-1100-16,"EMBEDDING CASSETTE, 45°ANGLE MARKING AREA, W/REMOVABLE LID & STRIPE HOLES, HISTOLOGY, P.O.M. MATERIAL. WHITE",1,CARTON,1600000.0,0.0,1600000.0,4400000.0,484000.0,4884000.0,2023,4,2023-04
0036/JL/0423,2023-04-14,PL-0029,PT. FOKUS SAHABAT,4004-0805,"CYLINDRICAL TEST TUBE, PLAIN, VOL.5ML/12X75MM, PS MATERIAL",2,CARTON,1000000.0,0.0,2000000.0,4400000.0,484000.0,4884000.0,2023,4,2023-04
0036/JL/0423,2023-04-14,PL-0029,PT. FOKUS SAHABAT,4320-0111,"PASTEUR PIPETTE, LDPE MATERIAL, CAP.5ML/145MM LONG, GRADUATED AT EVERY 1/4ML UP TO 1ML",4,BOX,200000.0,0.0,800000.0,4400000.0,484000.0,4884000.0,2023,4,2023-04
0037/JL/0423,2023-04-28,PL-0029,PT. FOKUS SAHABAT,0106-1100-16,"EMBEDDING CASSETTE, 45°ANGLE MARKING AREA, W/REMOVABLE LID & STRIPE HOLES, HISTOLOGY, P.O.M. MATERIAL. WHITE",1,CARTON,1600000.0,0.0,1600000.0,1600000.0,176000.0,1776000.0,2023,4,2023-04
0038/JL/0523,2023-05-02,PL-0001,RUMAH SAKIT YARSI,SHM-005,SHAMROCK LATEX FREE POWDER ''L'',125,BOX,86486.49,0.0,10810811.25,43243245.0,4756756.95,48000001.95,2023,5,2023-05
0038/JL/0523,2023-05-02,PL-0001,RUMAH SAKIT YARSI,SHM-006,"SHAMROCK LATEX FREE POWDER ""M""",175,BOX,86486.49,0.0,15135135.75,43243245.0,4756756.95,48000001.95,2023,5,2023-05
0038/JL/0523,2023-05-02,PL-0001,RUMAH SAKIT YARSI,SHM-007,SHAMROCK LATEX FREE POWDER ''S'',200,BOX,86486.49,0.0,17297298.0,43243245.0,4756756.95,48000001.95,2023,5,2023-05
0039/JL/0523,2023-05-02,PL-0032,PT DAMHA AMANATAN,TERUMO,TERAFUSION Syirnge Pump Type SS3-TE*SS730,20,UNIT,17400000.0,0.0,348000000.0,348000000.0,38280000.0,386280000.0,2023,5,2023-05
0040/JL/0523,2023-05-03,PL-0029,PT. FOKUS SAHABAT,2121-2005,"INOCULATION LOOPS,10μL, HIPS MATERIAL, DARK BLUE COLOR. 20PCS/ZIP-LOCK PACK, GAMMA STERILE.",1,BOX,600000.0,0.0,600000.0,1350000.0,148500.0,1498500.0,2023,5,2023-05
0040/JL/0523,2023-05-03,PL-0029,PT. FOKUS SAHABAT,4610-1924,"Centrifuge Tube, PP material, conical bottom, Vol.15ml/17x120mm, BLUE printed graduation from 1.5ml to 15ml/graduation interval 0.5ml. Screw cap leakage-proof, GREY color. DNase-free, RNase-free, Non-Pyrogen, Assembled, E.O. sterile, individual flow-pack, 50pcs/box",1,CARTON,750000.0,0.0,750000.0,1350000.0,148500.0,1498500.0,2023,5,2023-05
0041/JL/0523,2023-05-05,PL-0001,RUMAH SAKIT YARSI,FCQ-AG,FastClear Q Covid-19 Ag Nasal,20,BOX,1200000.0,0.0,24000000.0,24000000.0,2640000.0,26640000.0,2023,5,2023-05
0042/JL/0523,2023-05-10,PL-0029,PT. FOKUS SAHABAT,2121-2005,"INOCULATION LOOPS,10μL, HIPS MATERIAL, DARK BLUE COLOR. 20PCS/ZIP-LOCK PACK, GAMMA STERILE.",2,BOX,600000.0,0.0,1200000.0,1200000.0,132000.0,1332000.0,2023,5,2023-05
0043/JL/0523,2023-05-10,PL-0033,DINAS KESEHATAN KAB Jl. Raya Belinyu Lingk. Jelutung Kel. Sinar Jaya,AB,8M AMBULANCE BOAT FRP 8 METER 2x85 PK,1,UNIT,900900900.9,0.0,900900900.9,900900900.9,99099099.1,1000000000.0,2023,5,2023-05
0044/JL/0523,2023-05-16,PL-0001,RUMAH SAKIT YARSI,FCQ-AG,FastClear Q Covid-19 Ag Nasal,14,BOX,1200000.0,0.0,16800000.0,16800000.0,1848000.0,18648000.0,2023,5,2023-05
0045/JL/0523,2023-05-16,PL-0034,PT. SILIWANGI,AMBU-A,AMBUBAG ANAK,4,UNIT,1351351.35,0.0,5405405.4,2364504504.5,260095495.5,2624600000.0,2023,5,2023-05
0045/JL/0523,2023-05-16,PL-0034,PT. SILIWANGI,AMBU-D,AMBUBAG DEWASA,4,UNIT,1351351.35,0.0,5405405.4,2364504504.5,260095495.5,2624600000.0,2023,5,2023-05
0045/JL/0523,2023-05-16,PL-0034,PT. SILIWANGI,DCTZ-400,ELECTRO SURGICAL COUTER DOCTANZ 400W,1,UNIT,82882882.88,0.0,82882882.88,2364504504.5,260095495.5,2624600000.0,2023,5,2023-05
0045/JL/0523,2023-05-16,PL-0034,PT. SILIWANGI,ICARE-30,EKG ICARE 30,3,UNIT,15765765.77,0.0,47297297.31,2364504504.5,260095495.5,2624600000.0,2023,5,2023-05
0045/JL/0523,2023-05-16,PL-0034,PT. SILIWANGI,LAMP,LAMPU OPERASI MINDRAY HyleD 760 OPERATION,1,UNIT,173018018.0,0.0,173018018.0,2364504504.5,260095495.5,2624600000.0,2023,5,2023-05
0045/JL/0523,2023-05-16,PL-0034,PT. SILIWANGI,LNP-ANAK,LARYNGOSKOP ANAK,1,UNIT,5540540.54,0.0,5540540.54,2364504504.5,260095495.5,2624600000.0,2023,5,2023-05
0045/JL/0523,2023-05-16,PL-0034,PT. SILIWANGI,LNP-DWS,LARYNGOSKOP DEWASA,1,UNIT,4639639.64,0.0,4639639.64,2364504504.5,260095495.5,2624600000.0,2023,5,2023-05
0045/JL/0523,2023-05-16,PL-0034,PT. SILIWANGI,LS-100HD,AUTOCLAVE GEA LS-100HD,1,UNIT,51801801.8,0.0,51801801.8,2364504504.5,260095495.5,2624600000.0,2023,5,2023-05
0045/JL/0523,2023-05-16,PL-0034,PT. SILIWANGI,PIGEON,BUBLBE CPAP WITH COMPRESSOR+TROLLEY+ACCESORRIES,1,UNIT,127027027.01,0.0,127027027.01,2364504504.5,260095495.5,2624600000.0,2023,5,2023-05
0045/JL/0523,2023-05-16,PL-0034,PT. SILIWANGI,SC-FALCON,SET SC BEDAH LENGKAP FALCON,2,UNIT,45045045.0,0.0,90090090.0,2364504504.5,260095495.5,2624600000.0,2023,5,2023-05
0045/JL/0523,2023-05-16,PL-0034,PT. SILIWANGI,SK-500I,SYRINGE PUMP SK-500I,7,UNIT,10135135.14,0.0,70945945.98,2364504504.5,260095495.5,2624600000.0,2023,5,2023-05
0045/JL/0523,2023-05-16,PL-0034,PT. SILIWANGI,SK-600I,INFUSIOM PUMP SK-600I,9,UNIT,16216216.22,0.0,145945945.98,2364504504.5,260095495.5,2624600000.0,2023,5,2023-05
0045/JL/0523,2023-05-16,PL-0034,PT. SILIWANGI,SP1,EX SYRINGE PUMP BeneFusion SP1 EX MINDRAY,2,UNIT,10135135.14,0.0,20270270.28,2364504504.5,260095495.5,2624600000.0,2023,5,2023-05
0045/JL/0523,2023-05-16,PL-0034,PT. SILIWANGI,SYNOVENT,350 VENTILATOR MINDRAY SYNOVENT 350,3,UNIT,310810810.81,0.0,932432432.43,2364504504.5,260095495.5,2624600000.0,2023,5,2023-05
0045/JL/0523,2023-05-16,PL-0034,PT. SILIWANGI,WATO,20 MINDRAY MESIN ANESTESI WATO 20,2,UNIT,240540540.54,0.0,481081081.08,2364504504.5,260095495.5,2624600000.0,2023,5,2023-05
0045/JL/0523,2023-05-16,PL-0034,PT. SILIWANGI,YK-8000B,PATIEN MONITOR YONKER 8000B,7,UNIT,15315315.32,0.0,107207207.24,2364504504.5,260095495.5,2624600000.0,2023,5,2023-05
0045/JL/0523,2023-05-16,PL-0034,PT. SILIWANGI,YX-930D,SUCTION DEWASA,3,UNIT,4504504.51,0.0,13513513.53,2364504504.5,260095495.5,2624600000.0,2023,5,2023-05
0046/JL/0523,2023-05-23,PL-0001,RUMAH SAKIT YARSI,SHM-006,"SHAMROCK LATEX FREE POWDER ""M""",200,BOX,86486.49,0.0,17297298.0,34594596.0,3805405.56,38400001.56,2023,5,2023-05
0046/JL/0523,2023-05-23,PL-0001,RUMAH SAKIT YARSI,SHM-007,SHAMROCK LATEX FREE POWDER ''S'',200,BOX,86486.49,0.0,17297298.0,34594596.0,3805405.56,38400001.56,2023,5,2023-05
0047/JL/0523,2023-05-23,PL-0029,PT. FOKUS SAHABAT,0106-1100-16,"EMBEDDING CASSETTE, 45°ANGLE MARKING AREA, W/REMOVABLE LID & STRIPE HOLES, HISTOLOGY, P.O.M. MATERIAL. WHITE",2,BOX,260000.0,0.0,520000.0,4220000.0,464200.0,4684200.0,2023,5,2023-05
0047/JL/0523,2023-05-23,PL-0029,PT. FOKUS SAHABAT,4330-0021-17,"Yellow Tips,Gilson/Universal type,VOL.200μl,graduated at 10/20/50/100μl,PP material",2,CARTON,1100000.0,0.0,2200000.0,4220000.0,464200.0,4684200.0,2023,5,2023-05
0047/JL/0523,2023-05-23,PL-0029,PT. FOKUS SAHABAT,4610-1924,"Centrifuge Tube, PP material, conical bottom, Vol.15ml/17x120mm, BLUE printed graduation from 1.5ml to 15ml/graduation interval 0.5ml. Screw cap leakage-proof, GREY color. DNase-free, RNase-free, Non-Pyrogen, Assembled, E.O. sterile, individual flow-pack, 50pcs/box",2,CARTON,750000.0,0.0,1500000.0,4220000.0,464200.0,4684200.0,2023,5,2023-05
0048/JL/0523,2023-05-26,PL-0001,RUMAH SAKIT YARSI,OTR-S,OTORO LATEX FREE POWDER ''S'',100,BOX,75766.0,0.0,7576600.0,7576600.0,833426.0,8410026.0,2023,5,2023-05
0049/JL/0523,2023-05-31,PL-0029,PT. FOKUS SAHABAT,4320-0111,"PASTEUR PIPETTE, LDPE MATERIAL, CAP.5ML/145MM LONG, GRADUATED AT EVERY 1/4ML UP TO 1ML",5,BOX,200000.0,0.0,1000000.0,3250000.0,357500.0,3607500.0,2023,5,2023-05
0049/JL/0523,2023-05-31,PL-0029,PT. FOKUS SAHABAT,4320-0511,"PASTEUR PIPETTE, LDPE MATERIAL, CAP.7ML/155MM LONG, GRADUATED AT EVERY 1/2ML UP TO 3ML",5,BOX,150000.0,0.0,750000.0,3250000.0,357500.0,3607500.0,2023,5,2023-05
0049/JL/0523,2023-05-31,PL-0029,PT. FOKUS SAHABAT,4610-1924,"Centrifuge Tube, PP material, conical bottom, Vol.15ml/17x120mm, BLUE printed graduation from 1.5ml to 15ml/graduation interval 0.5ml. Screw cap leakage-proof, GREY color. DNase-free, RNase-free, Non-Pyrogen, Assembled, E.O. sterile, individual flow-pack, 50pcs/box",2,CARTON,750000.0,0.0,1500000.0,3250000.0,357500.0,3607500.0,2023,5,2023-05
0050/JL/0623,2023-06-06,PL-0029,PT. FOKUS SAHABAT,2121-2005,"INOCULATION LOOPS,10μL, HIPS MATERIAL, DARK BLUE COLOR. 20PCS/ZIP-LOCK PACK, 03/07/2026 13.49 ADMGAINMMA STERILE. 9/23 No Transaksi TINaOnCgUgLaAlTION LOKOoPdSe,1 P0μeLl., HIPS NMaAmTEaR PIAeLla,nggan Alamat DARK BLUE COLOR. 20PCS/ZIP-LOCK PACK, GAMMA STERILE.",2,BOX,650000.0,0.0,1300000.0,6900000.0,759000.0,7659000.0,2023,6,2023-06
0050/JL/0623,2023-06-06,PL-0029,PT. FOKUS SAHABAT,4330-0021-17,"Yellow Tips,Gilson/Universal type,VOL.200μl,graduated at 10/20/50/100μl,PP material",1,CARTON,1100000.0,0.0,1100000.0,6900000.0,759000.0,7659000.0,2023,6,2023-06
0050/JL/0623,2023-06-06,PL-0029,PT. FOKUS SAHABAT,4610-1924,"Centrifuge Tube, PP material, conical bottom, Vol.15ml/17x120mm, BLUE printed graduation from 1.5ml to 15ml/graduation interval 0.5ml. Screw cap leakage-proof, GREY color. DNase-free, RNase-free, Non-Pyrogen, Assembled, E.O. sterile, individual flow-pack, 50pcs/box",6,CARTON,750000.0,0.0,4500000.0,6900000.0,759000.0,7659000.0,2023,6,2023-06
0051/JL/0623,2023-06-08,PL-0001,RUMAH SAKIT YARSI,SHM-006,"SHAMROCK LATEX FREE POWDER ""M""",300,BOX,86486.49,0.0,25945947.0,43243245.0,4756756.95,48000001.95,2023,6,2023-06
0051/JL/0623,2023-06-08,PL-0001,RUMAH SAKIT YARSI,SHM-007,SHAMROCK LATEX FREE POWDER ''S'',200,BOX,86486.49,0.0,17297298.0,43243245.0,4756756.95,48000001.95,2023,6,2023-06
0052/JL/0623,2023-06-12,PL-0029,PT. FOKUS SAHABAT,2121-0030,"INOCULATION LOOPS, FLEXIBLE, 1μL+INCORPORATED NEEDLE, ABS MATERIAL, NEUTRAL COLOR. 1PC/PEEL-PK, GAMMA STERILE",1,CARTON,4500000.0,0.0,4500000.0,6750000.0,742500.0,7492500.0,2023,6,2023-06
0052/JL/0623,2023-06-12,PL-0029,PT. FOKUS SAHABAT,2121-0034-02,"INOCULATION LOOPS, FLEXIBLE, 10μL+INCORPORATED NEEDLE, ABS MATERIAL, BLUE COLOR. 1PC/PEEL-PK, GAMMA STERILE",5,BOX,450000.0,0.0,2250000.0,6750000.0,742500.0,7492500.0,2023,6,2023-06
0053/JL/0623,2023-06-21,PL-0029,PT. FOKUS SAHABAT,2121-2005,"INOCULATION LOOPS,10μL, HIPS MATERIAL, DARK BLUE COLOR. 20PCS/ZIP-LOCK PACK, GAMMA STERILE.",3,BOX,650000.0,0.0,1950000.0,1950000.0,214500.0,2164500.0,2023,6,2023-06
0057/JL/0723,2023-07-05,PL-0020,"PUSKESMAS CIBENING Jl. Kapten Dasuki Bakri No.1, Cibening, Kec.",SCT,STRIP CHOLESTEROL,25,BOX,197072.07,0.0,4926801.75,10276666.71,1130433.34,11407100.05,2023,7,2023-07
0057/JL/0723,2023-07-05,PL-0020,"PUSKESMAS CIBENING Jl. Kapten Dasuki Bakri No.1, Cibening, Kec.",SHB,STRIP HEMOGOBLIN (HB),33,BOX,162117.12,0.0,5349864.96,10276666.71,1130433.34,11407100.05,2023,7,2023-07
0059/JL/0723,2023-07-07,PL-0001,RUMAH SAKIT YARSI,OTO-L,OTORO LATEX FREE POWDER ''L'',100,BOX,67567.57,0.0,6756757.0,33783785.0,3716216.35,37500001.35,2023,7,2023-07
0059/JL/0723,2023-07-07,PL-0001,RUMAH SAKIT YARSI,OTO-M,OTORO LATEX FREE POWDER ''M'',200,BOX,67567.57,0.0,13513514.0,33783785.0,3716216.35,37500001.35,2023,7,2023-07
0059/JL/0723,2023-07-07,PL-0001,RUMAH SAKIT YARSI,OTR-S,OTORO LATEX FREE POWDER ''S'',200,BOX,67567.57,0.0,13513514.0,33783785.0,3716216.35,37500001.35,2023,7,2023-07
0058/JL/0723,2023-07-12,PL-0029,PT. FOKUS SAHABAT,4004-0805,"CYLINDRICAL TEST TUBE, PLAIN, VOL.5ML/12X75MM, PS MATERIAL",12,CARTON,1000000.0,0.0,12000000.0,12000000.0,1320000.0,13320000.0,2023,7,2023-07
0061/JL/0723,2023-07-13,PL-0018,"PUSKESMAS CIHIDEUNG Cihideung Udik, Kec. Ciampea, Kabupaten Bogor",ICM-LXL,INCOME LATEX L,5,BOX,117072.07,0.0,585360.35,2341441.4,257558.55,2598999.95,2023,7,2023-07
0061/JL/0723,2023-07-13,PL-0018,"PUSKESMAS CIHIDEUNG Cihideung Udik, Kec. Ciampea, Kabupaten Bogor",ICM-LXM,INCOME LATEX M,10,BOX,117072.07,0.0,1170720.7,2341441.4,257558.55,2598999.95,2023,7,2023-07
0061/JL/0723,2023-07-13,PL-0018,"PUSKESMAS CIHIDEUNG Cihideung Udik, Kec. Ciampea, Kabupaten Bogor",ICM-LXS,INCOME LATEX S,5,BOX,117072.07,0.0,585360.35,2341441.4,257558.55,2598999.95,2023,7,2023-07
0062/JL/0723,2023-07-13,PL-0018,"PUSKESMAS CIHIDEUNG Cihideung Udik, Kec. Ciampea, Kabupaten Bogor",SAU,STRIP ASAM URAT,10,BOX,141891.89,0.0,1418918.9,2770270.2,304729.72,3074999.92,2023,7,2023-07
0062/JL/0723,2023-07-13,PL-0018,"PUSKESMAS CIHIDEUNG Cihideung Udik, Kec. Ciampea, Kabupaten Bogor",SHB,STRIP HEMOGOBLIN (HB),10,BOX,135135.13,0.0,1351351.3,2770270.2,304729.72,3074999.92,2023,7,2023-07
0060/JL/0723,2023-07-17,PL-0029,PT. FOKUS SAHABAT,4004-0805,"CYLINDRICAL TEST TUBE, PLAIN, VOL.5ML/12X75MM, PS MATERIAL",1,CARTON,1000000.0,0.0,1000000.0,2400000.0,264000.0,2664000.0,2023,7,2023-07
0060/JL/0723,2023-07-17,PL-0029,PT. FOKUS SAHABAT,4320-0513,"PASTEUR PIPETTE, LDPE MATERIAL, CAP.7ML/155MM LONG, GRADUATED AT EVERY 1/2ML UP TO 3ML. INDIVIDUAL PEEL-PACK, E.O. STERILE",2,CARTON,700000.0,0.0,1400000.0,2400000.0,264000.0,2664000.0,2023,7,2023-07
0063/JL/0723,2023-07-27,PL-0050,DINAS KESEHATAN,TABUNG,1 M3 TABUNG OKSIGEN 1 M3,3,UNIT,0.0,0.0,0.0,157671881.04,17343906.91,175015787.95,2023,7,2023-07
0063/JL/0723,2023-07-27,PL-0050,DINAS KESEHATAN,TABUNG,6m3 TABUNG OKSIGEN 6m3 + REGULATOR + TROLL,24,UNIT,6171171.17,0.0,148108108.08,157671881.04,17343906.91,175015787.95,2023,7,2023-07
0063/JL/0723,2023-07-27,PL-0050,DINAS KESEHATAN,TABUNG,6M3 TABUNG OKSIGEN 6M3,24,UNIT,0.0,0.0,0.0,157671881.04,17343906.91,175015787.95,2023,7,2023-07
0063/JL/0723,2023-07-27,PL-0050,DINAS KESEHATAN,TABUNG,1m3 TABUNG OKSIGEN 1m3 + REGULATOR + TROLL,3,UNIT,3187924.32,0.0,9563772.96,157671881.04,17343906.91,175015787.95,2023,7,2023-07
0064/JL/0723,2023-07-28,PL-0001,RUMAH SAKIT YARSI,OTO-M,OTORO LATEX FREE POWDER ''M'',100,BOX,67567.57,0.0,6756757.0,21135135.8,2324864.94,23460000.74,2023,7,2023-07
0064/JL/0723,2023-07-28,PL-0001,RUMAH SAKIT YARSI,OTR-S,OTORO LATEX FREE POWDER ''S'',200,BOX,67567.57,0.0,13513514.0,21135135.8,2324864.94,23460000.74,2023,7,2023-07
0064/JL/0723,2023-07-28,PL-0001,RUMAH SAKIT YARSI,SHM-008,"SHAMROCK LATEX FREE POWDER '""XS''",10,BOX,86486.48,0.0,864864.8,21135135.8,2324864.94,23460000.74,2023,7,2023-07
0056/JL/0723,2023-08-01,PL-0049,Dinas Kesehatan Kota,TABUNG,1m3 TABUNG OKSIGEN 1m3 + REGULATOR + TROLL,3,UNIT,4354954.95,0.0,13064864.85,105913513.5,11650486.48,117563999.98,2023,8,2023-08
0056/JL/0723,2023-08-01,PL-0049,Dinas Kesehatan Kota,TABUNG,1m3 TABUNG OKSIGEN 1m3 + REGULATOR + TROLL,3,UNIT,0.0,0.0,0.0,105913513.5,11650486.48,117563999.98,2023,8,2023-08
0056/JL/0723,2023-08-01,PL-0049,Dinas Kesehatan Kota,TABUNG,6m3 TABUNG OKSIGEN 6m3 + REGULATOR + TROLL,15,UNIT,6189909.91,0.0,92848648.65,105913513.5,11650486.48,117563999.98,2023,8,2023-08
0056/JL/0723,2023-08-01,PL-0049,Dinas Kesehatan Kota,TABUNG,6m3 TABUNG OKSIGEN 6m3 + REGULATOR + TROLL,15,UNIT,0.0,0.0,0.0,105913513.5,11650486.48,117563999.98,2023,8,2023-08
0065/JL/0723,2023-08-01,PL-0001,RUMAH SAKIT YARSI,OTO-M,OTORO LATEX FREE POWDER ''M'',100,BOX,67567.57,0.0,6756757.0,7621621.8,838378.4,8460000.2,2023,8,2023-08
0065/JL/0723,2023-08-01,PL-0001,RUMAH SAKIT YARSI,SHM-008,"SHAMROCK LATEX FREE POWDER '""XS''",10,BOX,86486.48,0.0,864864.8,7621621.8,838378.4,8460000.2,2023,8,2023-08
0074/JL/0823,2023-08-01,PL-0049,Dinas Kesehatan Kota,GP-12000,US-3 GENSET PORTABLE BROTHERS BG 12000 US-3,4,UNIT,31301909.91,0.0,125207639.64,125207639.64,13772840.36,138980480.0,2023,8,2023-08
0067/JL/0823,2023-08-03,PL-0029,PT. FOKUS SAHABAT,4004-0805,"CYLINDRICAL TEST TUBE, PLAIN, VOL.5ML/12X75MM, PS MATERIAL",7,CARTON,1000000.0,0.0,7000000.0,9322500.0,1025475.0,10347975.0,2023,8,2023-08
0067/JL/0823,2023-08-03,PL-0029,PT. FOKUS SAHABAT,4330-0004-02,"Blue Tips,VOL.1000μl,Eppendorf/Universal type,PP material BAG",16,ZIP-LOCK,45000.0,0.0,720000.0,9322500.0,1025475.0,10347975.0,2023,8,2023-08
0067/JL/0823,2023-08-03,PL-0029,PT. FOKUS SAHABAT,4330-0012-02,"Blue Tips,Gilson/Universal type,VOL.1000μl,graduated at 100/250/500/100μl,PP BAG material",4,ZIP-LOCK,42500.0,0.0,170000.0,9322500.0,1025475.0,10347975.0,2023,8,2023-08
0067/JL/0823,2023-08-03,PL-0029,PT. FOKUS SAHABAT,4330-0021-17,"Yellow Tips,Gilson/Universal type,VOL.200μl,graduated at 10/20/50/100μl,PP BAG material",19,ZIP-LOCK,55000.0,0.0,1045000.0,9322500.0,1025475.0,10347975.0,2023,8,2023-08
0067/JL/0823,2023-08-03,PL-0029,PT. FOKUS SAHABAT,4610-1924,"Centrifuge Tube, PP material, conical bottom, Vol.15ml/17x120mm, BLUE printed graduation from 1.5ml to 15ml/graduation interval 0.5ml. Screw cap leakage-proof, GREY color. DNase-free, RNase-free, Non-Pyrogen, Assembled, E.O. sterile, individual flow-pack, 50pcs/box",5,BOX,77500.0,0.0,387500.0,9322500.0,1025475.0,10347975.0,2023,8,2023-08
0076/JL/0823,2023-08-07,PL-0023,"PUSKESMAS TENJOLAYA Jl. Abdul Fatah, RT.21/RW.05, Cinangneng, Kec.",IC-MASK,4 INCOM CARE SURGICAL MASK 4 PLY,40,BOX,50405.4,0.0,2016216.0,20928378.0,2302121.58,23230499.58,2023,8,2023-08
0076/JL/0823,2023-08-07,PL-0023,"PUSKESMAS TENJOLAYA Jl. Abdul Fatah, RT.21/RW.05, Cinangneng, Kec.",NEG-L,"NITRILE EXAMINATION GLOVES ""L""",50,BOX,126081.08,0.0,6304054.0,20928378.0,2302121.58,23230499.58,2023,8,2023-08
0076/JL/0823,2023-08-07,PL-0023,"PUSKESMAS TENJOLAYA Jl. Abdul Fatah, RT.21/RW.05, Cinangneng, Kec.",NEG-M,"NITRILE EXAMINATION GLOVES ""M""",50,BOX,126081.08,0.0,6304054.0,20928378.0,2302121.58,23230499.58,2023,8,2023-08
0076/JL/0823,2023-08-07,PL-0023,"PUSKESMAS TENJOLAYA Jl. Abdul Fatah, RT.21/RW.05, Cinangneng, Kec.",NEG-S,"NITRILE EXAMINATION GLOVES ""S""",50,BOX,126081.08,0.0,6304054.0,20928378.0,2302121.58,23230499.58,2023,8,2023-08
0077/JL/0823,2023-08-07,PL-0023,"PUSKESMAS TENJOLAYA Jl. Abdul Fatah, RT.21/RW.05, Cinangneng, Kec.",DIS,CLEAN ALKAZYME ENZYMATIC ALKALINE DISINFECTANT CLEANER,2,PAK,936891.89,0.0,1873783.78,2630315.29,289334.68,2919649.97,2023,8,2023-08
0077/JL/0823,2023-08-07,PL-0023,"PUSKESMAS TENJOLAYA Jl. Abdul Fatah, RT.21/RW.05, Cinangneng, Kec.",TC,HS 5 TWIN CARE HANDSANITIZER 5 LITER,4,GR,139594.59,0.0,558378.36,2630315.29,289334.68,2919649.97,2023,8,2023-08
0077/JL/0823,2023-08-07,PL-0023,"PUSKESMAS TENJOLAYA Jl. Abdul Fatah, RT.21/RW.05, Cinangneng, Kec.",VETO,5 VETO DISINFECTANT DRIGENT 5 LITER,1,GR,198153.15,0.0,198153.15,2630315.29,289334.68,2919649.97,2023,8,2023-08
0068/JL/0823,2023-08-09,PL-0029,PT. FOKUS SAHABAT,2121-0034-02,"INOCULATION LOOPS, FLEXIBLE, 10μL+INCORPORATED NEEDLE, ABS MATERIAL, BLUE COLOR. 1PC/PEEL-PK, GAMMA STERILE",10,BOX,450000.0,0.0,4500000.0,10600000.0,1166000.0,11766000.0,2023,8,2023-08
0068/JL/0823,2023-08-09,PL-0029,PT. FOKUS SAHABAT,4004-0105,"CYLINDRICAL TEST TUBE, PLAIN, VOL.3ML, 10X75MM, 0.8-1.0MM THICK, MEDIUM BOROSILICATE GLASS MATERIAL",5,CARTON,650000.0,0.0,3250000.0,10600000.0,1166000.0,11766000.0,2023,8,2023-08
0068/JL/0823,2023-08-09,PL-0029,PT. FOKUS SAHABAT,4320-0513,"PASTEUR PIPETTE, LDPE MATERIAL, CAP.7ML/155MM LONG, GRADUATED AT EVERY 1/2ML UP TO 3ML. INDIVIDUAL PEEL-PACK, E.O. STERILE",19,BOX,150000.0,0.0,2850000.0,10600000.0,1166000.0,11766000.0,2023,8,2023-08
0069/JL/0823,2023-08-09,PL-0001,RUMAH SAKIT YARSI,OTO-L,OTORO LATEX FREE POWDER ''L'',100,BOX,67567.57,0.0,6756757.0,27027028.0,2972973.08,30000001.08,2023,8,2023-08
0069/JL/0823,2023-08-09,PL-0001,RUMAH SAKIT YARSI,OTO-M,OTORO LATEX FREE POWDER ''M'',150,BOX,67567.57,0.0,10135135.5,27027028.0,2972973.08,30000001.08,2023,8,2023-08
0069/JL/0823,2023-08-09,PL-0001,RUMAH SAKIT YARSI,OTR-S,OTORO LATEX FREE POWDER ''S'',150,BOX,67567.57,0.0,10135135.5,27027028.0,2972973.08,30000001.08,2023,8,2023-08
0070/JL/0823,2023-08-11,PL-0029,PT. FOKUS SAHABAT,2121-0034-02,"INOCULATION LOOPS, FLEXIBLE, 10μL+INCORPORATED NEEDLE, ABS MATERIAL, BLUE COLOR. 1PC/PEEL-PK, GAMMA STERILE",5,BOX,450000.0,0.0,2250000.0,2250000.0,247500.0,2497500.0,2023,8,2023-08
0073/JL/0823,2023-08-28,PL-0029,PT. FOKUS SAHABAT,4004-1021,"CYLINDRICAL CULTURE TUBE, WITH DUAL- POSITION SNAP CAP IN PE MATERIAL (LOOSE FOR AEROBIC CULTURING, TIGHT FOR SEALING), TUBES IN PS MATERIAL. VOL.15ML/17X100MM, WITH GRADUATION AT EACH 1/2ML UP TO 12ML. INDIVIDUAL PEEL-PK, GAMMA STERILE",3,CARTON,1300000.0,0.0,3900000.0,3900000.0,429000.0,4329000.0,2023,8,2023-08
0072/JL/0823,2023-08-29,PL-0001,RUMAH SAKIT YARSI,OTO-L,OTORO LATEX FREE POWDER ''L'',150,BOX,67567.57,0.0,10135135.5,40540542.0,4459459.62,45000001.62,2023,8,2023-08
0072/JL/0823,2023-08-29,PL-0001,RUMAH SAKIT YARSI,OTO-M,OTORO LATEX FREE POWDER ''M'',200,BOX,67567.57,0.0,13513514.0,40540542.0,4459459.62,45000001.62,2023,8,2023-08
0072/JL/0823,2023-08-29,PL-0001,RUMAH SAKIT YARSI,OTR-S,OTORO LATEX FREE POWDER ''S'',250,BOX,67567.57,0.0,16891892.5,40540542.0,4459459.62,45000001.62,2023,8,2023-08
0078/JL/0823,2023-08-30,PL-0023,"PUSKESMAS TENJOLAYA Jl. Abdul Fatah, RT.21/RW.05, Cinangneng, Kec.",CCSYX,"REAGEN EIGHT CHECK CONTROL SYSMEX 3X1,5ML",1,BTL,1139639.63,0.0,1139639.63,11996035.99,1319563.96,13315599.95,2023,8,2023-08
0078/JL/0823,2023-08-30,PL-0023,"PUSKESMAS TENJOLAYA Jl. Abdul Fatah, RT.21/RW.05, Cinangneng, Kec.",CPS-001,CELL PACK SYSMEX 20L,1,BTL,2188738.73,0.0,2188738.73,11996035.99,1319563.96,13315599.95,2023,8,2023-08
0078/JL/0823,2023-08-30,PL-0023,"PUSKESMAS TENJOLAYA Jl. Abdul Fatah, RT.21/RW.05, Cinangneng, Kec.",SSSYX-01,STROMATOLYSER WH-500ML SYSMEX,3,BTL,1448378.37,0.0,4345135.11,11996035.99,1319563.96,13315599.95,2023,8,2023-08
0078/JL/0823,2023-08-30,PL-0023,"PUSKESMAS TENJOLAYA Jl. Abdul Fatah, RT.21/RW.05, Cinangneng, Kec.",WIDAL,"GLORY TESTDIAGNOSTICS WIDAL SET 8 ( O,H,AO,BO,CO,AH,BH,CH)",4,PAK,1080630.63,0.0,4322522.52,11996035.99,1319563.96,13315599.95,2023,8,2023-08
0079/JL/0923,2023-09-01,PL-0023,"PUSKESMAS TENJOLAYA Jl. Abdul Fatah, RT.21/RW.05, Cinangneng, Kec.",AS,ALKOHOL SWAB,65,BOX,20045.04,0.0,1302927.6,1977251.91,217497.71,2194749.62,2023,9,2023-09
0079/JL/0923,2023-09-01,PL-0023,"PUSKESMAS TENJOLAYA Jl. Abdul Fatah, RT.21/RW.05, Cinangneng, Kec.",EDTA-K3,MONOTES Vacuum Tube EDTA K3 PET Tube 3ML (13X75MM) Purple,3,BOX,224774.77,0.0,674324.31,1977251.91,217497.71,2194749.62,2023,9,2023-09
0080/JL/0923,2023-09-01,PL-0023,"PUSKESMAS TENJOLAYA Jl. Abdul Fatah, RT.21/RW.05, Cinangneng, Kec.",SCT,STRIP CHOLESTEROL,15,BOX,206756.75,0.0,3101351.25,4718468.35,519031.52,5237499.87,2023,9,2023-09
0080/JL/0923,2023-09-01,PL-0023,"PUSKESMAS TENJOLAYA Jl. Abdul Fatah, RT.21/RW.05, Cinangneng, Kec.",SHB,STRIP HEMOGOBLIN (HB),10,BOX,161711.71,0.0,1617117.1,4718468.35,519031.52,5237499.87,2023,9,2023-09
0071/JL/0923,2023-09-04,PL-0051,PT. KAWAN LANGGENG,2121-0030,"INOCULATION LOOPS, FLEXIBLE, 1μL+INCORPORATED NEEDLE, ABS MATERIAL, NEUTRAL COLOR. 1PC/PEEL-PK, GAMMA STERILE",2,BOX,450000.0,0.0,900000.0,2400000.0,264000.0,2664000.0,2023,9,2023-09
0071/JL/0923,2023-09-04,PL-0051,PT. KAWAN LANGGENG,2121-0034-02,"INOCULATION LOOPS, FLEXIBLE, 10μL+INCORPORATED NEEDLE, ABS MATERIAL, BLUE COLOR. 1PC/PEEL-PK, GAMMA STERILE",1,BOX,450000.0,0.0,450000.0,2400000.0,264000.0,2664000.0,2023,9,2023-09
0071/JL/0923,2023-09-04,PL-0051,PT. KAWAN LANGGENG,4004-0805,"CYLINDRICAL TEST TUBE, PLAIN, VOL.5ML/12X75MM, PS MATERIAL",1,CARTON,1000000.0,0.0,1000000.0,2400000.0,264000.0,2664000.0,2023,9,2023-09
0071/JL/0923,2023-09-04,PL-0051,PT. KAWAN LANGGENG,4330-0016-17,"Yellow Tips,VOL.200μl,Eppendorf/Universal type,PP material",1,BOX,50000.0,0.0,50000.0,2400000.0,264000.0,2664000.0,2023,9,2023-09
0081/JL/0923,2023-09-07,PL-0051,PT. KAWAN LANGGENG,4004-0805,"CYLINDRICAL TEST TUBE, PLAIN, VOL.5ML/12X75MM, PS MATERIAL",2,CARTON,1000000.0,0.0,2000000.0,2990000.0,328900.0,3318900.0,2023,9,2023-09
0081/JL/0923,2023-09-07,PL-0051,PT. KAWAN LANGGENG,4330-0016-17,"Yellow Tips,VOL.200μl,Eppendorf/Universal type,PP material",9,BOX,50000.0,0.0,450000.0,2990000.0,328900.0,3318900.0,2023,9,2023-09
0081/JL/0923,2023-09-07,PL-0051,PT. KAWAN LANGGENG,4330-0023,"Pipet Tips,eppendorf type,VOL.10μl,PP material,Natural color",9,POLYBAG,60000.0,0.0,540000.0,2990000.0,328900.0,3318900.0,2023,9,2023-09
0082/JL/0923,2023-09-07,PL-0034,PT. SILIWANGI,AII,SET AFF DAN INSERSI IUD,1,SET,1801801.8,0.0,1801801.8,1039075675.68,114298324.32,1153374000.0,2023,9,2023-09
0082/JL/0923,2023-09-07,PL-0034,PT. SILIWANGI,BBB,BOX BAYI BESI,10,UNIT,1171171.17,0.0,11711711.7,1039075675.68,114298324.32,1153374000.0,2023,9,2023-09
0082/JL/0923,2023-09-07,PL-0034,PT. SILIWANGI,BC,2 BED 2 CRANK MANUAL,56,UNIT,6756756.76,0.0,378378378.56,1039075675.68,114298324.32,1153374000.0,2023,9,2023-09
0082/JL/0923,2023-09-07,PL-0034,PT. SILIWANGI,BCM,3 BED 3 CRANK MANUAL,5,UNIT,8108108.11,0.0,40540540.55,1039075675.68,114298324.32,1153374000.0,2023,9,2023-09
0082/JL/0923,2023-09-07,PL-0034,PT. SILIWANGI,BDC,BED DECUBITUS,1,UNIT,990990.99,0.0,990990.99,1039075675.68,114298324.32,1153374000.0,2023,9,2023-09
0082/JL/0923,2023-09-07,PL-0034,PT. SILIWANGI,BDH,SET BEDAH,1,SET,7207207.21,0.0,7207207.21,1039075675.68,114298324.32,1153374000.0,2023,9,2023-09
0082/JL/0923,2023-09-07,PL-0034,PT. SILIWANGI,BOPM,BED OPERASI MANUAL,2,UNIT,57657657.66,0.0,115315315.32,1039075675.68,114298324.32,1153374000.0,2023,9,2023-09
0082/JL/0923,2023-09-07,PL-0034,PT. SILIWANGI,BSC,BED SIDE CABINET,61,UNIT,1441441.44,0.0,87927927.84,1039075675.68,114298324.32,1153374000.0,2023,9,2023-09
0082/JL/0923,2023-09-07,PL-0034,PT. SILIWANGI,CRPL,CURRATAGE PLACENTA,1,SET,1801801.8,0.0,1801801.8,1039075675.68,114298324.32,1153374000.0,2023,9,2023-09
0082/JL/0923,2023-09-07,PL-0034,PT. SILIWANGI,CRS,CURRATAGE SET,2,SET,1801801.8,0.0,3603603.6,1039075675.68,114298324.32,1153374000.0,2023,9,2023-09
0082/JL/0923,2023-09-07,PL-0034,PT. SILIWANGI,CTR,COUTER DOCTANZ 80 WATT,1,UNIT,25855855.86,0.0,25855855.86,1039075675.68,114298324.32,1153374000.0,2023,9,2023-09
0082/JL/0923,2023-09-07,PL-0034,PT. SILIWANGI,GV,SET GV,7,SET,360360.36,0.0,2522522.52,1039075675.68,114298324.32,1153374000.0,2023,9,2023-09
0082/JL/0923,2023-09-07,PL-0034,PT. SILIWANGI,HCG,SET HECTING,3,SET,3153153.15,0.0,9459459.45,1039075675.68,114298324.32,1153374000.0,2023,9,2023-09
0082/JL/0923,2023-09-07,PL-0034,PT. SILIWANGI,ICARE-30,EKG ICARE 30,1,UNIT,19819819.82,0.0,19819819.82,1039075675.68,114298324.32,1153374000.0,2023,9,2023-09
0082/JL/0923,2023-09-07,PL-0034,PT. SILIWANGI,IFW,INFANT WARMER,1,UNIT,25225225.23,0.0,25225225.23,1039075675.68,114298324.32,1153374000.0,2023,9,2023-09
0082/JL/0923,2023-09-07,PL-0034,PT. SILIWANGI,INTRSC,SET INSTRUMENT SC,2,SET,9009009.01,0.0,18018018.02,1039075675.68,114298324.32,1153374000.0,2023,9,2023-09
0082/JL/0923,2023-09-07,PL-0034,PT. SILIWANGI,IP,INFUS PUMP,1,UNIT,16216216.22,0.0,16216216.22,1039075675.68,114298324.32,1153374000.0,2023,9,2023-09
0082/JL/0923,2023-09-07,PL-0034,PT. SILIWANGI,KRR,KURSI RODA,2,UNIT,990990.99,0.0,1981981.98,1039075675.68,114298324.32,1153374000.0,2023,9,2023-09
0082/JL/0923,2023-09-07,PL-0034,PT. SILIWANGI,LPO-AV,LAMPU OPERASI,1,UNIT,54954954.95,0.0,54954954.95,1039075675.68,114298324.32,1153374000.0,2023,9,2023-09
0082/JL/0923,2023-09-07,PL-0034,PT. SILIWANGI,LS-100HD,AUTOCLAVE GEA LS-100HD,1,UNIT,53873873.87,0.0,53873873.87,1039075675.68,114298324.32,1153374000.0,2023,9,2023-09
0082/JL/0923,2023-09-07,PL-0034,PT. SILIWANGI,MSQ,SET MASQUITO,3,SET,2252252.25,0.0,6756756.75,1039075675.68,114298324.32,1153374000.0,2023,9,2023-09
0082/JL/0923,2023-09-07,PL-0034,PT. SILIWANGI,OB,MEJA MAYO/ OVER BED,61,UNIT,1441441.44,0.0,87927927.84,1039075675.68,114298324.32,1153374000.0,2023,9,2023-09
0082/JL/0923,2023-09-07,PL-0034,PT. SILIWANGI,PRS,PARTUS SET,2,SET,900900.9,0.0,1801801.8,1039075675.68,114298324.32,1153374000.0,2023,9,2023-09
0082/JL/0923,2023-09-07,PL-0034,PT. SILIWANGI,PSE,OX PULSE OXIMETER,1,UNIT,345045.05,0.0,345045.05,1039075675.68,114298324.32,1153374000.0,2023,9,2023-09
0082/JL/0923,2023-09-07,PL-0034,PT. SILIWANGI,SCP,SUCTION PUMP,1,UNIT,4954954.95,0.0,4954954.95,1039075675.68,114298324.32,1153374000.0,2023,9,2023-09
0082/JL/0923,2023-09-07,PL-0034,PT. SILIWANGI,SP,SYRINGE PUMP,1,UNIT,11531531.53,0.0,11531531.53,1039075675.68,114298324.32,1153374000.0,2023,9,2023-09
0082/JL/0923,2023-09-07,PL-0034,PT. SILIWANGI,THT,THT SET,1,SET,900900.9,0.0,900900.9,1039075675.68,114298324.32,1153374000.0,2023,9,2023-09
0082/JL/0923,2023-09-07,PL-0034,PT. SILIWANGI,TRL,2 TROLY 2 SUSUN STAINLESS,4,UNIT,900900.9,0.0,3603603.6,1039075675.68,114298324.32,1153374000.0,2023,9,2023-09
0082/JL/0923,2023-09-07,PL-0034,PT. SILIWANGI,VCMC,60 VACUM CUP 60 MM,1,UNIT,802702.74,0.0,802702.74,1039075675.68,114298324.32,1153374000.0,2023,9,2023-09
0082/JL/0923,2023-09-07,PL-0034,PT. SILIWANGI,YK-8000B,PATIEN MONITOR YONKER 8000B,3,UNIT,14414414.41,0.0,43243243.23,1039075675.68,114298324.32,1153374000.0,2023,9,2023-09
0083/JL/0923,2023-09-09,PL-0052,"PUSKESMAS SENTUL JL. Pintu 3 Sirkuit Sentul, Kadumangu, Kec. Babakan",3,CC SPUIT 3 CC,2,BOX,112612.61,0.0,225225.22,900900.94,99099.1,1000000.04,2023,9,2023-09
0083/JL/0923,2023-09-09,PL-0052,"PUSKESMAS SENTUL JL. Pintu 3 Sirkuit Sentul, Kadumangu, Kec. Babakan",5,CC SPUIT 5 CC,2,BOX,112612.61,0.0,225225.22,900900.94,99099.1,1000000.04,2023,9,2023-09
0083/JL/0923,2023-09-09,PL-0052,"PUSKESMAS SENTUL JL. Pintu 3 Sirkuit Sentul, Kadumangu, Kec. Babakan",AS,ALKOHOL SWAB,25,BOX,18018.02,0.0,450450.5,900900.94,99099.1,1000000.04,2023,9,2023-09
0084/JL/0923,2023-09-15,PL-0001,RUMAH SAKIT YARSI,OTO-M,OTORO LATEX FREE POWDER ''M'',200,BOX,67567.57,0.0,13513514.0,30405406.5,3344594.72,33750001.22,2023,9,2023-09
0084/JL/0923,2023-09-15,PL-0001,RUMAH SAKIT YARSI,OTR-S,OTORO LATEX FREE POWDER ''S'',250,BOX,67567.57,0.0,16891892.5,30405406.5,3344594.72,33750001.22,2023,9,2023-09
0086/JL/0923,2023-09-26,PL-0006,PUSKESMAS PABUARAN,SAU,STRIP ASAM URAT,6,BOX,112072.1,0.0,672432.6,4608468.52,434390.99,4383399.99,2023,9,2023-09
0086/JL/0923,2023-09-26,PL-0006,PUSKESMAS PABUARAN,SCT,STRIP CHOLESTEROL,10,BOX,197027.0,0.0,1970270.0,4608468.52,434390.99,4383399.99,2023,9,2023-09
0086/JL/0923,2023-09-26,PL-0006,PUSKESMAS PABUARAN,SGD,STRIP GULA DARAH,6,BOX,109909.92,0.0,659459.52,4608468.52,434390.99,4383399.99,2023,9,2023-09
0086/JL/0923,2023-09-26,PL-0006,PUSKESMAS PABUARAN,SGD,STRIP GULA DARAH,6,BOX,109909.92,0.0,659459.52,4608468.52,434390.99,4383399.99,2023,9,2023-09
0086/JL/0923,2023-09-26,PL-0006,PUSKESMAS PABUARAN,SHB,STRIP HEMOGOBLIN (HB),4,BOX,161711.72,0.0,646846.88,4608468.52,434390.99,4383399.99,2023,9,2023-09
0088/JL/1023,2023-10-02,PL-0001,RUMAH SAKIT YARSI,IC-YP,90A INCUBATOR GEA 2 PINTU YP-90A,3,UNIT,42365000.0,0.0,127095000.0,127095000.0,13980450.0,141075450.0,2023,10,2023-10
0091/JL/1023,2023-10-09,PL-0029,PT. FOKUS SAHABAT,4330-0004-02,"Blue Tips,VOL.1000μl,Eppendorf/Universal type,PP material BAG",37,ZIP-LOCK,45000.0,0.0,1665000.0,2265000.0,249150.0,2514150.0,2023,10,2023-10
0091/JL/1023,2023-10-09,PL-0029,PT. FOKUS SAHABAT,4330-0023,"Pipet Tips,eppendorf type,VOL.10μl,PP material,Natural color",10,POLYBAG,60000.0,0.0,600000.0,2265000.0,249150.0,2514150.0,2023,10,2023-10
0092/JL/1023,2023-10-13,PL-0029,PT. FOKUS SAHABAT,2121-0034-02,"INOCULATION LOOPS, FLEXIBLE, 10μL+INCORPORATED NEEDLE, ABS MATERIAL, BLUE COLOR. 1PC/PEEL-PK, GAMMA STERILE",9,BOX,450000.0,0.0,4050000.0,8550000.0,940500.0,9490500.0,2023,10,2023-10
0092/JL/1023,2023-10-13,PL-0029,PT. FOKUS SAHABAT,2303-1060,"PETRI DISHES, PS MATERIAL. DIA.60MM X 15MM. 1 ROOM/3 VENTS. E.O. STERILE.",3,CARTON,1500000.0,0.0,4500000.0,8550000.0,940500.0,9490500.0,2023,10,2023-10
0087/JL/1023,2023-10-15,PL-0054,PUSKESMAS Jl. Raya Bojonggede No. 27,AUTOSCOPE,AUTOSCOPE,2,UNIT,1346846.84,0.0,2693693.68,8549549.53,940450.45,9489999.98,2023,10,2023-10
0087/JL/1023,2023-10-15,PL-0054,PUSKESMAS Jl. Raya Bojonggede No. 27,HEM-7142T1,AUTOMATIC BLOOD PRESSURE MONITOR,4,UNIT,900900.9,0.0,3603603.6,8549549.53,940450.45,9489999.98,2023,10,2023-10
0087/JL/1023,2023-10-15,PL-0054,PUSKESMAS Jl. Raya Bojonggede No. 27,ZT-120,TIMBANGAN BADAN DAN PENGUKUR TINGGI,1,UNIT,2252252.25,0.0,2252252.25,8549549.53,940450.45,9489999.98,2023,10,2023-10
0089/JL/1023,2023-10-16,PL-0001,RUMAH SAKIT YARSI,OTO-L,OTORO LATEX FREE POWDER ''L'',150,BOX,67567.57,0.0,10135135.5,33783785.0,3716216.35,37500001.35,2023,10,2023-10
0089/JL/1023,2023-10-16,PL-0001,RUMAH SAKIT YARSI,OTO-M,OTORO LATEX FREE POWDER ''M'',150,BOX,67567.57,0.0,10135135.5,33783785.0,3716216.35,37500001.35,2023,10,2023-10
0089/JL/1023,2023-10-16,PL-0001,RUMAH SAKIT YARSI,OTR-S,OTORO LATEX FREE POWDER ''S'',200,BOX,67567.57,0.0,13513514.0,33783785.0,3716216.35,37500001.35,2023,10,2023-10
0096/JL/1023,2023-10-27,PL-0029,PT. FOKUS SAHABAT,2121-0034-02,"INOCULATION LOOPS, FLEXIBLE, 10μL+INCORPORATED NEEDLE, ABS MATERIAL, BLUE COLOR. 1PC/PEEL-PK, GAMMA STERILE",10,BOX,450000.0,0.0,4500000.0,4500000.0,495000.0,4995000.0,2023,10,2023-10
0095/JL/1023,2023-10-31,PL-0001,RUMAH SAKIT YARSI,OTO-M,OTORO LATEX FREE POWDER ''M'',200,BOX,67567.57,0.0,13513514.0,30405406.5,3344594.72,33750001.22,2023,10,2023-10
0095/JL/1023,2023-10-31,PL-0001,RUMAH SAKIT YARSI,OTR-S,OTORO LATEX FREE POWDER ''S'',250,BOX,67567.57,0.0,16891892.5,30405406.5,3344594.72,33750001.22,2023,10,2023-10
0090/JL/1023,2023-11-02,PL-0051,PT. KAWAN LANGGENG,4004-0805,"CYLINDRICAL TEST TUBE, PLAIN, VOL.5ML/12X75MM, PS MATERIAL",20,CARTON,1000000.0,0.0,20000000.0,21770000.0,2394700.0,24164700.0,2023,11,2023-11
0090/JL/1023,2023-11-02,PL-0051,PT. KAWAN LANGGENG,4004-0805,"CYLINDRICAL TEST TUBE, PLAIN, VOL.5ML/12X75MM, PS MATERIAL",6,POLYBAG,100000.0,0.0,600000.0,21770000.0,2394700.0,24164700.0,2023,11,2023-11
0090/JL/1023,2023-11-02,PL-0051,PT. KAWAN LANGGENG,4320-0511,"PASTEUR PIPETTE, LDPE MATERIAL, CAP.7ML/155MM LONG, GRADUATED AT EVERY 1/2ML UP TO 3ML",9,BOX,130000.0,0.0,1170000.0,21770000.0,2394700.0,24164700.0,2023,11,2023-11
0099/JL/1123,2023-11-14,PL-0001,RUMAH SAKIT YARSI,OTO-L,OTORO LATEX FREE POWDER ''L'',80,BOX,67567.56,0.0,5405404.8,26351348.4,2898648.32,29249996.72,2023,11,2023-11
0099/JL/1123,2023-11-14,PL-0001,RUMAH SAKIT YARSI,OTO-M,OTORO LATEX FREE POWDER ''M'',130,BOX,67567.56,0.0,8783782.8,26351348.4,2898648.32,29249996.72,2023,11,2023-11
0099/JL/1123,2023-11-14,PL-0001,RUMAH SAKIT YARSI,OTR-S,OTORO LATEX FREE POWDER ''S'',180,BOX,67567.56,0.0,12162160.8,26351348.4,2898648.32,29249996.72,2023,11,2023-11
0101/JL/1123,2023-11-20,PL-0029,PT. FOKUS SAHABAT,2121-0030,"INOCULATION LOOPS, FLEXIBLE, 1μL+INCORPORATED NEEDLE, ABS MATERIAL, NEUTRAL COLOR. 1PC/PEEL-PK, GAMMA STERILE INOCULATION LOOPS, FLEXIBLE, 1μL+INCORPORATED NEEDLE, ABS MATERIAL, No Transaksi TNaEnUgTgRaAlL COLORK. o1PdCe /PPEeEl.L-PK, GNAamMMa APelanggan Alamat STERILE",1,CARTON,4500000.0,0.0,4500000.0,16510000.0,1816100.0,18326100.0,2023,11,2023-11
0101/JL/1123,2023-11-20,PL-0029,PT. FOKUS SAHABAT,2121-0034-02,"INOCULATION LOOPS, FLEXIBLE, 10μL+INCORPORATED NEEDLE, ABS MATERIAL, BLUE COLOR. 1PC/PEEL-PK, GAMMA STERILE",2,CARTON,4500000.0,0.0,9000000.0,16510000.0,1816100.0,18326100.0,2023,11,2023-11
0101/JL/1123,2023-11-20,PL-0029,PT. FOKUS SAHABAT,4330-0012-02,"Blue Tips,Gilson/Universal type,VOL.1000μl,graduated at 100/250/500/100μl,PP material",1,CARTON,850000.0,0.0,850000.0,16510000.0,1816100.0,18326100.0,2023,11,2023-11
0101/JL/1123,2023-11-20,PL-0029,PT. FOKUS SAHABAT,4330-0016-17,"Yellow Tips,VOL.200μl,Eppendorf/Universal type,PP material",24,BOX,50000.0,0.0,1200000.0,16510000.0,1816100.0,18326100.0,2023,11,2023-11
0101/JL/1123,2023-11-20,PL-0029,PT. FOKUS SAHABAT,5600-0001,"SHARP CONTAINER, FOR CLINICAL WASTE, PP MATERIAL, RECTANGULAR SHAPE. LID IN TRANSPARENT COLOR, CONTAINER IN YELLOW COLOR, VOL.1L/ L105XW85XH180MM",1,CARTON,960000.0,0.0,960000.0,16510000.0,1816100.0,18326100.0,2023,11,2023-11
0100/JL/1123,2023-11-21,PL-0001,RUMAH SAKIT YARSI,SHMN-002,"SHAMROCK NITRILE EXAMINATION GLOVES POWDER FREE ""M""",20,BOX,81981.98,0.0,1639639.6,1639639.6,180360.36,1819999.96,2023,11,2023-11
0102/JL/1223,2023-12-01,PL-0056,"PUSKESMAS KARADENAN Jl. Raya Karadenan, RT.02/RW.04, Karadenan, Kec.",GCHB-001,HEMOGLOBIN TEST METER EASY TOUCH,2,UNIT,425675.67,0.0,851351.34,3460360.3,380639.63,3840999.93,2023,12,2023-12
0102/JL/1223,2023-12-01,PL-0056,"PUSKESMAS KARADENAN Jl. Raya Karadenan, RT.02/RW.04, Karadenan, Kec.",TMJ-001,TENSI METER JARUM MANUAL,8,UNIT,326126.12,0.0,2609008.96,3460360.3,380639.63,3840999.93,2023,12,2023-12
0106/JL/1223,2023-12-01,PL-0024,"PUSKESMAS CICANGKAL Jl. Raya Sukamanah, Taman Sari, Kec. Rumpin",SCT,STRIP CHOLESTEROL,19,BOX,202702.7,0.0,3851351.3,6418918.85,706081.07,7124999.92,2023,12,2023-12
0106/JL/1223,2023-12-01,PL-0024,"PUSKESMAS CICANGKAL Jl. Raya Sukamanah, Taman Sari, Kec. Rumpin",SHB,STRIP HEMOGOBLIN (HB),15,BOX,171171.17,0.0,2567567.55,6418918.85,706081.07,7124999.92,2023,12,2023-12
0107/JL/1223,2023-12-01,PL-0058,PUSKESMAS BOJONG,SCT,STRIP CHOLESTEROL,42,BOX,197072.07,0.0,8277026.94,8277026.94,910472.96,9187499.9,2023,12,2023-12
0115/JL/1223,2023-12-01,PL-0053,LABKESDA KAB BOGOR Jln. KSR Dedi Kusmayadi No. 27 B Kel. Tengah,ANTI,A ANTI A MONOCHLONAL,2,BTL,180180.18,0.0,360360.36,1621621.62,178378.38,1800000.0,2023,12,2023-12
0115/JL/1223,2023-12-01,PL-0053,LABKESDA KAB BOGOR Jln. KSR Dedi Kusmayadi No. 27 B Kel. Tengah,ANTI,AB ANTI AB MONOCHLONAL,2,BTL,180180.18,0.0,360360.36,1621621.62,178378.38,1800000.0,2023,12,2023-12
0115/JL/1223,2023-12-01,PL-0053,LABKESDA KAB BOGOR Jln. KSR Dedi Kusmayadi No. 27 B Kel. Tengah,ANTI,B ANTI B MONOCHLONAL,2,BTL,180180.18,0.0,360360.36,1621621.62,178378.38,1800000.0,2023,12,2023-12
0115/JL/1223,2023-12-01,PL-0053,LABKESDA KAB BOGOR Jln. KSR Dedi Kusmayadi No. 27 B Kel. Tengah,ANTI,D ANTI D MONOCHLONAL,2,BTL,270270.27,0.0,540540.54,1621621.62,178378.38,1800000.0,2023,12,2023-12
0118/JL/1223,2023-12-04,PL-0028,"RUMAH SAKIT UMUM Jl. Raya Inpres No.48, RT.9/RW.9, Kp. Tengah, Kec.",SP1,Water Tank 10lt Sparepart,3,PCS,4450000.0,0.0,13350000.0,19390000.0,2132900.0,21522900.0,2023,12,2023-12
0118/JL/1223,2023-12-04,PL-0028,"RUMAH SAKIT UMUM Jl. Raya Inpres No.48, RT.9/RW.9, Kp. Tengah, Kec.",SP2,Water Trap Filter Kompressor Sparepart Dental Unit,1,PCS,820000.0,0.0,820000.0,19390000.0,2132900.0,21522900.0,2023,12,2023-12
0118/JL/1223,2023-12-04,PL-0028,"RUMAH SAKIT UMUM Jl. Raya Inpres No.48, RT.9/RW.9, Kp. Tengah, Kec.",SP3,Handpiece Turbine Highspeed Sparepart Dental unit,1,PCS,5220000.0,0.0,5220000.0,19390000.0,2132900.0,21522900.0,2023,12,2023-12
0103/JL/1123,2023-12-05,PL-0001,RUMAH SAKIT YARSI,OTO-L,OTORO LATEX FREE POWDER ''L'',100,BOX,67567.57,0.0,6756757.0,27027028.0,2972973.08,30000001.08,2023,12,2023-12
0103/JL/1123,2023-12-05,PL-0001,RUMAH SAKIT YARSI,OTO-M,OTORO LATEX FREE POWDER ''M'',100,BOX,67567.57,0.0,6756757.0,27027028.0,2972973.08,30000001.08,2023,12,2023-12
0103/JL/1123,2023-12-05,PL-0001,RUMAH SAKIT YARSI,OTR-S,OTORO LATEX FREE POWDER ''S'',200,BOX,67567.57,0.0,13513514.0,27027028.0,2972973.08,30000001.08,2023,12,2023-12
0105/JL/1123,2023-12-05,PL-0001,RUMAH SAKIT YARSI,OTO-M,OTORO LATEX FREE POWDER ''M'',150,BOX,67567.57,0.0,10135135.5,27027028.0,2972973.08,30000001.08,2023,12,2023-12
0105/JL/1123,2023-12-05,PL-0001,RUMAH SAKIT YARSI,OTR-S,OTORO LATEX FREE POWDER ''S'',250,BOX,67567.57,0.0,16891892.5,27027028.0,2972973.08,30000001.08,2023,12,2023-12
0108/JL/1223,2023-12-11,PL-0059,PUSKESMAS,BTFS-001,BLOOD TRANSFUSION SET,100,PCS,17117.11,0.0,1711711.0,5691440.3,626058.43,6317498.73,2023,12,2023-12
0108/JL/1223,2023-12-11,PL-0059,PUSKESMAS,MRP,"1"" MICROPORE 1 INCH",60,PCS,25225.22,0.0,1513513.2,5691440.3,626058.43,6317498.73,2023,12,2023-12
0108/JL/1223,2023-12-11,PL-0059,PUSKESMAS,SCT,STRIP CHOLESTEROL,10,BOX,197072.07,0.0,1970720.7,5691440.3,626058.43,6317498.73,2023,12,2023-12
0108/JL/1223,2023-12-11,PL-0059,PUSKESMAS,UP-001,UNDERPAD,10,PAK,49549.54,0.0,495495.4,5691440.3,626058.43,6317498.73,2023,12,2023-12
0109/JL/1223,2023-12-11,PL-0006,PUSKESMAS PABUARAN,JPN-600,OMRON AUTOMATIC BLOOD PRESSURE MONITOR,1,UNIT,2252251.0,0.0,2252251.0,5529728.38,608270.12,6137998.5,2023,12,2023-12
0109/JL/1223,2023-12-11,PL-0006,PUSKESMAS PABUARAN,TBM,TIMBANGAN BADAN MANUAL,6,UNIT,189189.18,0.0,1135135.08,5529728.38,608270.12,6137998.5,2023,12,2023-12
0109/JL/1223,2023-12-11,PL-0006,PUSKESMAS PABUARAN,TMJ-001,TENSI METER JARUM MANUAL,5,UNIT,428468.46,0.0,2142342.3,5529728.38,608270.12,6137998.5,2023,12,2023-12
0110/JL/1223,2023-12-11,PL-0012,"PUSKESMAS Jl. Raya Rancabungur, Rancabungur, Kec. Ranca",1CC,SPUIT 1 CC,800,PCS,1238.73,0.0,990984.0,15031979.88,1653517.79,16685497.67,2023,12,2023-12
0110/JL/1223,2023-12-11,PL-0012,"PUSKESMAS Jl. Raya Rancabungur, Rancabungur, Kec. Ranca",3,CC SPUIT 3 CC,5,BOX,74324.32,0.0,371621.6,15031979.88,1653517.79,16685497.67,2023,12,2023-12
0110/JL/1223,2023-12-11,PL-0012,"PUSKESMAS Jl. Raya Rancabungur, Rancabungur, Kec. Ranca",4330-0004-02,"Blue Tips,VOL.1000μl,Eppendorf/Universal type,PP material BAG",1,ZIP-LOCK,103603.6,0.0,103603.6,15031979.88,1653517.79,16685497.67,2023,12,2023-12
0110/JL/1223,2023-12-11,PL-0012,"PUSKESMAS Jl. Raya Rancabungur, Rancabungur, Kec. Ranca",CVG-0045,COVER GLASS,4,BOX,24324.32,0.0,97297.28,15031979.88,1653517.79,16685497.67,2023,12,2023-12
0110/JL/1223,2023-12-11,PL-0012,"PUSKESMAS Jl. Raya Rancabungur, Rancabungur, Kec. Ranca",EDTA-K3,MONOTES Vacuum Tube EDTA K3 PET Tube 3ML (13X75MM) Purple,3,BOX,162162.16,0.0,486486.48,15031979.88,1653517.79,16685497.67,2023,12,2023-12
0110/JL/1223,2023-12-11,PL-0012,"PUSKESMAS Jl. Raya Rancabungur, Rancabungur, Kec. Ranca",FC16,FOLEY CHATETER NO 16,20,PCS,18648.64,0.0,372972.8,15031979.88,1653517.79,16685497.67,2023,12,2023-12
0110/JL/1223,2023-12-11,PL-0012,"PUSKESMAS Jl. Raya Rancabungur, Rancabungur, Kec. Ranca",GD-BD100,REAGENT GLORY BILIRUBIN (Direct),1,BTL,611711.71,0.0,611711.71,15031979.88,1653517.79,16685497.67,2023,12,2023-12
0110/JL/1223,2023-12-11,PL-0012,"PUSKESMAS Jl. Raya Rancabungur, Rancabungur, Kec. Ranca",GD-BT200,REAGENT GLORY BILIRUBIN (Total),1,BTL,737837.84,0.0,737837.84,15031979.88,1653517.79,16685497.67,2023,12,2023-12
0110/JL/1223,2023-12-11,PL-0012,"PUSKESMAS Jl. Raya Rancabungur, Rancabungur, Kec. Ranca",GD-TG100,REAGENT GLORY TRIGLYCERIDES,1,BTL,1463063.07,0.0,1463063.07,15031979.88,1653517.79,16685497.67,2023,12,2023-12
0110/JL/1223,2023-12-11,PL-0012,"PUSKESMAS Jl. Raya Rancabungur, Rancabungur, Kec. Ranca",GD-UR100,REAGENT GLORY UREA,1,BTL,963071.0,0.0,963071.0,15031979.88,1653517.79,16685497.67,2023,12,2023-12
0110/JL/1223,2023-12-11,PL-0012,"PUSKESMAS Jl. Raya Rancabungur, Rancabungur, Kec. Ranca",IV,20G IV CHATETER NO 20G,30,PCS,5788.28,0.0,173648.4,15031979.88,1653517.79,16685497.67,2023,12,2023-12
0110/JL/1223,2023-12-11,PL-0012,"PUSKESMAS Jl. Raya Rancabungur, Rancabungur, Kec. Ranca",IV,22G IV CHATETER NO 22G,30,PCS,5788.28,0.0,173648.4,15031979.88,1653517.79,16685497.67,2023,12,2023-12
0110/JL/1223,2023-12-11,PL-0012,"PUSKESMAS Jl. Raya Rancabungur, Rancabungur, Kec. Ranca",ONEMED,APRON ONE ISI 10 PCS,10,BOX,24842.34,0.0,248423.4,15031979.88,1653517.79,16685497.67,2023,12,2023-12
0110/JL/1223,2023-12-11,PL-0012,"PUSKESMAS Jl. Raya Rancabungur, Rancabungur, Kec. Ranca",ONEMED-CATGUT,"Catgut Chromic Uk. 3/0, HR-27, Tapper 75cm 3",20,PCS,31531.53,0.0,630630.6,15031979.88,1653517.79,16685497.67,2023,12,2023-12
0110/JL/1223,2023-12-11,PL-0012,"PUSKESMAS Jl. Raya Rancabungur, Rancabungur, Kec. Ranca",PE,H PE HITAM K 100 X 120 X 05 100X120X5 No TraPnEs aHksi Tanggal Kode Pel. Nama Pelanggan Alamat 100X120X5,10,KG,28828.83,0.0,288288.3,15031979.88,1653517.79,16685497.67,2023,12,2023-12
0110/JL/1223,2023-12-11,PL-0012,"PUSKESMAS Jl. Raya Rancabungur, Rancabungur, Kec. Ranca",PE,K 60X100X5 PE KUNING 60 X 100 X 05,5,KG,86081.08,0.0,430405.4,15031979.88,1653517.79,16685497.67,2023,12,2023-12
0110/JL/1223,2023-12-11,PL-0012,"PUSKESMAS Jl. Raya Rancabungur, Rancabungur, Kec. Ranca",PU,50 POT URINE 50 CC,300,BTL,2117.11,0.0,635133.0,15031979.88,1653517.79,16685497.67,2023,12,2023-12
0110/JL/1223,2023-12-11,PL-0012,"PUSKESMAS Jl. Raya Rancabungur, Rancabungur, Kec. Ranca",SCT,STRIP CHOLESTEROL,20,BOX,206306.3,0.0,4126126.0,15031979.88,1653517.79,16685497.67,2023,12,2023-12
0110/JL/1223,2023-12-11,PL-0012,"PUSKESMAS Jl. Raya Rancabungur, Rancabungur, Kec. Ranca",UP-001,UNDERPAD,30,PAK,50090.09,0.0,1502702.7,15031979.88,1653517.79,16685497.67,2023,12,2023-12
0110/JL/1223,2023-12-11,PL-0012,"PUSKESMAS Jl. Raya Rancabungur, Rancabungur, Kec. Ranca",URS-10T,URINE STRIP 10U,3,BTL,208108.1,0.0,624324.3,15031979.88,1653517.79,16685497.67,2023,12,2023-12
0112/JL/1223,2023-12-11,PL-0059,PUSKESMAS,NC16,NELATON CHATETER NO 16,50,PCS,26126.13,0.0,1306306.5,2612613.0,287387.43,2900000.43,2023,12,2023-12
0112/JL/1223,2023-12-11,PL-0059,PUSKESMAS,NC18,NELATON CHATETER NO 18,50,PCS,26126.13,0.0,1306306.5,2612613.0,287387.43,2900000.43,2023,12,2023-12
0113/JL/1223,2023-12-11,PL-0059,PUSKESMAS,FC16,FOLEY CHATETER NO 16,50,PCS,11644.14,0.0,582207.0,2389864.8,262885.13,2652749.93,2023,12,2023-12
0113/JL/1223,2023-12-11,PL-0059,PUSKESMAS,FC18,FOLEY CHATETER NO 18,100,PCS,11644.14,0.0,1164414.0,2389864.8,262885.13,2652749.93,2023,12,2023-12
0113/JL/1223,2023-12-11,PL-0059,PUSKESMAS,PRK,PLESTER ROLL KECIL,60,PCS,10720.73,0.0,643243.8,2389864.8,262885.13,2652749.93,2023,12,2023-12
0119/JL/1223,2023-12-11,PL-0028,"RUMAH SAKIT UMUM Jl. Raya Inpres No.48, RT.9/RW.9, Kp. Tengah, Kec.",SV-006,Pemeliharaan Dental Unit Merk Ritter,1,PAKET,6840000.0,0.0,6840000.0,6840000.0,752400.0,7592400.0,2023,12,2023-12
0111/JL/1223,2023-12-12,PL-0001,RUMAH SAKIT YARSI,OTO-L,OTORO LATEX FREE POWDER ''L'',100,BOX,67567.57,0.0,6756757.0,23648649.5,2601351.44,26250000.94,2023,12,2023-12
0111/JL/1223,2023-12-12,PL-0001,RUMAH SAKIT YARSI,OTO-M,OTORO LATEX FREE POWDER ''M'',100,BOX,67567.57,0.0,6756757.0,23648649.5,2601351.44,26250000.94,2023,12,2023-12
0111/JL/1223,2023-12-12,PL-0001,RUMAH SAKIT YARSI,OTR-S,OTORO LATEX FREE POWDER ''S'',150,BOX,67567.57,0.0,10135135.5,23648649.5,2601351.44,26250000.94,2023,12,2023-12
0116/JL/1223,2023-12-14,PL-0021,"PUSKESMAS CIASMARA Jl. KH. Abdul Hamid No.Km. 15, RT.01/RW.07",SAU,STRIP ASAM URAT,30,BOX,135135.13,0.0,4054053.9,16950449.86,1864549.48,18814999.34,2023,12,2023-12
0116/JL/1223,2023-12-14,PL-0021,"PUSKESMAS CIASMARA Jl. KH. Abdul Hamid No.Km. 15, RT.01/RW.07",SCT,STRIP CHOLESTEROL,30,BOX,196846.84,0.0,5905405.2,16950449.86,1864549.48,18814999.34,2023,12,2023-12
0116/JL/1223,2023-12-14,PL-0021,"PUSKESMAS CIASMARA Jl. KH. Abdul Hamid No.Km. 15, RT.01/RW.07",SGD,STRIP GULA DARAH,20,BOX,109909.9,0.0,2198198.0,16950449.86,1864549.48,18814999.34,2023,12,2023-12
0116/JL/1223,2023-12-14,PL-0021,"PUSKESMAS CIASMARA Jl. KH. Abdul Hamid No.Km. 15, RT.01/RW.07",SHB,STRIP HEMOGOBLIN (HB),28,BOX,171171.17,0.0,4792792.76,16950449.86,1864549.48,18814999.34,2023,12,2023-12
0117/JL/1223,2023-12-14,PL-0021,"PUSKESMAS CIASMARA Jl. KH. Abdul Hamid No.Km. 15, RT.01/RW.07",1CC,SPUIT 1 CC,15,BOX,123873.87,0.0,1858108.05,7540540.15,829459.42,8369999.57,2023,12,2023-12
0117/JL/1223,2023-12-14,PL-0021,"PUSKESMAS CIASMARA Jl. KH. Abdul Hamid No.Km. 15, RT.01/RW.07",3,CC SPUIT 3 CC,30,BOX,74324.32,0.0,2229729.6,7540540.15,829459.42,8369999.57,2023,12,2023-12
0117/JL/1223,2023-12-14,PL-0021,"PUSKESMAS CIASMARA Jl. KH. Abdul Hamid No.Km. 15, RT.01/RW.07",AS,ALKOHOL SWAB,250,BOX,13810.81,0.0,3452702.5,7540540.15,829459.42,8369999.57,2023,12,2023-12
0085/JL/1223,2023-12-22,PL-0053,LABKESDA KAB BOGOR Jln. KSR Dedi Kusmayadi No. 27 B Kel. Tengah,4330-0004-02,"Blue Tips,VOL.1000μl,Eppendorf/Universal type,PP material BAG",5,ZIP-LOCK,314414.41,0.0,1572072.05,16477026.19,1812472.88,18289499.07,2023,12,2023-12
0085/JL/1223,2023-12-22,PL-0053,LABKESDA KAB BOGOR Jln. KSR Dedi Kusmayadi No. 27 B Kel. Tengah,4330-0016-17,"Yellow Tips,VOL.200μl,Eppendorf/Universal type,PP material",5,BOX,268468.46,0.0,1342342.3,16477026.19,1812472.88,18289499.07,2023,12,2023-12
0085/JL/1223,2023-12-22,PL-0053,LABKESDA KAB BOGOR Jln. KSR Dedi Kusmayadi No. 27 B Kel. Tengah,BS,120 DISPOSIBLE CUVETTES BS 120 (250 CUVETTE@5SEGMENT),1,BOX,3689189.18,0.0,3689189.18,16477026.19,1812472.88,18289499.07,2023,12,2023-12
0085/JL/1223,2023-12-22,PL-0053,LABKESDA KAB BOGOR Jln. KSR Dedi Kusmayadi No. 27 B Kel. Tengah,CVG-0045,COVER GLASS,2,BOX,24774.77,0.0,49549.54,16477026.19,1812472.88,18289499.07,2023,12,2023-12
0085/JL/1223,2023-12-22,PL-0053,LABKESDA KAB BOGOR Jln. KSR Dedi Kusmayadi No. 27 B Kel. Tengah,FT2-20,"FILTER TIPS 2-20µl STERILE, 10 RAKS OF 96 TIP",1,BOX,3153153.15,0.0,3153153.15,16477026.19,1812472.88,18289499.07,2023,12,2023-12
0085/JL/1223,2023-12-22,PL-0053,LABKESDA KAB BOGOR Jln. KSR Dedi Kusmayadi No. 27 B Kel. Tengah,FT2-200,"FILTER TIPS 2-200µl STERILE, 10 RAKS OF 96 TIPS",1,BOX,3153153.15,0.0,3153153.15,16477026.19,1812472.88,18289499.07,2023,12,2023-12
0085/JL/1223,2023-12-22,PL-0053,LABKESDA KAB BOGOR Jln. KSR Dedi Kusmayadi No. 27 B Kel. Tengah,MSK3-OMD,MASKER 3 PLY ONEMED,15,BOX,49549.54,0.0,743243.1,16477026.19,1812472.88,18289499.07,2023,12,2023-12
0085/JL/1223,2023-12-22,PL-0053,LABKESDA KAB BOGOR Jln. KSR Dedi Kusmayadi No. 27 B Kel. Tengah,OBG,OBJEK GLASS,5,BOX,16666.66,0.0,83333.3,16477026.19,1812472.88,18289499.07,2023,12,2023-12
0085/JL/1223,2023-12-22,PL-0053,LABKESDA KAB BOGOR Jln. KSR Dedi Kusmayadi No. 27 B Kel. Tengah,PLMS,PLASTIK MEDIS INFEKSIUS 100x120cm,40,PAK,28828.82,0.0,1153152.8,16477026.19,1812472.88,18289499.07,2023,12,2023-12
0085/JL/1223,2023-12-22,PL-0053,LABKESDA KAB BOGOR Jln. KSR Dedi Kusmayadi No. 27 B Kel. Tengah,TCH-500,TWIN CARE HANDSANITIZER 500 ML PUMP,24,BTL,38738.73,0.0,929729.52,16477026.19,1812472.88,18289499.07,2023,12,2023-12
0085/JL/1223,2023-12-22,PL-0053,LABKESDA KAB BOGOR Jln. KSR Dedi Kusmayadi No. 27 B Kel. Tengah,URS-10T,URINE STRIP 10U,3,BTL,202702.7,0.0,608108.1,16477026.19,1812472.88,18289499.07,2023,12,2023-12
0114/JL/1223,2023-12-22,PL-0053,LABKESDA KAB BOGOR Jln. KSR Dedi Kusmayadi No. 27 B Kel. Tengah,1710001,FORTRESS Widal Test control positif and negatif,5,SET,223423.43,0.0,1117117.15,24046936.27,2645162.99,26692099.26,2023,12,2023-12
0114/JL/1223,2023-12-22,PL-0053,LABKESDA KAB BOGOR Jln. KSR Dedi Kusmayadi No. 27 B Kel. Tengah,2121-0034-02,"INOCULATION LOOPS, FLEXIBLE, 10μL+INCORPORATED NEEDLE, ABS MATERIAL, BLUE COLOR. 1PC/PEEL-PK, GAMMA STERILE",25,PAK,17117.11,0.0,427927.75,24046936.27,2645162.99,26692099.26,2023,12,2023-12
0114/JL/1223,2023-12-22,PL-0053,LABKESDA KAB BOGOR Jln. KSR Dedi Kusmayadi No. 27 B Kel. Tengah,2122-0022,MICROBIAL COLLECTION SWAB Diam 2.2mm x 150mm Cotton Head Polystyrene Individual Peel Pack Gamma Sterile 500/Pack,1,PAK,1531531.53,0.0,1531531.53,24046936.27,2645162.99,26692099.26,2023,12,2023-12
0114/JL/1223,2023-12-22,PL-0053,LABKESDA KAB BOGOR Jln. KSR Dedi Kusmayadi No. 27 B Kel. Tengah,7982101,HEALGEN 1/2 ONE STEP RAPID TEST CASSETTE BOX@25 PCS,12,BOX,199324.32,0.0,2391891.84,24046936.27,2645162.99,26692099.26,2023,12,2023-12
0114/JL/1223,2023-12-22,PL-0053,LABKESDA KAB BOGOR Jln. KSR Dedi Kusmayadi No. 27 B Kel. Tengah,7982201,HEALGEN HCV Rapid Test Cassette Box@25 pcs,2,BOX,310810.81,0.0,621621.62,24046936.27,2645162.99,26692099.26,2023,12,2023-12
0114/JL/1223,2023-12-22,PL-0053,LABKESDA KAB BOGOR Jln. KSR Dedi Kusmayadi No. 27 B Kel. Tengah,7982501,HEALGEN HBSAG TEST CASSETTE BOX@25 PCS,12,BOX,184459.45,0.0,2213513.4,24046936.27,2645162.99,26692099.26,2023,12,2023-12
0114/JL/1223,2023-12-22,PL-0053,LABKESDA KAB BOGOR Jln. KSR Dedi Kusmayadi No. 27 B Kel. Tengah,AS,20L AIR SULING 20 LITER,20,JERIGEN,259459.45,0.0,5189189.0,24046936.27,2645162.99,26692099.26,2023,12,2023-12
0114/JL/1223,2023-12-22,PL-0053,LABKESDA KAB BOGOR Jln. KSR Dedi Kusmayadi No. 27 B Kel. Tengah,CS,COTTON SWAB,3,PAK,1531531.53,0.0,4594594.59,24046936.27,2645162.99,26692099.26,2023,12,2023-12
0114/JL/1223,2023-12-22,PL-0053,LABKESDA KAB BOGOR Jln. KSR Dedi Kusmayadi No. 27 B Kel. Tengah,CT004,CENTRIFUGE TUBE 15 ML,5,PAK,89189.18,0.0,445945.9,24046936.27,2645162.99,26692099.26,2023,12,2023-12
0114/JL/1223,2023-12-22,PL-0053,LABKESDA KAB BOGOR Jln. KSR Dedi Kusmayadi No. 27 B Kel. Tengah,HAEMO,SET HAEMOCYTOMETER SET,1,PCS,587387.38,0.0,587387.38,24046936.27,2645162.99,26692099.26,2023,12,2023-12
0114/JL/1223,2023-12-22,PL-0053,LABKESDA KAB BOGOR Jln. KSR Dedi Kusmayadi No. 27 B Kel. Tengah,LASF20,LARUTAN ASAM SULFOSALISILAT 20%,1,BTL,283783.78,0.0,283783.78,24046936.27,2645162.99,26692099.26,2023,12,2023-12
0114/JL/1223,2023-12-22,PL-0053,LABKESDA KAB BOGOR Jln. KSR Dedi Kusmayadi No. 27 B Kel. Tengah,NEDDLE,26G NEDDLE NO 26G,3,BOX,149369.36,0.0,448108.08,24046936.27,2645162.99,26692099.26,2023,12,2023-12
0114/JL/1223,2023-12-22,PL-0053,LABKESDA KAB BOGOR Jln. KSR Dedi Kusmayadi No. 27 B Kel. Tengah,PEWARNA,ZN PEWARNA ZIEHL NEELSEN,3,BTL,130630.63,0.0,391891.89,24046936.27,2645162.99,26692099.26,2023,12,2023-12
0114/JL/1223,2023-12-22,PL-0053,LABKESDA KAB BOGOR Jln. KSR Dedi Kusmayadi No. 27 B Kel. Tengah,PEWARNA,PEWARNA GRAM GRAM,1,BTL,269369.36,0.0,269369.36,24046936.27,2645162.99,26692099.26,2023,12,2023-12
0114/JL/1223,2023-12-22,PL-0053,LABKESDA KAB BOGOR Jln. KSR Dedi Kusmayadi No. 27 B Kel. Tengah,SMSDM,SM SEDIMEN,1,BTL,88918.91,0.0,88918.91,24046936.27,2645162.99,26692099.26,2023,12,2023-12
0114/JL/1223,2023-12-22,PL-0053,LABKESDA KAB BOGOR Jln. KSR Dedi Kusmayadi No. 27 B Kel. Tengah,WIDAL-02,"FORTRESS Widal Test (S. typhi H, O, S. para typhi A(H), B(H), A(O), B(O), C(H), dan C(O), with control positif and negatif",5,SET,670270.26,0.0,3351351.3,24046936.27,2645162.99,26692099.26,2023,12,2023-12
0120/JL/1223,2023-12-23,PL-0023,"PUSKESMAS TENJOLAYA Jl. Abdul Fatah, RT.21/RW.05, Cinangneng, Kec.",ARI,TIMER RESPIRATORY RATE TIMER,1,UNIT,1081081.08,0.0,1081081.08,19980585.5,2197864.4,22178449.9,2023,12,2023-12
0120/JL/1223,2023-12-23,PL-0023,"PUSKESMAS TENJOLAYA Jl. Abdul Fatah, RT.21/RW.05, Cinangneng, Kec.",AUTOSCOPE,AUTOSCOPE,1,UNIT,1049549.54,0.0,1049549.54,19980585.5,2197864.4,22178449.9,2023,12,2023-12
0120/JL/1223,2023-12-23,PL-0023,"PUSKESMAS TENJOLAYA Jl. Abdul Fatah, RT.21/RW.05, Cinangneng, Kec.",EGT,EMERGENCY TROLLEY,1,UNIT,8558558.55,0.0,8558558.55,19980585.5,2197864.4,22178449.9,2023,12,2023-12
0120/JL/1223,2023-12-23,PL-0023,"PUSKESMAS TENJOLAYA Jl. Abdul Fatah, RT.21/RW.05, Cinangneng, Kec.",JPN-600,OMRON AUTOMATIC BLOOD PRESSURE MONITOR,1,UNIT,1831486.48,0.0,1831486.48,19980585.5,2197864.4,22178449.9,2023,12,2023-12
0120/JL/1223,2023-12-23,PL-0023,"PUSKESMAS TENJOLAYA Jl. Abdul Fatah, RT.21/RW.05, Cinangneng, Kec.",KIT,INTUBASI KIT INTUBASI,1,UNIT,4263063.06,0.0,4263063.06,19980585.5,2197864.4,22178449.9,2023,12,2023-12
0120/JL/1223,2023-12-23,PL-0023,"PUSKESMAS TENJOLAYA Jl. Abdul Fatah, RT.21/RW.05, Cinangneng, Kec.",PENLIGHT,PENLIGHT DELUXE ABN,2,PCS,450450.45,0.0,900900.9,19980585.5,2197864.4,22178449.9,2023,12,2023-12
0120/JL/1223,2023-12-23,PL-0023,"PUSKESMAS TENJOLAYA Jl. Abdul Fatah, RT.21/RW.05, Cinangneng, Kec.",PSE,OXA PULSE OXYMETER ANAK,1,PCS,270270.27,0.0,270270.27,19980585.5,2197864.4,22178449.9,2023,12,2023-12
0120/JL/1223,2023-12-23,PL-0023,"PUSKESMAS TENJOLAYA Jl. Abdul Fatah, RT.21/RW.05, Cinangneng, Kec.",THERM,TERMOMETER HEAD YUWELL YHW 1 YUWELL,5,UNIT,209909.9,0.0,1049549.5,19980585.5,2197864.4,22178449.9,2023,12,2023-12
0120/JL/1223,2023-12-23,PL-0023,"PUSKESMAS TENJOLAYA Jl. Abdul Fatah, RT.21/RW.05, Cinangneng, Kec.",THERM,STAND THERMOMETER INFRARED STANDING,1,UNIT,976126.12,0.0,976126.12,19980585.5,2197864.4,22178449.9,2023,12,2023-12
0121/JL/1223,2023-12-23,PL-0014,"PUSKESMAS CIAMPEA Jl. Raya Cibuntu No.40, Cibuntu, Kec. Ciampea",1CC,SPUIT 1 CC,10,BOX,126126.12,0.0,1261261.2,27012065.53,2971327.21,29983392.74,2023,12,2023-12
0121/JL/1223,2023-12-23,PL-0014,"PUSKESMAS CIAMPEA Jl. Raya Cibuntu No.40, Cibuntu, Kec. Ciampea",3,CC SPUIT 3 CC,15,BOX,76576.57,0.0,1148648.55,27012065.53,2971327.21,29983392.74,2023,12,2023-12
0121/JL/1223,2023-12-23,PL-0014,"PUSKESMAS CIAMPEA Jl. Raya Cibuntu No.40, Cibuntu, Kec. Ciampea",AKHL,70% 1L ALKOHOL 70% 1 LITER,10,BTL,40495.49,0.0,404954.9,27012065.53,2971327.21,29983392.74,2023,12,2023-12
0121/JL/1223,2023-12-23,PL-0014,"PUSKESMAS CIAMPEA Jl. Raya Cibuntu No.40, Cibuntu, Kec. Ciampea",FC16,FOLEY CHATETER NO 16,20,PCS,30945.94,0.0,618918.8,27012065.53,2971327.21,29983392.74,2023,12,2023-12
0121/JL/1223,2023-12-23,PL-0014,"PUSKESMAS CIAMPEA Jl. Raya Cibuntu No.40, Cibuntu, Kec. Ciampea",FC18,FOLEY CHATETER NO 18,20,PCS,31891.89,0.0,637837.8,27012065.53,2971327.21,29983392.74,2023,12,2023-12
0121/JL/1223,2023-12-23,PL-0014,"PUSKESMAS CIAMPEA Jl. Raya Cibuntu No.40, Cibuntu, Kec. Ciampea",IFSD,INFUS SET DEWASA,400,PCS,11171.17,0.0,4468468.0,27012065.53,2971327.21,29983392.74,2023,12,2023-12
0121/JL/1223,2023-12-23,PL-0014,"PUSKESMAS CIAMPEA Jl. Raya Cibuntu No.40, Cibuntu, Kec. Ciampea",ISOPORE,1/2 SURGICAL TAPE PLESTER ISOPORE 1/2 INC INC,6,BOX,137207.2,0.0,823243.2,27012065.53,2971327.21,29983392.74,2023,12,2023-12
0121/JL/1223,2023-12-23,PL-0014,"PUSKESMAS CIAMPEA Jl. Raya Cibuntu No.40, Cibuntu, Kec. Ciampea",IV,18G IV CHATETER NO 18G,200,PCS,9864.86,0.0,1972972.0,27012065.53,2971327.21,29983392.74,2023,12,2023-12
0121/JL/1223,2023-12-23,PL-0014,"PUSKESMAS CIAMPEA Jl. Raya Cibuntu No.40, Cibuntu, Kec. Ciampea",IV,20G IV CHATETER NO 20G,100,PCS,9864.86,0.0,986486.0,27012065.53,2971327.21,29983392.74,2023,12,2023-12
0121/JL/1223,2023-12-23,PL-0014,"PUSKESMAS CIAMPEA Jl. Raya Cibuntu No.40, Cibuntu, Kec. Ciampea",IV,22G IV CHATETER NO 22G,300,PCS,9864.86,0.0,2959458.0,27012065.53,2971327.21,29983392.74,2023,12,2023-12
0121/JL/1223,2023-12-23,PL-0014,"PUSKESMAS CIAMPEA Jl. Raya Cibuntu No.40, Cibuntu, Kec. Ciampea",IV,24G IV CHATETER NO 24G,200,PCS,9819.81,0.0,1963962.0,27012065.53,2971327.21,29983392.74,2023,12,2023-12
0121/JL/1223,2023-12-23,PL-0014,"PUSKESMAS CIAMPEA Jl. Raya Cibuntu No.40, Cibuntu, Kec. Ciampea",MND-,MASKER NEBULIZER DEWASA ONEHEALTH ONEHEALTH,20,PCS,44954.95,0.0,899099.0,27012065.53,2971327.21,29983392.74,2023,12,2023-12
0121/JL/1223,2023-12-23,PL-0014,"PUSKESMAS CIAMPEA Jl. Raya Cibuntu No.40, Cibuntu, Kec. Ciampea",NCOA-,NASAL CANUL OXYGEN ANAK ONEHEALTH ONEHEALTH,10,PCS,6711.71,0.0,67117.1,27012065.53,2971327.21,29983392.74,2023,12,2023-12
0121/JL/1223,2023-12-23,PL-0014,"PUSKESMAS CIAMPEA Jl. Raya Cibuntu No.40, Cibuntu, Kec. Ciampea",OTO-M,OTORO LATEX FREE POWDER ''M'',30,BOX,49774.77,0.0,1493243.1,27012065.53,2971327.21,29983392.74,2023,12,2023-12
0121/JL/1223,2023-12-23,PL-0014,"PUSKESMAS CIAMPEA Jl. Raya Cibuntu No.40, Cibuntu, Kec. Ciampea",ONEMED-CATGUT,"Catgut Chromic Uk. 2/0, HR-27, Tapper 75cm 2",12,BOX,121531.53,0.0,1458378.36,27012065.53,2971327.21,29983392.74,2023,12,2023-12
0121/JL/1223,2023-12-23,PL-0014,"PUSKESMAS CIAMPEA Jl. Raya Cibuntu No.40, Cibuntu, Kec. Ciampea",PLESTER,ROL PLESTERIN ROL 5 CM X 5 CM 5X5,20,BOX,33063.06,0.0,661261.2,27012065.53,2971327.21,29983392.74,2023,12,2023-12
0121/JL/1223,2023-12-23,PL-0014,"PUSKESMAS CIAMPEA Jl. Raya Cibuntu No.40, Cibuntu, Kec. Ciampea",SSC,8 SELANG SUCTION CHATETER NO.8,10,PCS,6711.71,0.0,67117.1,27012065.53,2971327.21,29983392.74,2023,12,2023-12
0121/JL/1223,2023-12-23,PL-0014,"PUSKESMAS CIAMPEA Jl. Raya Cibuntu No.40, Cibuntu, Kec. Ciampea",SURGICAL,SURGICAL TAPE PLESTER ISOPORE 1 INC TAPE PLESTER ISOPORE 1 INC,10,BOX,137207.2,0.0,1372072.0,27012065.53,2971327.21,29983392.74,2023,12,2023-12
0121/JL/1223,2023-12-23,PL-0014,"PUSKESMAS CIAMPEA Jl. Raya Cibuntu No.40, Cibuntu, Kec. Ciampea",TESTKH,STRIP TEST KEHAMILAN,10,BOX,127972.97,0.0,1279729.7,27012065.53,2971327.21,29983392.74,2023,12,2023-12
0121/JL/1223,2023-12-23,PL-0014,"PUSKESMAS CIAMPEA Jl. Raya Cibuntu No.40, Cibuntu, Kec. Ciampea",UBG,URINE BAG,50,PCS,14324.32,0.0,716216.0,27012065.53,2971327.21,29983392.74,2023,12,2023-12
0121/JL/1223,2023-12-23,PL-0014,"PUSKESMAS CIAMPEA Jl. Raya Cibuntu No.40, Cibuntu, Kec. Ciampea",UMB,UMBLICAL CORD KLEM BOX@50PCS,10,BOX,112567.56,0.0,1125675.6,27012065.53,2971327.21,29983392.74,2023,12,2023-12
0121/JL/1223,2023-12-23,PL-0014,"PUSKESMAS CIAMPEA Jl. Raya Cibuntu No.40, Cibuntu, Kec. Ciampea",UP-001,UNDERPAD,12,PAK,52162.16,0.0,625945.92,27012065.53,2971327.21,29983392.74,2023,12,2023-12
0122/JL/1223,2023-12-27,PL-0001,RUMAH SAKIT YARSI,OTO-M,OTORO LATEX FREE POWDER ''M'',200,BOX,67567.57,0.0,13513514.0,30405406.5,3344594.72,33750001.22,2023,12,2023-12
0122/JL/1223,2023-12-27,PL-0001,RUMAH SAKIT YARSI,OTR-S,OTORO LATEX FREE POWDER ''S'',250,BOX,67567.57,0.0,16891892.5,30405406.5,3344594.72,33750001.22,2023,12,2023-12
0001/JL/0124,2024-01-16,PL-0001,RUMAH SAKIT YARSI,OTO-L,OTORO LATEX FREE POWDER ''L'',150,BOX,67567.57,0.0,10135135.5,47297299.0,5202703.0,52500002.0,2024,1,2024-01
0001/JL/0124,2024-01-16,PL-0001,RUMAH SAKIT YARSI,OTO-M,OTORO LATEX FREE POWDER ''M'',250,BOX,67567.57,0.0,16891892.5,47297299.0,5202703.0,52500002.0,2024,1,2024-01
0001/JL/0124,2024-01-16,PL-0001,RUMAH SAKIT YARSI,OTR-S,OTORO LATEX FREE POWDER ''S'',300,BOX,67567.57,0.0,20270271.0,47297299.0,5202703.0,52500002.0,2024,1,2024-01
0002/JL/0124,2024-01-30,PL-0001,RUMAH SAKIT YARSI,OTO-M,OTORO LATEX FREE POWDER ''M'',200,BOX,67567.57,0.0,13513514.0,30405406.5,3344595.0,33750001.0,2024,1,2024-01
0002/JL/0124,2024-01-30,PL-0001,RUMAH SAKIT YARSI,OTR-S,OTORO LATEX FREE POWDER ''S'',250,BOX,67567.57,0.0,16891892.5,30405406.5,3344595.0,33750001.0,2024,1,2024-01
0003/JL/0224,2024-02-02,PL-0029,PT. FOKUS SAHABAT,4330-0012-02,"Blue Tips,Gilson/Universal type,VOL.1000μl,graduated at 100/250/500/100μl,PP material",1,CARTON,850000.0,0.0,850000.0,850000.0,93500.0,943500.0,2024,2,2024-02
0004/JL/0224,2024-02-06,PL-0060,"PUSKESMAS MENTENG Jl. Pegangsaan Barat No.14, RT.16/RW.5, Menteng",MRP,1 INC MICROPORE 1 INCH,100,BOX,218378.38,0.0,21837838.0,21837838.0,2402162.0,24240000.0,2024,2,2024-02
0005/JL/0224,2024-02-06,PL-0061,PT. EKA DHARMA JL. RAYA MANDALA NO. 51 KARANG INDAH,AATC,ALAT AUTO CHECK,12,UNIT,220500.0,0.0,2646000.0,11298000.0,1242780.0,12540780.0,2024,2,2024-02
0005/JL/0224,2024-02-06,PL-0061,PT. EKA DHARMA JL. RAYA MANDALA NO. 51 KARANG INDAH,B-10,BISTURI NO 10 BBRAUN,10,BOX,367500.0,0.0,3675000.0,11298000.0,1242780.0,12540780.0,2024,2,2024-02
0005/JL/0224,2024-02-06,PL-0061,PT. EKA DHARMA JL. RAYA MANDALA NO. 51 KARANG INDAH,H2O2,H2O2,15,BTL,26250.0,0.0,393750.0,11298000.0,1242780.0,12540780.0,2024,2,2024-02
0005/JL/0224,2024-02-06,PL-0061,PT. EKA DHARMA JL. RAYA MANDALA NO. 51 KARANG INDAH,PTS-100,POT SALEP 100,150,PCS,1575.0,0.0,236250.0,11298000.0,1242780.0,12540780.0,2024,2,2024-02
0005/JL/0224,2024-02-06,PL-0061,PT. EKA DHARMA JL. RAYA MANDALA NO. 51 KARANG INDAH,PTS-50,POT SALEP 50 GRAM,4,PAK,36750.0,0.0,147000.0,11298000.0,1242780.0,12540780.0,2024,2,2024-02
0005/JL/0224,2024-02-06,PL-0061,PT. EKA DHARMA JL. RAYA MANDALA NO. 51 KARANG INDAH,RGR,REGULATOR,10,UNIT,168000.0,0.0,1680000.0,11298000.0,1242780.0,12540780.0,2024,2,2024-02
0005/JL/0224,2024-02-06,PL-0061,PT. EKA DHARMA JL. RAYA MANDALA NO. 51 KARANG INDAH,SGDA,Strip Gula Darah Auto Check,32,BOX,78750.0,0.0,2520000.0,11298000.0,1242780.0,12540780.0,2024,2,2024-02
0007/JL/0224,2024-02-13,PL-0051,PT. KAWAN LANGGENG,2121-0030,"INOCULATION LOOPS, FLEXIBLE, 1μL+INCORPORATED NEEDLE, ABS MATERIAL, NEUTRAL COLOR. 1PC/PEEL-PK, GAMMA STERILE",4,BOX,450000.0,0.0,1800000.0,3450000.0,379500.0,3829500.0,2024,2,2024-02
0007/JL/0224,2024-02-13,PL-0051,PT. KAWAN LANGGENG,2121-0034-02,"INOCULATION LOOPS, FLEXIBLE, 10μL+INCORPORATED NEEDLE, ABS MATERIAL, BLUE COLOR. 1PC/PEEL-PK, GAMMA STERILE",1,BOX,450000.0,0.0,450000.0,3450000.0,379500.0,3829500.0,2024,2,2024-02
0007/JL/0224,2024-02-13,PL-0051,PT. KAWAN LANGGENG,4330-0023,"Pipet Tips,eppendorf type,VOL.10μl,PP material,Natural color",1,CARTON,1200000.0,0.0,1200000.0,3450000.0,379500.0,3829500.0,2024,2,2024-02
0008/JL/0224,2024-02-15,PL-0001,RUMAH SAKIT YARSI,OTO-L,OTORO LATEX FREE POWDER ''L'',150,BOX,67567.57,0.0,10135135.5,40540542.0,4459459.62,45000001.62,2024,2,2024-02
0008/JL/0224,2024-02-15,PL-0001,RUMAH SAKIT YARSI,OTO-M,OTORO LATEX FREE POWDER ''M'',200,BOX,67567.57,0.0,13513514.0,40540542.0,4459459.62,45000001.62,2024,2,2024-02
0008/JL/0224,2024-02-15,PL-0001,RUMAH SAKIT YARSI,OTR-S,OTORO LATEX FREE POWDER ''S'',250,BOX,67567.57,0.0,16891892.5,40540542.0,4459459.62,45000001.62,2024,2,2024-02
0010/JL/0224,2024-02-28,PL-0001,RUMAH SAKIT YARSI,OTR-S,OTORO LATEX FREE POWDER ''S'',300,BOX,67568.0,0.0,20270400.0,21910040.0,2410104.0,24320144.0,2024,2,2024-02
0010/JL/0224,2024-02-28,PL-0001,RUMAH SAKIT YARSI,SHMN-001,"SHAMROCK NITRILE EXAMINATION GLOVES POWDER FREE ""S""",20,BOX,81982.0,0.0,1639640.0,21910040.0,2410104.0,24320144.0,2024,2,2024-02
0011/JL/0324,2024-03-01,PL-0051,PT. KAWAN LANGGENG,4330-0012-02,"Blue Tips,Gilson/Universal type,VOL.1000μl,graduated at 100/250/500/100μl,PP BAG material",50,ZIP-LOCK,42500.0,0.0,2125000.0,2125000.0,233750.0,2358750.0,2024,3,2024-03
0012/JL/0324,2024-03-01,PL-0029,PT. FOKUS SAHABAT,2121-0034-02,"INOCULATION LOOPS, FLEXIBLE, 10μL+INCORPORATED NEEDLE, ABS MATERIAL, BLUE COLOR. 1PC/PEEL-PK, GAMMA STERILE",7,BOX,450000.0,0.0,3150000.0,5750000.0,632500.0,6382500.0,2024,3,2024-03
0012/JL/0324,2024-03-01,PL-0029,PT. FOKUS SAHABAT,4004-0105,"CYLINDRICAL TEST TUBE, PLAIN, VOL.3ML, 10X75MM, 0.8-1.0MM THICK, MEDIUM BOROSILICATE GLASS MATERIAL",4,CARTON,650000.0,0.0,2600000.0,5750000.0,632500.0,6382500.0,2024,3,2024-03
0009/JL/0324,2024-03-05,PL-0001,RUMAH SAKIT YARSI,VIEWER,POLY VIEWER POLY 069 DOUBLE (20 WATT SLIM) 069,1,UNIT,7540091.0,0.0,7540091.0,7540091.0,829410.0,8369501.0,2024,3,2024-03
0013/JL/0324,2024-03-05,PL-0061,PT. EKA DHARMA JL. RAYA MANDALA NO. 51 KARANG INDAH,BC-02,BENANG CROMIC 2/0,36,PCS,67568.0,0.0,2432448.0,3878378.0,426622.0,4305000.0,2024,3,2024-03
0013/JL/0324,2024-03-05,PL-0061,PT. EKA DHARMA JL. RAYA MANDALA NO. 51 KARANG INDAH,NC,NESCO COLESTEROL,5,BOX,135133.0,0.0,675665.0,3878378.0,426622.0,4305000.0,2024,3,2024-03
0013/JL/0324,2024-03-05,PL-0061,PT. EKA DHARMA JL. RAYA MANDALA NO. 51 KARANG INDAH,TS-02,T SILK 2/0 S25,3,BOX,256755.0,0.0,770265.0,3878378.0,426622.0,4305000.0,2024,3,2024-03
0014/JL/0324,2024-03-05,PL-0064,PT. PUTRI EMAS PAPUA,ASO,ALKOHOL SWAB ONEMED,120,BOX,9009.0,0.0,1081080.0,20369369.0,2240631.0,22610000.0,2024,3,2024-03
0014/JL/0324,2024-03-05,PL-0064,PT. PUTRI EMAS PAPUA,ASS,ALKOHOL SWAB SENSI,120,BOX,13513.0,0.0,1621560.0,20369369.0,2240631.0,22610000.0,2024,3,2024-03
0014/JL/0324,2024-03-05,PL-0064,PT. PUTRI EMAS PAPUA,BS,BLOOD SET,6,BOX,256757.0,0.0,1540542.0,20369369.0,2240631.0,22610000.0,2024,3,2024-03
0014/JL/0324,2024-03-05,PL-0064,PT. PUTRI EMAS PAPUA,ISD-02,INFUS SET DEWASA,8,BOX,144145.0,0.0,1153160.0,20369369.0,2240631.0,22610000.0,2024,3,2024-03
0014/JL/0324,2024-03-05,PL-0064,PT. PUTRI EMAS PAPUA,IVC,22 IV CHATETER NO 22G,10,BOX,144145.0,0.0,1441450.0,20369369.0,2240631.0,22610000.0,2024,3,2024-03
0014/JL/0324,2024-03-05,PL-0064,PT. PUTRI EMAS PAPUA,IVC,24 IV CHATETER NO 24G,10,BOX,144145.0,0.0,1441450.0,20369369.0,2240631.0,22610000.0,2024,3,2024-03
0014/JL/0324,2024-03-05,PL-0064,PT. PUTRI EMAS PAPUA,LNP-BAYI,LARYNGOSKOP BAYI,1,UNIT,2927927.0,0.0,2927927.0,20369369.0,2240631.0,22610000.0,2024,3,2024-03
0014/JL/0324,2024-03-05,PL-0064,PT. PUTRI EMAS PAPUA,LPT,LAMPU TINDAKAN,1,UNIT,765762.0,0.0,765762.0,20369369.0,2240631.0,22610000.0,2024,3,2024-03
0014/JL/0324,2024-03-05,PL-0064,PT. PUTRI EMAS PAPUA,MX,6.5 MAXTER NO. 6.5,8,BOX,211712.0,0.0,1693696.0,20369369.0,2240631.0,22610000.0,2024,3,2024-03
0014/JL/0324,2024-03-05,PL-0064,PT. PUTRI EMAS PAPUA,MX,7 MAXTER NO. 7,8,BOX,211712.0,0.0,1693696.0,20369369.0,2240631.0,22610000.0,2024,3,2024-03
0014/JL/0324,2024-03-05,PL-0064,PT. PUTRI EMAS PAPUA,MX,8 MAXTER NO. 8,8,BOX,211712.0,0.0,1693696.0,20369369.0,2240631.0,22610000.0,2024,3,2024-03
0014/JL/0324,2024-03-05,PL-0064,PT. PUTRI EMAS PAPUA,PC,1.5 PCR 1.5 ONEMED,2,PAK,81099.0,0.0,162198.0,20369369.0,2240631.0,22610000.0,2024,3,2024-03
0014/JL/0324,2024-03-05,PL-0064,PT. PUTRI EMAS PAPUA,SP,25 SPINOCAN 25,2,BOX,788288.0,0.0,1576576.0,20369369.0,2240631.0,22610000.0,2024,3,2024-03
0014/JL/0324,2024-03-05,PL-0064,PT. PUTRI EMAS PAPUA,SP,27 SPINOCAN 27,2,BOX,788288.0,0.0,1576576.0,20369369.0,2240631.0,22610000.0,2024,3,2024-03
0015/JL/0324,2024-03-19,PL-0001,RUMAH SAKIT YARSI,OTO-M,OTORO LATEX FREE POWDER ''M'',200,BOX,67568.0,0.0,13513600.0,34729900.0,3820289.0,38550189.0,2024,3,2024-03
0015/JL/0324,2024-03-19,PL-0001,RUMAH SAKIT YARSI,OTR-S,OTORO LATEX FREE POWDER ''S'',250,BOX,67568.0,0.0,16892000.0,34729900.0,3820289.0,38550189.0,2024,3,2024-03
0015/JL/0324,2024-03-19,PL-0001,RUMAH SAKIT YARSI,SHM-002,SHAMROCK LATEX POWDER ''S'',30,BOX,86486.0,0.0,2594580.0,34729900.0,3820289.0,38550189.0,2024,3,2024-03
0015/JL/0324,2024-03-19,PL-0001,RUMAH SAKIT YARSI,SHM-003,SHAMROCK LATEX POWDER ''M'',20,BOX,86486.0,0.0,1729720.0,34729900.0,3820289.0,38550189.0,2024,3,2024-03
0017/JL/0324,2024-03-21,PL-0001,RUMAH SAKIT YARSI,ATM-RTA,ALTAMED COVID-19 RAPID TEST KIT ANTIGEN @25 PCS,10,BOX,390000.0,0.0,3900000.0,3900000.0,429000.0,4329000.0,2024,3,2024-03
0016/JL/0324,2024-03-26,PL-0001,RUMAH SAKIT YARSI,KLP-10X10,Kassa Lipat Polos 10cm x 10cm,20,PAK,350000.0,37.0,4410000.0,17672000.0,1943920.0,19615920.0,2024,3,2024-03
0016/JL/0324,2024-03-26,PL-0001,RUMAH SAKIT YARSI,KLP-5X5,Kassa Lipat Polos 5cm x 5cm (400 pcs),5,PAK,480000.0,0.0,2400000.0,17672000.0,1943920.0,19615920.0,2024,3,2024-03
0016/JL/0324,2024-03-26,PL-0001,RUMAH SAKIT YARSI,"KLP-7,5X7,5","Kassa Lipat Polos 7,5cm x 7,5cm",20,PAK,280000.0,48.0,2912000.0,17672000.0,1943920.0,19615920.0,2024,3,2024-03
0016/JL/0324,2024-03-26,PL-0001,RUMAH SAKIT YARSI,KLX-R,Kassa Lipat X-Ray 10cm x 10cm,20,PAK,530000.0,25.0,7950000.0,17672000.0,1943920.0,19615920.0,2024,3,2024-03
0018/JL/0324,2024-03-26,PL-0001,RUMAH SAKIT YARSI,KLP-10X10,Kassa Lipat Polos 10cm x 10cm,20,PAK,350000.0,37.0,4410000.0,16922000.0,1861420.0,18783420.0,2024,3,2024-03
0018/JL/0324,2024-03-26,PL-0001,RUMAH SAKIT YARSI,KLP-5X5,Kassa Lipat Polos 5cm x 5cm (400 pcs),20,PAK,480000.0,0.0,9600000.0,16922000.0,1861420.0,18783420.0,2024,3,2024-03
0018/JL/0324,2024-03-26,PL-0001,RUMAH SAKIT YARSI,"KLP-7,5X7,5","Kassa Lipat Polos 7,5cm x 7,5cm",20,PAK,280000.0,48.0,2912000.0,16922000.0,1861420.0,18783420.0,2024,3,2024-03
0019/JL/0324,2024-03-27,PL-0061,PT. EKA DHARMA JL. RAYA MANDALA NO. 51 KARANG INDAH,KPMB,KERTAS PERKAMEN BIASA,12,PAK,10811.0,0.0,129732.0,5048652.0,555351.7,5604003.7,2024,3,2024-03
0019/JL/0324,2024-03-27,PL-0061,PT. EKA DHARMA JL. RAYA MANDALA NO. 51 KARANG INDAH,STCP-GC,STETOSCOP GENERAL CARE,12,PCS,49549.0,0.0,594588.0,5048652.0,555351.7,5604003.7,2024,3,2024-03
0019/JL/0324,2024-03-27,PL-0061,PT. EKA DHARMA JL. RAYA MANDALA NO. 51 KARANG INDAH,TMJG-M,TENSIMETER DIGITAL MICROLIFE,12,PCS,360361.0,0.0,4324332.0,5048652.0,555351.7,5604003.7,2024,3,2024-03
0020/JL/0324,2024-03-27,PL-0061,PT. EKA DHARMA JL. RAYA MANDALA NO. 51 KARANG INDAH,TABUNG,1 M3 TABUNG OKSIGEN 1 M3,10,UNIT,360360.0,0.0,3603600.0,10360360.0,1139639.6,11499999.6,2024,3,2024-03
0020/JL/0324,2024-03-27,PL-0061,PT. EKA DHARMA JL. RAYA MANDALA NO. 51 KARANG INDAH,TABUNG,1.5 M3 TABUNG OKSIGEN 1.5 M3,10,UNIT,675676.0,0.0,6756760.0,10360360.0,1139639.6,11499999.6,2024,3,2024-03
0022/JL/0424,2024-04-02,PL-0001,RUMAH SAKIT YARSI,OTO-L,OTORO LATEX FREE POWDER ''L'',150,BOX,67568.0,0.0,10135200.0,40540800.0,4459488.0,45000288.0,2024,4,2024-04
0022/JL/0424,2024-04-02,PL-0001,RUMAH SAKIT YARSI,OTO-M,OTORO LATEX FREE POWDER ''M'',200,BOX,67568.0,0.0,13513600.0,40540800.0,4459488.0,45000288.0,2024,4,2024-04
0022/JL/0424,2024-04-02,PL-0001,RUMAH SAKIT YARSI,OTR-S,OTORO LATEX FREE POWDER ''S'',250,BOX,67568.0,0.0,16892000.0,40540800.0,4459488.0,45000288.0,2024,4,2024-04
0023/JL/0424,2024-04-04,PL-0001,RUMAH SAKIT YARSI,ATM-RTA,ALTAMED COVID-19 RAPID TEST KIT ANTIGEN @25 PCS,10,BOX,390000.0,0.0,3900000.0,3900000.0,429000.0,4329000.0,2024,4,2024-04
0024/JL/0424,2024-04-05,PL-0052,"PUSKESMAS SENTUL JL. Pintu 3 Sirkuit Sentul, Kadumangu, Kec. Babakan",AC-S0.5,SHARP AC SHARP 0.5 PK,1,UNIT,3603604.0,0.0,3603604.0,3603604.0,396396.0,4000000.0,2024,4,2024-04
0026/JL/0424,2024-04-08,PL-0001,RUMAH SAKIT YARSI,OTO-M,OTORO LATEX FREE POWDER ''M'',200,BOX,67568.0,0.0,13513600.0,30405600.0,3344616.0,33750216.0,2024,4,2024-04
0026/JL/0424,2024-04-08,PL-0001,RUMAH SAKIT YARSI,OTR-S,OTORO LATEX FREE POWDER ''S'',250,BOX,67568.0,0.0,16892000.0,30405600.0,3344616.0,33750216.0,2024,4,2024-04
0027/JL/0424,2024-04-08,PL-0001,RUMAH SAKIT YARSI,KLP-5X5,Kassa Lipat Polos 5cm x 5cm (400 pcs),20,PAK,480000.0,0.0,9600000.0,9600000.0,1056000.0,10656000.0,2024,4,2024-04
0025/JL/0424,2024-04-16,PL-0052,"PUSKESMAS SENTUL JL. Pintu 3 Sirkuit Sentul, Kadumangu, Kec. Babakan",AXIOO,AXIOO MYBOOK PRO L1 (8N5) MYBOOK,2,UNIT,6846847.0,0.0,13693694.0,13693694.0,1506306.3,15200000.3,2024,4,2024-04
0028/JL/0424,2024-04-17,PL-0001,RUMAH SAKIT YARSI,KLP-10X10,Kassa Lipat Polos 10cm x 10cm,20,PAK,350000.0,37.0,4410000.0,7322000.0,805420.0,8127420.0,2024,4,2024-04
0028/JL/0424,2024-04-17,PL-0001,RUMAH SAKIT YARSI,"KLP-7,5X7,5","Kassa Lipat Polos 7,5cm x 7,5cm",20,PAK,280000.0,48.0,2912000.0,7322000.0,805420.0,8127420.0,2024,4,2024-04
0029/JL/0424,2024-04-17,PL-0001,RUMAH SAKIT YARSI,KLX-R,Kassa Lipat X-Ray 10cm x 10cm,20,PAK,530000.0,25.0,7950000.0,7950000.0,874500.0,8824500.0,2024,4,2024-04
0030/JL/0424,2024-05-07,PL-0001,RUMAH SAKIT YARSI,KLP-10X10,Kassa Lipat Polos 10cm x 10cm,30,PAK,350000.0,37.0,6615000.0,25383000.0,2792130.0,28175130.0,2024,5,2024-05
0030/JL/0424,2024-05-07,PL-0001,RUMAH SAKIT YARSI,KLP-5X5,Kassa Lipat Polos 5cm x 5cm (400 pcs),30,PAK,480000.0,0.0,14400000.0,25383000.0,2792130.0,28175130.0,2024,5,2024-05
0030/JL/0424,2024-05-07,PL-0001,RUMAH SAKIT YARSI,"KLP-7,5X7,5","Kassa Lipat Polos 7,5cm x 7,5cm",30,PAK,280000.0,48.0,4368000.0,25383000.0,2792130.0,28175130.0,2024,5,2024-05
0031/JL/0424,2024-05-07,PL-0001,RUMAH SAKIT YARSI,ATM-RTA,ALTAMED COVID-19 RAPID TEST KIT ANTIGEN @25 PCS,15,BOX,390000.0,0.0,5850000.0,5850000.0,643500.0,6493500.0,2024,5,2024-05
0032/JL/0424,2024-05-07,PL-0001,RUMAH SAKIT YARSI,KLP-10X10,Kassa Lipat Polos 10cm x 10cm,20,PAK,350000.0,37.0,4410000.0,16922000.0,1861420.0,18783420.0,2024,5,2024-05
0032/JL/0424,2024-05-07,PL-0001,RUMAH SAKIT YARSI,KLP-5X5,Kassa Lipat Polos 5cm x 5cm (400 pcs),20,PAK,480000.0,0.0,9600000.0,16922000.0,1861420.0,18783420.0,2024,5,2024-05
0032/JL/0424,2024-05-07,PL-0001,RUMAH SAKIT YARSI,"KLP-7,5X7,5","Kassa Lipat Polos 7,5cm x 7,5cm",20,PAK,280000.0,48.0,2912000.0,16922000.0,1861420.0,18783420.0,2024,5,2024-05
0033/JL/0524,2024-05-07,PL-0001,RUMAH SAKIT YARSI,KLX-R,Kassa Lipat X-Ray 10cm x 10cm,30,PAK,530000.0,25.0,11925000.0,11925000.0,1311750.0,13236750.0,2024,5,2024-05
0034/JL/0524,2024-05-14,PL-0001,RUMAH SAKIT YARSI,KLP-10X10,Kassa Lipat Polos 10cm x 10cm,30,PAK,350000.0,37.0,6615000.0,20583000.0,2264130.0,22847130.0,2024,5,2024-05
0034/JL/0524,2024-05-14,PL-0001,RUMAH SAKIT YARSI,KLP-5X5,Kassa Lipat Polos 5cm x 5cm (400 pcs),20,PAK,480000.0,0.0,9600000.0,20583000.0,2264130.0,22847130.0,2024,5,2024-05
0034/JL/0524,2024-05-14,PL-0001,RUMAH SAKIT YARSI,"KLP-7,5X7,5","Kassa Lipat Polos 7,5cm x 7,5cm",30,PAK,280000.0,48.0,4368000.0,20583000.0,2264130.0,22847130.0,2024,5,2024-05
0035/JL/0524,2024-05-14,PL-0001,RUMAH SAKIT YARSI,KLP-5X5,Kassa Lipat Polos 5cm x 5cm (400 pcs),30,PAK,480000.0,0.0,14400000.0,14400000.0,1584000.0,15984000.0,2024,5,2024-05
0036/JL/0524,2024-05-14,PL-0001,RUMAH SAKIT YARSI,"KLP-7,5X7,5","Kassa Lipat Polos 7,5cm x 7,5cm",30,PAK,280000.0,48.0,4368000.0,4368000.0,480480.0,4848480.0,2024,5,2024-05
0037/JL/0524,2024-05-21,PL-0001,RUMAH SAKIT YARSI,OTO-L,OTORO LATEX FREE POWDER ''L'',150,BOX,75000.0,15.0,9562500.0,28687500.0,3155625.0,31843125.0,2024,5,2024-05
0037/JL/0524,2024-05-21,PL-0001,RUMAH SAKIT YARSI,OTO-M,OTORO LATEX FREE POWDER ''M'',150,BOX,75000.0,15.0,9562500.0,28687500.0,3155625.0,31843125.0,2024,5,2024-05
0037/JL/0524,2024-05-21,PL-0001,RUMAH SAKIT YARSI,OTR-S,OTORO LATEX FREE POWDER ''S'',150,BOX,75000.0,15.0,9562500.0,28687500.0,3155625.0,31843125.0,2024,5,2024-05
0040/JL/0524,2024-05-22,PL-0066,PUSKESMAS CIJAYANTI,EPSN-L3210,PRINTER EPSON L3210,2,UNIT,3378379.0,0.0,6756758.0,6756758.0,743243.4,7500001.4,2024,5,2024-05
0045/JL/0524,2024-05-28,PL-0001,RUMAH SAKIT YARSI,OTO-M,OTORO LATEX FREE POWDER ''M'',250,BOX,75000.0,15.0,15937500.0,35062500.0,3856875.0,38919375.0,2024,5,2024-05
0045/JL/0524,2024-05-28,PL-0001,RUMAH SAKIT YARSI,OTR-S,OTORO LATEX FREE POWDER ''S'',300,BOX,75000.0,15.0,19125000.0,35062500.0,3856875.0,38919375.0,2024,5,2024-05
0042/JL/0524,2024-06-01,PL-0024,"PUSKESMAS CICANGKAL Jl. Raya Sukamanah, Taman Sari, Kec. Rumpin",SDHVSA470,SINAR DUNIA KERTAS HVS A4 70 GR,12,RIM,63063.0,0.0,756756.0,4972980.0,547027.8,5520007.8,2024,6,2024-06
0042/JL/0524,2024-06-01,PL-0024,"PUSKESMAS CICANGKAL Jl. Raya Sukamanah, Taman Sari, Kec. Rumpin",SDHVSA480,SINAR DUNIA KERTAS HVS A4 80 GR,24,RIM,66667.0,0.0,1600008.0,4972980.0,547027.8,5520007.8,2024,6,2024-06
0042/JL/0524,2024-06-01,PL-0024,"PUSKESMAS CICANGKAL Jl. Raya Sukamanah, Taman Sari, Kec. Rumpin",SDHVSF470,SINAR DUNIA KERTAS HVS F4 70 GR,12,RIM,66666.0,0.0,799992.0,4972980.0,547027.8,5520007.8,2024,6,2024-06
0042/JL/0524,2024-06-01,PL-0024,"PUSKESMAS CICANGKAL Jl. Raya Sukamanah, Taman Sari, Kec. Rumpin",SDHVSF480,SINAR DUNIA KERTAS HVS F4 80 GR,24,RIM,75676.0,0.0,1816224.0,4972980.0,547027.8,5520007.8,2024,6,2024-06
0039/JL/0524,2024-06-03,PL-0079,DINKES KAB BENGKULU,VGEN-10,GENSET VGEN 10 KVA,1,SET,87387388.0,0.0,87387388.0,87387388.0,9612612.7,97000000.7,2024,6,2024-06
0046/JL/0624,2024-06-04,PL-0001,RUMAH SAKIT YARSI,ATM-RTA,ALTAMED COVID-19 RAPID TEST KIT ANTIGEN @25 PCS,10,BOX,390000.0,0.0,3900000.0,3900000.0,429000.0,4329000.0,2024,6,2024-06
0043/JL/0624,2024-06-08,PL-0023,"PUSKESMAS TENJOLAYA Jl. Abdul Fatah, RT.21/RW.05, Cinangneng, Kec.",ABNREGAL+,ABN Regal Plus Mobile Clock Aneroid Sphygmomanometer,3,UNIT,4909910.0,0.0,14729730.0,18108108.0,1991891.9,20099999.9,2024,6,2024-06
0043/JL/0624,2024-06-08,PL-0023,"PUSKESMAS TENJOLAYA Jl. Abdul Fatah, RT.21/RW.05, Cinangneng, Kec.",HCG,SET HECTING,2,SET,450450.0,0.0,900900.0,18108108.0,1991891.9,20099999.9,2024,6,2024-06
0043/JL/0624,2024-06-08,PL-0023,"PUSKESMAS TENJOLAYA Jl. Abdul Fatah, RT.21/RW.05, Cinangneng, Kec.",TRL,2 TROLY 2 SUSUN STAINLESS,1,UNIT,2477478.0,0.0,2477478.0,18108108.0,1991891.9,20099999.9,2024,6,2024-06
0044/JL/0624,2024-06-08,PL-0023,"PUSKESMAS TENJOLAYA Jl. Abdul Fatah, RT.21/RW.05, Cinangneng, Kec.",SZYM5L,STERIZYME DUAL ENZYMATIC DETERGENT 5 L,5,DRIGEN,1657658.0,0.0,8288290.0,9369370.0,1030630.7,10400000.7,2024,6,2024-06
0044/JL/0624,2024-06-08,PL-0023,"PUSKESMAS TENJOLAYA Jl. Abdul Fatah, RT.21/RW.05, Cinangneng, Kec.",TC-HANDSOAP,TWIN CARE HANDSOAP AROMA KEMASAN 5 LITER,10,DRIGEN,108108.0,0.0,1081080.0,9369370.0,1030630.7,10400000.7,2024,6,2024-06
0047/JL/0624,2024-06-11,PL-0001,RUMAH SAKIT YARSI,KLP-10X10,Kassa Lipat Polos 10cm x 10cm,20,PAK,350000.0,37.0,4410000.0,8778000.0,965580.0,9743580.0,2024,6,2024-06
0047/JL/0624,2024-06-11,PL-0001,RUMAH SAKIT YARSI,"KLP-7,5X7,5","Kassa Lipat Polos 7,5cm x 7,5cm",30,PAK,280000.0,48.0,4368000.0,8778000.0,965580.0,9743580.0,2024,6,2024-06
0050/JL/0624,2024-06-14,PL-0002,PUSKESMAS SUKARAJA,PO-4X6,PLASTIK OBAT UKURAN 4X6 CM,3500,PAK,2513.0,0.0,8795500.0,8795500.0,967505.0,9763005.0,2024,6,2024-06
0051/JL/0624,2024-06-14,PL-0002,PUSKESMAS SUKARAJA,TPTS240,TEMPAT SAMPAH 240L,1,UNIT,1468468.0,0.0,1468468.0,4853328.0,533866.1,5387194.1,2024,6,2024-06
0051/JL/0624,2024-06-14,PL-0002,PUSKESMAS SUKARAJA,TPTSI20,Tempat Sampah Injak 20 Liter,20,UNIT,169243.0,0.0,3384860.0,4853328.0,533866.1,5387194.1,2024,6,2024-06
0048/JL/0624,2024-06-20,PL-0001,RUMAH SAKIT YARSI,OTO-L,OTORO LATEX FREE POWDER ''L'',150,BOX,75000.0,15.0,9562500.0,44625000.0,4908750.0,49533750.0,2024,6,2024-06
0048/JL/0624,2024-06-20,PL-0001,RUMAH SAKIT YARSI,OTO-M,OTORO LATEX FREE POWDER ''M'',250,BOX,75000.0,15.0,15937500.0,44625000.0,4908750.0,49533750.0,2024,6,2024-06
0048/JL/0624,2024-06-20,PL-0001,RUMAH SAKIT YARSI,OTR-S,OTORO LATEX FREE POWDER ''S'',300,BOX,75000.0,15.0,19125000.0,44625000.0,4908750.0,49533750.0,2024,6,2024-06
0052/JL/0624,2024-06-20,PL-0067,DINAS KESEHATAN KAB JL. ABDUL HAMID TIGARAKSA KAB. TANGERANG,PSE,OXA PULSE OXYMETER ANAK,2,PCS,567568.0,0.0,1135136.0,2270272.0,124865.0,1260001.0,2024,6,2024-06
0052/JL/0624,2024-06-20,PL-0067,DINAS KESEHATAN KAB JL. ABDUL HAMID TIGARAKSA KAB. TANGERANG,PSE,OXA PULSE OXYMETER ANAK,2,PCS,567568.0,0.0,1135136.0,2270272.0,124865.0,1260001.0,2024,6,2024-06
0053/JL/0624,2024-06-20,PL-0001,RUMAH SAKIT YARSI,KLP-10X10,Kassa Lipat Polos 10cm x 10cm,30,PAK,350000.0,37.0,6615000.0,9527000.0,1047970.0,10574970.0,2024,6,2024-06
0053/JL/0624,2024-06-20,PL-0001,RUMAH SAKIT YARSI,"KLP-7,5X7,5","Kassa Lipat Polos 7,5cm x 7,5cm",20,PAK,280000.0,48.0,2912000.0,9527000.0,1047970.0,10574970.0,2024,6,2024-06
0049/JL/0624,2024-06-25,PL-0066,PUSKESMAS CIJAYANTI,CITJC,"CITOJECT SYRINGE 1,8ml",1,BOX,5675676.0,0.0,5675676.0,5675676.0,624324.4,6300000.4,2024,6,2024-06
0049/JL/0624,2024-06-25,PL-0066,PUSKESMAS CIJAYANTI,LA-H19SL,LEMARI ARSIP H19 SL,1,UNIT,0.0,0.0,0.0,5675676.0,624324.4,6300000.4,2024,6,2024-06
0049/JL/0624,2024-06-25,PL-0066,PUSKESMAS CIJAYANTI,MICROP,5-50 MICROPIPET ADJ 5-50,1,BOX,0.0,0.0,0.0,5675676.0,624324.4,6300000.4,2024,6,2024-06
0049/JL/0624,2024-06-25,PL-0066,PUSKESMAS CIJAYANTI,MICROP,100- MICROPIPET ADJ 100-1000 10000,1,BOX,0.0,0.0,0.0,5675676.0,624324.4,6300000.4,2024,6,2024-06
0055/JL/0624,2024-06-25,PL-0001,RUMAH SAKIT YARSI,KLX-R5,Kassa Lipat X-Ray 5cm x 5cm,20,PAK,320000.0,25.0,4800000.0,4800000.0,528000.0,5328000.0,2024,6,2024-06
0056/JL/0624,2024-06-25,PL-0001,RUMAH SAKIT YARSI,ATM-RTA,ALTAMED COVID-19 RAPID TEST KIT ANTIGEN @25 PCS,15,BOX,390000.0,0.0,5850000.0,5850000.0,643500.0,6493500.0,2024,6,2024-06
0057/JL/0624,2024-06-27,PL-0066,PUSKESMAS CIJAYANTI,DELTA,ANTI A MONOCHLONAL DELTA GOLDAR A,1,BOX,180180.0,0.0,180180.0,763514.0,83986.5,847500.5,2024,6,2024-06
0057/JL/0624,2024-06-27,PL-0066,PUSKESMAS CIJAYANTI,DELTA,ANTI B MONOCHLONAL DELTA GOLDAR B,1,BOX,180180.0,0.0,180180.0,763514.0,83986.5,847500.5,2024,6,2024-06
0057/JL/0624,2024-06-27,PL-0066,PUSKESMAS CIJAYANTI,DELTA,ANTI AB MONOCHLONAL DELTA GOLDAR AB,1,BOX,180180.0,0.0,180180.0,763514.0,83986.5,847500.5,2024,6,2024-06
0057/JL/0624,2024-06-27,PL-0066,PUSKESMAS CIJAYANTI,DELTA,ANTI D MONOCHLONAL DELTA GOLDAR D,1,BOX,222974.0,0.0,222974.0,763514.0,83986.5,847500.5,2024,6,2024-06
0041/JL/0724,2024-07-01,PL-0066,PUSKESMAS CIJAYANTI,PC,"RKT15321 PC RAKITAN CORE I5 RAM 32GB, SSD 1TB",4,UNIT,13513514.0,0.0,54054056.0,54054056.0,5945946.2,60000002.2,2024,7,2024-07
0038/JL/0524,2024-07-09,PL-0026,PUSKESMAS PAMIJAHAN,EPSN-L121,PRINTER EPSON L121,3,UNIT,2225225.5,0.0,6675676.5,6675676.5,734324.4,7410000.9,2024,7,2024-07
0058/JL/0724,2024-07-09,PL-0001,RUMAH SAKIT YARSI,KLP-10X10,Kassa Lipat Polos 10cm x 10cm,20,PAK,350000.0,37.0,4410000.0,7322000.0,805420.0,8127420.0,2024,7,2024-07
0058/JL/0724,2024-07-09,PL-0001,RUMAH SAKIT YARSI,"KLP-7,5X7,5","Kassa Lipat Polos 7,5cm x 7,5cm",20,PAK,280000.0,48.0,2912000.0,7322000.0,805420.0,8127420.0,2024,7,2024-07
0059/JL/0724,2024-07-11,PL-0001,RUMAH SAKIT YARSI,OTO-M,OTORO LATEX FREE POWDER ''M'',250,BOX,75000.0,15.0,15937500.0,35062500.0,3856875.0,38919375.0,2024,7,2024-07
0059/JL/0724,2024-07-11,PL-0001,RUMAH SAKIT YARSI,OTR-S,OTORO LATEX FREE POWDER ''S'',300,BOX,75000.0,15.0,19125000.0,35062500.0,3856875.0,38919375.0,2024,7,2024-07
0060/JL/0724,2024-07-16,PL-0001,RUMAH SAKIT YARSI,KLX-R,Kassa Lipat X-Ray 10cm x 10cm,30,PAK,530000.0,25.0,11925000.0,11925000.0,1311750.0,13236750.0,2024,7,2024-07
0061/JL/0724,2024-07-16,PL-0001,RUMAH SAKIT YARSI,KLP-10X10,Kassa Lipat Polos 10cm x 10cm,30,PAK,350000.0,37.0,6615000.0,10983000.0,1208130.0,12191130.0,2024,7,2024-07
0061/JL/0724,2024-07-16,PL-0001,RUMAH SAKIT YARSI,"KLP-7,5X7,5","Kassa Lipat Polos 7,5cm x 7,5cm",30,PAK,280000.0,48.0,4368000.0,10983000.0,1208130.0,12191130.0,2024,7,2024-07
0062/JL/0724,2024-07-20,PL-0069,"RUMAH SAKIT UMUM Jl. Jaksa Agung Suprapto No.2 Malang, Malang, Jawa",PSE,OXA PULSE OXYMETER ANAK,3,PCS,599099.0,0.0,1797297.0,1797297.0,197703.0,1995000.0,2024,7,2024-07
0063/JL/0724,2024-07-25,PL-0001,RUMAH SAKIT YARSI,OTO-L,OTORO LATEX FREE POWDER ''L'',200,BOX,75000.0,15.0,12750000.0,47812500.0,5259375.0,53071875.0,2024,7,2024-07
0063/JL/0724,2024-07-25,PL-0001,RUMAH SAKIT YARSI,OTO-M,OTORO LATEX FREE POWDER ''M'',250,BOX,75000.0,15.0,15937500.0,47812500.0,5259375.0,53071875.0,2024,7,2024-07
0063/JL/0724,2024-07-25,PL-0001,RUMAH SAKIT YARSI,OTR-S,OTORO LATEX FREE POWDER ''S'',300,BOX,75000.0,15.0,19125000.0,47812500.0,5259375.0,53071875.0,2024,7,2024-07
0065/JL/0724,2024-07-25,PL-0001,RUMAH SAKIT YARSI,367856,"TUBE EDTA PLH 13X75, 3.0",30,BOX,276100.0,20.0,6626400.0,9424800.0,1036728.0,10461528.0,2024,7,2024-07
0065/JL/0724,2024-07-25,PL-0001,RUMAH SAKIT YARSI,367957,"TUBE SST II PLH 13X75, 3.5",10,BOX,349800.0,20.0,2798400.0,9424800.0,1036728.0,10461528.0,2024,7,2024-07
0066/JL/0724,2024-07-31,PL-0001,RUMAH SAKIT YARSI,ATM-RTA,ALTAMED COVID-19 RAPID TEST KIT ANTIGEN @25 PCS,15,BOX,390000.0,0.0,5850000.0,5850000.0,643500.0,6493500.0,2024,7,2024-07
0067/JL/0724,2024-07-31,PL-0001,RUMAH SAKIT YARSI,KLP-10X10,Kassa Lipat Polos 10cm x 10cm,20,PAK,350000.0,37.0,4410000.0,8778000.0,965580.0,9743580.0,2024,7,2024-07
0067/JL/0724,2024-07-31,PL-0001,RUMAH SAKIT YARSI,"KLP-7,5X7,5","Kassa Lipat Polos 7,5cm x 7,5cm",30,PAK,280000.0,48.0,4368000.0,8778000.0,965580.0,9743580.0,2024,7,2024-07
0021/JL/0824,2024-08-01,PL-0078,PUSKESMAS SIRNAGALIH,PO-7X10,Plastik Obat Ukuran 7x10,450,PAK,6306.31,0.0,2837839.5,22747746.5,2502252.12,25249998.62,2024,8,2024-08
0021/JL/0824,2024-08-01,PL-0078,PUSKESMAS SIRNAGALIH,PO-8.7X13,Plastik Obat Ukuran 8.7x13,1700,PAK,11711.71,0.0,19909907.0,22747746.5,2502252.12,25249998.62,2024,8,2024-08
0069/JL/0824,2024-08-06,PL-0001,RUMAH SAKIT YARSI,367856,"TUBE EDTA PLH 13X75, 3.0",20,BOX,276100.0,20.0,4417600.0,12812800.0,1409408.0,14222208.0,2024,8,2024-08
0069/JL/0824,2024-08-06,PL-0001,RUMAH SAKIT YARSI,367957,"TUBE SST II PLH 13X75, 3.5",30,BOX,349800.0,20.0,8395200.0,12812800.0,1409408.0,14222208.0,2024,8,2024-08
0070/JL/0824,2024-08-09,PL-0001,RUMAH SAKIT YARSI,"KLP-7,5X7,5","Kassa Lipat Polos 7,5cm x 7,5cm",30,PAK,280000.0,48.0,4368000.0,4368000.0,480480.0,4848480.0,2024,8,2024-08
0071/JL/0824,2024-08-13,PL-0001,RUMAH SAKIT YARSI,OTR-S,OTORO LATEX FREE POWDER ''S'',300,BOX,75000.0,15.0,19125000.0,19125000.0,2103750.0,21228750.0,2024,8,2024-08
0072/JL/0824,2024-08-23,PL-0069,"RUMAH SAKIT UMUM Jl. Jaksa Agung Suprapto No.2 Malang, Malang, Jawa",PSE,OXA PULSE OXYMETER ANAK,1,PCS,599099.0,0.0,599099.0,599099.0,65900.9,664999.9,2024,8,2024-08
0073/JL/0824,2024-08-23,PL-0071,"RSUD KAB BEKASI Jl. Raya Teuku Umar No.202, Wanasari, Kec.",NECK,COLAR NECK COLAR (CERVICAL COLLAR) M M,2,PCS,294595.0,0.0,589190.0,1272072.0,139927.9,1411999.9,2024,8,2024-08
0073/JL/0824,2024-08-23,PL-0071,"RSUD KAB BEKASI Jl. Raya Teuku Umar No.202, Wanasari, Kec.",NECK,COLAR L NECK COLAR (CERVICAL COLLAR) L,2,PCS,341441.0,0.0,682882.0,1272072.0,139927.9,1411999.9,2024,8,2024-08
0074/JL/0824,2024-08-27,PL-0001,RUMAH SAKIT YARSI,367856,"TUBE EDTA PLH 13X75, 3.0",20,BOX,276100.0,20.0,4417600.0,12812800.0,1409408.0,14222208.0,2024,8,2024-08
0074/JL/0824,2024-08-27,PL-0001,RUMAH SAKIT YARSI,367957,"TUBE SST II PLH 13X75, 3.5",30,BOX,349800.0,20.0,8395200.0,12812800.0,1409408.0,14222208.0,2024,8,2024-08
0075/JL/0824,2024-08-27,PL-0001,RUMAH SAKIT YARSI,KLP-10X10,Kassa Lipat Polos 10cm x 10cm,20,PAK,350000.0,37.0,4410000.0,7322000.0,805420.0,8127420.0,2024,8,2024-08
0075/JL/0824,2024-08-27,PL-0001,RUMAH SAKIT YARSI,"KLP-7,5X7,5","Kassa Lipat Polos 7,5cm x 7,5cm",20,PAK,280000.0,48.0,2912000.0,7322000.0,805420.0,8127420.0,2024,8,2024-08
0076/JL/0824,2024-08-28,PL-0001,RUMAH SAKIT YARSI,OTO-L,OTORO LATEX FREE POWDER ''L'',190,BOX,75000.0,15.0,12112500.0,47175000.0,5189250.0,52364250.0,2024,8,2024-08
0076/JL/0824,2024-08-28,PL-0001,RUMAH SAKIT YARSI,OTO-M,OTORO LATEX FREE POWDER ''M'',250,BOX,75000.0,15.0,15937500.0,47175000.0,5189250.0,52364250.0,2024,8,2024-08
0076/JL/0824,2024-08-28,PL-0001,RUMAH SAKIT YARSI,OTR-S,OTORO LATEX FREE POWDER ''S'',300,BOX,75000.0,15.0,19125000.0,47175000.0,5189250.0,52364250.0,2024,8,2024-08
0077/JL/0824,2024-08-28,PL-0001,RUMAH SAKIT YARSI,ATM-RTA,ALTAMED COVID-19 RAPID TEST KIT ANTIGEN @25 PCS,15,BOX,390000.0,0.0,5850000.0,5850000.0,643500.0,6493500.0,2024,8,2024-08
0054/JL/0624,2024-09-10,PL-0068,PUSKESMAS BANJARSARI,SRGM,PDH SERAGAM PDH,27,PCS,279279.0,0.0,7540533.0,7540533.0,829458.6,8369991.6,2024,9,2024-09
0078/JL/0924,2024-09-10,PL-0001,RUMAH SAKIT YARSI,KLP-10X10,Kassa Lipat Polos 10cm x 10cm,60,PAK,350000.0,37.0,13230000.0,13230000.0,1455300.0,14685300.0,2024,9,2024-09
0079/JL/0924,2024-09-17,PL-0001,RUMAH SAKIT YARSI,KLX-R,Kassa Lipat X-Ray 10cm x 10cm,30,PAK,530000.0,25.0,11925000.0,11925000.0,1311750.0,13236750.0,2024,9,2024-09
0080/JL/0924,2024-09-17,PL-0001,RUMAH SAKIT YARSI,ATM-RTA,ALTAMED COVID-19 RAPID TEST KIT ANTIGEN @25 PCS,18,BOX,390000.0,0.0,7020000.0,7020000.0,772200.0,7792200.0,2024,9,2024-09
0081/JL/0924,2024-09-23,PL-0001,RUMAH SAKIT YARSI,"KLP-7,5X7,5","Kassa Lipat Polos 7,5cm x 7,5cm",30,PAK,280000.0,48.0,4368000.0,4368000.0,480480.0,4848480.0,2024,9,2024-09
0082/JL/0924,2024-09-24,PL-0001,RUMAH SAKIT YARSI,MK04-115,ELECTROSURGICAL PENCIL MK04-115,200,PCS,60000.0,30.0,8400000.0,8400000.0,924000.0,9324000.0,2024,9,2024-09
0083/JL/0924,2024-09-27,PL-0001,RUMAH SAKIT YARSI,OTO-L,OTORO LATEX FREE POWDER ''L'',150,BOX,75000.0,15.0,9562500.0,44625000.0,4908750.0,49533750.0,2024,9,2024-09
0083/JL/0924,2024-09-27,PL-0001,RUMAH SAKIT YARSI,OTO-M,OTORO LATEX FREE POWDER ''M'',250,BOX,75000.0,15.0,15937500.0,44625000.0,4908750.0,49533750.0,2024,9,2024-09
0083/JL/0924,2024-09-27,PL-0001,RUMAH SAKIT YARSI,OTR-S,OTORO LATEX FREE POWDER ''S'',300,BOX,75000.0,15.0,19125000.0,44625000.0,4908750.0,49533750.0,2024,9,2024-09
0084/JL/0924,2024-09-27,PL-0001,RUMAH SAKIT YARSI,MK08-503B,STERILE SAFETY LANCET MK08-503B,15,BOX,99900.0,30.0,1048950.0,1048950.0,115384.5,1164334.5,2024,9,2024-09
0064/JL/0724,2024-09-29,PL-0024,"PUSKESMAS CICANGKAL Jl. Raya Sukamanah, Taman Sari, Kec. Rumpin",KPB,KERTAS PUYER BERLOGO,4,DUS,1756758.0,0.0,7027032.0,16875225.0,1856274.8,18731499.8,2024,9,2024-09
0064/JL/0724,2024-09-29,PL-0024,"PUSKESMAS CICANGKAL Jl. Raya Sukamanah, Taman Sari, Kec. Rumpin",PE,H 40x60x05 PE HITAM K 40 X 60 X 05,30,KG,35135.0,0.0,1054050.0,16875225.0,1856274.8,18731499.8,2024,9,2024-09
0064/JL/0724,2024-09-29,PL-0024,"PUSKESMAS CICANGKAL Jl. Raya Sukamanah, Taman Sari, Kec. Rumpin",PE,K 40x60x05 PE KUNING 40 X 60 X 05,30,KG,28828.0,0.0,864840.0,16875225.0,1856274.8,18731499.8,2024,9,2024-09
0064/JL/0724,2024-09-29,PL-0024,"PUSKESMAS CICANGKAL Jl. Raya Sukamanah, Taman Sari, Kec. Rumpin",PE,H 90x120x05 PE HITAM K 90 X 120 X 05,40,KG,35135.0,0.0,1405400.0,16875225.0,1856274.8,18731499.8,2024,9,2024-09
0064/JL/0724,2024-09-29,PL-0024,"PUSKESMAS CICANGKAL Jl. Raya Sukamanah, Taman Sari, Kec. Rumpin",SAU,STRIP ASAM URAT,12,BOX,134685.0,0.0,1616220.0,16875225.0,1856274.8,18731499.8,2024,9,2024-09
0064/JL/0724,2024-09-29,PL-0024,"PUSKESMAS CICANGKAL Jl. Raya Sukamanah, Taman Sari, Kec. Rumpin",SCT,STRIP CHOLESTEROL,18,BOX,225226.0,0.0,4054068.0,16875225.0,1856274.8,18731499.8,2024,9,2024-09
0064/JL/0724,2024-09-29,PL-0024,"PUSKESMAS CICANGKAL Jl. Raya Sukamanah, Taman Sari, Kec. Rumpin",URS-10T,URINE STRIP 10U,5,BTL,170723.0,0.0,853615.0,16875225.0,1856274.8,18731499.8,2024,9,2024-09
0068/JL/1024,2024-10-01,PL-0070,PUSKESMAS SUKAJAYA Jl. Raya Pasir Madang Km.7,1CC,SPUIT 1 CC,20,BOX,128828.8,0.0,2576576.0,50485766.8,5553434.3,56039201.1,2024,10,2024-10
0068/JL/1024,2024-10-01,PL-0070,PUSKESMAS SUKAJAYA Jl. Raya Pasir Madang Km.7,3,CC SPUIT 3 CC,30,BOX,74324.3,0.0,2229729.0,50485766.8,5553434.3,56039201.1,2024,10,2024-10
0068/JL/1024,2024-10-01,PL-0070,PUSKESMAS SUKAJAYA Jl. Raya Pasir Madang Km.7,AKHL,70% 5 ALKOHOL 70% 5 LITER,7,DRIGEN,90090.0,0.0,630630.0,50485766.8,5553434.3,56039201.1,2024,10,2024-10
0068/JL/1024,2024-10-01,PL-0070,PUSKESMAS SUKAJAYA Jl. Raya Pasir Madang Km.7,ATM,PF M ALTAMED GLOVE PF SIZE M,30,BOX,49729.7,0.0,1491891.0,50485766.8,5553434.3,56039201.1,2024,10,2024-10
0068/JL/1024,2024-10-01,PL-0070,PUSKESMAS SUKAJAYA Jl. Raya Pasir Madang Km.7,ATM,PF S ALTAMED GLOVE PF SIZE S,20,BOX,49729.7,0.0,994594.0,50485766.8,5553434.3,56039201.1,2024,10,2024-10
0068/JL/1024,2024-10-01,PL-0070,PUSKESMAS SUKAJAYA Jl. Raya Pasir Madang Km.7,ISD-02,INFUS SET DEWASA,40,BOX,299279.1,0.0,11971164.0,50485766.8,5553434.3,56039201.1,2024,10,2024-10
0068/JL/1024,2024-10-01,PL-0070,PUSKESMAS SUKAJAYA Jl. Raya Pasir Madang Km.7,IV,18G IV CHATETER NO 18G,100,PCS,5357.6,0.0,535760.0,50485766.8,5553434.3,56039201.1,2024,10,2024-10
0068/JL/1024,2024-10-01,PL-0070,PUSKESMAS SUKAJAYA Jl. Raya Pasir Madang Km.7,IV,20G IV CHATETER NO 20G,100,PCS,5357.6,0.0,535760.0,50485766.8,5553434.3,56039201.1,2024,10,2024-10
0068/JL/1024,2024-10-01,PL-0070,PUSKESMAS SUKAJAYA Jl. Raya Pasir Madang Km.7,IV,22G IV CHATETER NO 22G,400,PCS,5357.6,0.0,2143040.0,50485766.8,5553434.3,56039201.1,2024,10,2024-10
0068/JL/1024,2024-10-01,PL-0070,PUSKESMAS SUKAJAYA Jl. Raya Pasir Madang Km.7,IV,24G IV CHATETER NO 24G,400,PCS,6054.0,0.0,2421600.0,50485766.8,5553434.3,56039201.1,2024,10,2024-10
0068/JL/1024,2024-10-01,PL-0070,PUSKESMAS SUKAJAYA Jl. Raya Pasir Madang Km.7,KPB,KERTAS PUYER BERLOGO,8,DUS,1576576.6,0.0,12612612.8,50485766.8,5553434.3,56039201.1,2024,10,2024-10
0068/JL/1024,2024-10-01,PL-0070,PUSKESMAS SUKAJAYA Jl. Raya Pasir Madang Km.7,KSG,80*40 KASA GULUNG 80*40,12,ROL,90090.0,0.0,1081080.0,50485766.8,5553434.3,56039201.1,2024,10,2024-10
0068/JL/1024,2024-10-01,PL-0070,PUSKESMAS SUKAJAYA Jl. Raya Pasir Madang Km.7,MRP,"1/2"" MICROPORE 1/2 INCH",400,PCS,4504.7,0.0,1801880.0,50485766.8,5553434.3,56039201.1,2024,10,2024-10
0068/JL/1024,2024-10-01,PL-0070,PUSKESMAS SUKAJAYA Jl. Raya Pasir Madang Km.7,MRP,"1"" MICROPORE 1 INCH",250,PCS,9009.0,0.0,2252250.0,50485766.8,5553434.3,56039201.1,2024,10,2024-10
0068/JL/1024,2024-10-01,PL-0070,PUSKESMAS SUKAJAYA Jl. Raya Pasir Madang Km.7,NKS,16X16 KASSA STERIL 16X16,1000,PCS,2702.7,0.0,2702700.0,50485766.8,5553434.3,56039201.1,2024,10,2024-10
0068/JL/1024,2024-10-01,PL-0070,PUSKESMAS SUKAJAYA Jl. Raya Pasir Madang Km.7,UFIX,Ultrafix Medical 10x5,200,BOX,22522.5,0.0,4504500.0,50485766.8,5553434.3,56039201.1,2024,10,2024-10
0085/JL/1024,2024-10-03,PL-0001,RUMAH SAKIT YARSI,367856,"TUBE EDTA PLH 13X75, 3.0",20,BOX,276100.0,20.0,4417600.0,10014400.0,1101584.0,11115984.0,2024,10,2024-10
0085/JL/1024,2024-10-03,PL-0001,RUMAH SAKIT YARSI,367957,"TUBE SST II PLH 13X75, 3.5",20,BOX,349800.0,20.0,5596800.0,10014400.0,1101584.0,11115984.0,2024,10,2024-10
0089/JL/1024,2024-10-11,PL-0001,RUMAH SAKIT YARSI,MK08-503B,STERILE SAFETY LANCET MK08-503B,25,BOX,180000.0,50.0,2250000.0,2250000.0,247500.0,2497500.0,2024,10,2024-10
0091/JL/1024,2024-10-11,PL-0001,RUMAH SAKIT YARSI,ISDN,TAB ISDN TAB 10MG,20,BOX,35000.0,0.0,700000.0,2700000.0,297000.0,2997000.0,2024,10,2024-10
0091/JL/1024,2024-10-11,PL-0001,RUMAH SAKIT YARSI,LEVOTAB,LEVOPAR TAB,10,BOX,200000.0,0.0,2000000.0,2700000.0,297000.0,2997000.0,2024,10,2024-10
0088/JL/1024,2024-10-14,PL-0001,RUMAH SAKIT YARSI,AG18T,Agani Needle No.18 - Terumo,10,BOX,165000.0,50.0,825000.0,9225000.0,1014750.0,10239750.0,2024,10,2024-10
0088/JL/1024,2024-10-14,PL-0001,RUMAH SAKIT YARSI,MK04-115,ELECTROSURGICAL PENCIL MK04-115,200,PCS,60000.0,30.0,8400000.0,9225000.0,1014750.0,10239750.0,2024,10,2024-10
0092/JL/1024,2024-10-14,PL-0001,RUMAH SAKIT YARSI,PRAZ30,PRAZOTEC INJ 30MG,200,VIAL,76576.6,0.0,15315320.0,15315320.0,1684685.2,17000005.2,2024,10,2024-10
0094/JL/1024,2024-10-14,PL-0001,RUMAH SAKIT YARSI,KLX-R,Kassa Lipat X-Ray 10cm x 10cm,30,PAK,530000.0,25.0,11925000.0,11925000.0,1311750.0,13236750.0,2024,10,2024-10
0087/JL/1024,2024-10-15,PL-0001,RUMAH SAKIT YARSI,KLP-10X10,Kassa Lipat Polos 10cm x 10cm,20,PAK,350000.0,37.0,4410000.0,8778000.0,965580.0,9743580.0,2024,10,2024-10
0087/JL/1024,2024-10-15,PL-0001,RUMAH SAKIT YARSI,"KLP-7,5X7,5","Kassa Lipat Polos 7,5cm x 7,5cm",30,PAK,280000.0,48.0,4368000.0,8778000.0,965580.0,9743580.0,2024,10,2024-10
0093/JL/1024,2024-10-16,PL-0001,RUMAH SAKIT YARSI,MK08-565,MASKER MULTI ONE PLUS 3PLY EARLOOP,240,BOX,22522.6,0.0,5405424.0,5405424.0,594596.6,6000020.6,2024,10,2024-10
0095/JL/1024,2024-10-16,PL-0001,RUMAH SAKIT YARSI,AG18T,Agani Needle No.18 - Terumo,10,BOX,165000.0,50.0,825000.0,7125000.0,783750.0,7908750.0,2024,10,2024-10
0095/JL/1024,2024-10-16,PL-0001,RUMAH SAKIT YARSI,MK04-115,ELECTROSURGICAL PENCIL MK04-115,150,PCS,60000.0,30.0,6300000.0,7125000.0,783750.0,7908750.0,2024,10,2024-10
0096/JL/1024,2024-10-16,PL-0001,RUMAH SAKIT YARSI,5600-0001,"SHARP CONTAINER, FOR CLINICAL WASTE, PP MATERIAL, RECTANGULAR SHAPE. LID IN TRANSPARENT COLOR, CONTAINER IN YELLOW COLOR, VOL.1L/ L105XW85XH180MM",50,PCS,13513.52,0.0,675676.0,675676.0,74324.36,750000.36,2024,10,2024-10
0097/JL/1024,2024-10-18,PL-0001,RUMAH SAKIT YARSI,OTO-L,OTORO LATEX FREE POWDER ''L'',150,BOX,75000.0,15.0,9562500.0,44625000.0,4908750.0,49533750.0,2024,10,2024-10
0097/JL/1024,2024-10-18,PL-0001,RUMAH SAKIT YARSI,OTO-M,OTORO LATEX FREE POWDER ''M'',250,BOX,75000.0,15.0,15937500.0,44625000.0,4908750.0,49533750.0,2024,10,2024-10
0097/JL/1024,2024-10-18,PL-0001,RUMAH SAKIT YARSI,OTR-S,OTORO LATEX FREE POWDER ''S'',300,BOX,75000.0,15.0,19125000.0,44625000.0,4908750.0,49533750.0,2024,10,2024-10
0098/JL/1024,2024-10-22,PL-0001,RUMAH SAKIT YARSI,KLP-10X10,Kassa Lipat Polos 10cm x 10cm,13,PAK,350000.0,37.0,2866500.0,13578000.0,1493580.0,15071580.0,2024,10,2024-10
0098/JL/1024,2024-10-22,PL-0001,RUMAH SAKIT YARSI,KLP-10X10,Kassa Lipat Polos 10cm x 10cm,3,PAK,350000.0,37.0,661500.0,13578000.0,1493580.0,15071580.0,2024,10,2024-10
0098/JL/1024,2024-10-22,PL-0001,RUMAH SAKIT YARSI,KLP-10X10,Kassa Lipat Polos 10cm x 10cm,2,PAK,350000.0,37.0,441000.0,13578000.0,1493580.0,15071580.0,2024,10,2024-10
0098/JL/1024,2024-10-22,PL-0001,RUMAH SAKIT YARSI,KLP-10X10,Kassa Lipat Polos 10cm x 10cm,2,PAK,350000.0,37.0,441000.0,13578000.0,1493580.0,15071580.0,2024,10,2024-10
0098/JL/1024,2024-10-22,PL-0001,RUMAH SAKIT YARSI,KLP-5X5,Kassa Lipat Polos 5cm x 5cm (400 pcs),7,PAK,480000.0,0.0,3360000.0,13578000.0,1493580.0,15071580.0,2024,10,2024-10
0098/JL/1024,2024-10-22,PL-0001,RUMAH SAKIT YARSI,KLP-5X5,Kassa Lipat Polos 5cm x 5cm (400 pcs),3,PAK,480000.0,0.0,1440000.0,13578000.0,1493580.0,15071580.0,2024,10,2024-10
0098/JL/1024,2024-10-22,PL-0001,RUMAH SAKIT YARSI,"KLP-7,5X7,5","Kassa Lipat Polos 7,5cm x 7,5cm",21,PAK,280000.0,48.0,3057600.0,13578000.0,1493580.0,15071580.0,2024,10,2024-10
0098/JL/1024,2024-10-22,PL-0001,RUMAH SAKIT YARSI,"KLP-7,5X7,5","Kassa Lipat Polos 7,5cm x 7,5cm",7,PAK,280000.0,48.0,1019200.0,13578000.0,1493580.0,15071580.0,2024,10,2024-10
0098/JL/1024,2024-10-22,PL-0001,RUMAH SAKIT YARSI,"KLP-7,5X7,5","Kassa Lipat Polos 7,5cm x 7,5cm",1,PAK,280000.0,48.0,145600.0,13578000.0,1493580.0,15071580.0,2024,10,2024-10
0098/JL/1024,2024-10-22,PL-0001,RUMAH SAKIT YARSI,"KLP-7,5X7,5","Kassa Lipat Polos 7,5cm x 7,5cm",1,PAK,280000.0,48.0,145600.0,13578000.0,1493580.0,15071580.0,2024,10,2024-10
0099/JL/1024,2024-10-22,PL-0001,RUMAH SAKIT YARSI,SPIR25,SPIROLA 25mg,11,BOX,100000.0,0.0,1100000.0,1100000.0,121000.0,1221000.0,2024,10,2024-10
0101/JL/1024,2024-10-28,PL-0001,RUMAH SAKIT YARSI,LEVOTAB,LEVOPAR TAB,10,BOX,200000.0,0.0,2000000.0,2000000.0,220000.0,2220000.0,2024,10,2024-10
0102/JL/1024,2024-10-28,PL-0001,RUMAH SAKIT YARSI,MK08-503B,STERILE SAFETY LANCET MK08-503B,35,BOX,180000.0,50.0,3150000.0,3150000.0,346500.0,3496500.0,2024,10,2024-10
0103/JL/1024,2024-10-28,PL-0001,RUMAH SAKIT YARSI,LGN-RTA,LUNGENE COVID-19 ANTIGEN RAPID TEST,20,BOX,310000.0,0.0,6200000.0,6200000.0,682000.0,6882000.0,2024,10,2024-10
0100/JL/1024,2024-10-29,PL-0001,RUMAH SAKIT YARSI,367856,"TUBE EDTA PLH 13X75, 3.0",20,BOX,276100.0,20.0,4417600.0,10014400.0,1101584.0,11115984.0,2024,10,2024-10
0100/JL/1024,2024-10-29,PL-0001,RUMAH SAKIT YARSI,367957,"TUBE SST II PLH 13X75, 3.5",20,BOX,349800.0,20.0,5596800.0,10014400.0,1101584.0,11115984.0,2024,10,2024-10
0176/JL/1025,2024-10-29,PL-0035,TOKO ASME MEDIKA Jl. Re Martadinata No.5 Cikarang utara (samping kfc),MK01-100,SINGLE HEAD STETHOSCOPE,100,PCS,20000.0,0.0,2000000.0,5955000.0,0.0,5955000.0,2024,10,2024-10
0176/JL/1025,2024-10-29,PL-0035,TOKO ASME MEDIKA Jl. Re Martadinata No.5 Cikarang utara (samping kfc),MK01-104,DUAL HEAD STETHOSCOPE,100,PCS,22000.0,0.0,2200000.0,5955000.0,0.0,5955000.0,2024,10,2024-10
0176/JL/1025,2024-10-29,PL-0035,TOKO ASME MEDIKA Jl. Re Martadinata No.5 Cikarang utara (samping kfc),MK07-301,MEDICAL PEN TYPE FLASHLIGHTHS,15,PCS,17000.0,0.0,255000.0,5955000.0,0.0,5955000.0,2024,10,2024-10
0176/JL/1025,2024-10-29,PL-0035,TOKO ASME MEDIKA Jl. Re Martadinata No.5 Cikarang utara (samping kfc),MK07-353,OTOSCOPE MK07-353,5,UNIT,300000.0,0.0,1500000.0,5955000.0,0.0,5955000.0,2024,10,2024-10
0104/JL/1024,2024-10-31,PL-0001,RUMAH SAKIT YARSI,KLP-10X10,Kassa Lipat Polos 10cm x 10cm,20,PAK,350000.0,37.0,4410000.0,8778000.0,965580.0,9743580.0,2024,10,2024-10
0104/JL/1024,2024-10-31,PL-0001,RUMAH SAKIT YARSI,"KLP-7,5X7,5","Kassa Lipat Polos 7,5cm x 7,5cm",30,PAK,280000.0,48.0,4368000.0,8778000.0,965580.0,9743580.0,2024,10,2024-10
0086/JL/1024,2024-11-01,PL-0029,PT. FOKUS SAHABAT,2121-0030,"INOCULATION LOOPS, FLEXIBLE, 1μL+INCORPORATED NEEDLE, ABS MATERIAL, NEUTRAL COLOR. 1PC/PEEL-PK, GAMMA STERILE",1,CARTON,4500000.0,0.0,4500000.0,8680000.0,954800.0,9634800.0,2024,11,2024-11
0086/JL/1024,2024-11-01,PL-0029,PT. FOKUS SAHABAT,4320-0112,"PASTEUR PIPETTE, LDPE MATERIAL, CAP.5ML/145MM LONG, GRADUATED AT EVERY 1/4ML UP TO 1ML. INDIVIDUAL FLOW-PACK, E.O. STERILE No Transaksi TPAanSgTEgUalR PIPETTKEo, dLDe PPEe Ml.ATERNIAaLm, a Pelanggan Alamat CAP.5ML/145MM LONG, GRADUATED AT EVERY 1/4ML UP TO 1ML. INDIVIDUAL FLOW-PACK, E.O. STERILE",2,CARTON,650000.0,0.0,1300000.0,8680000.0,954800.0,9634800.0,2024,11,2024-11
0086/JL/1024,2024-11-01,PL-0029,PT. FOKUS SAHABAT,5600-0001,"SHARP CONTAINER, FOR CLINICAL WASTE, PP MATERIAL, RECTANGULAR SHAPE. LID IN TRANSPARENT COLOR, CONTAINER IN YELLOW COLOR, VOL.1L/ L105XW85XH180MM",3,CARTON,960000.0,0.0,2880000.0,8680000.0,954800.0,9634800.0,2024,11,2024-11
0108/JL/1124,2024-11-04,PL-0073,PUSKESMAS BINTARA,AEROSOL,AEROSOL ANTI NYAMUK,20,PCS,36036.0,0.0,720720.0,56756756.8,6243243.2,63000000.0,2024,11,2024-11
0108/JL/1124,2024-11-04,PL-0073,PUSKESMAS BINTARA,DETER,SABUN DETERGEN BUBUK,20,PCS,46846.8,0.0,936936.0,56756756.8,6243243.2,63000000.0,2024,11,2024-11
0108/JL/1124,2024-11-04,PL-0073,PUSKESMAS BINTARA,EMBER30,EMBER PLASTIK 30 LITER,10,PCS,76577.0,0.0,765770.0,56756756.8,6243243.2,63000000.0,2024,11,2024-11
0108/JL/1124,2024-11-04,PL-0073,PUSKESMAS BINTARA,GAYUNG,GAYUNG,13,PCS,14414.4,0.0,187387.2,56756756.8,6243243.2,63000000.0,2024,11,2024-11
0108/JL/1124,2024-11-04,PL-0073,PUSKESMAS BINTARA,GORDENVB,GORDEN VERTICAL BLIND,26,SET,563063.0,0.0,14639638.0,56756756.8,6243243.2,63000000.0,2024,11,2024-11
0108/JL/1124,2024-11-04,PL-0073,PUSKESMAS BINTARA,KACASANDBLA,SANDBLAST KACA ST,1,SET,2196396.4,0.0,2196396.4,56756756.8,6243243.2,63000000.0,2024,11,2024-11
0108/JL/1124,2024-11-04,PL-0073,PUSKESMAS BINTARA,KAMLET,Kamper Toilet,50,PAK,22522.5,0.0,1126125.0,56756756.8,6243243.2,63000000.0,2024,11,2024-11
0108/JL/1124,2024-11-04,PL-0073,PUSKESMAS BINTARA,KANEBO,KANEBO,30,PCS,25225.2,0.0,756756.0,56756756.8,6243243.2,63000000.0,2024,11,2024-11
0108/JL/1124,2024-11-04,PL-0073,PUSKESMAS BINTARA,KESET,RAJUT KAIN KESET RAJUT/ANYAM,20,PCS,13514.0,0.0,270280.0,56756756.8,6243243.2,63000000.0,2024,11,2024-11
0108/JL/1124,2024-11-04,PL-0073,PUSKESMAS BINTARA,KPLB5,KANTONG PLASTIK BENING UK 5,20,PAK,15315.3,0.0,306306.0,56756756.8,6243243.2,63000000.0,2024,11,2024-11
0108/JL/1124,2024-11-04,PL-0073,PUSKESMAS BINTARA,LABEL,OBAT LABEL ETIKET OBAT,130,PAK,48648.6,0.0,6324318.0,56756756.8,6243243.2,63000000.0,2024,11,2024-11
0108/JL/1124,2024-11-04,PL-0073,PUSKESMAS BINTARA,LOBBYDUS,LOBBY DUSTER 90 CM,10,PCS,162162.1,0.0,1621621.0,56756756.8,6243243.2,63000000.0,2024,11,2024-11
0108/JL/1124,2024-11-04,PL-0073,PUSKESMAS BINTARA,PBSHLAS,Pembersih Lantai Aroma Sereh,15,PCS,58558.5,0.0,878377.5,56756756.8,6243243.2,63000000.0,2024,11,2024-11
0108/JL/1124,2024-11-04,PL-0073,PUSKESMAS BINTARA,PELLAN,PEL LANTAI GAGANG,10,PCS,42342.3,0.0,423423.0,56756756.8,6243243.2,63000000.0,2024,11,2024-11
0108/JL/1124,2024-11-04,PL-0073,PUSKESMAS BINTARA,PEMPOR,PEMBERSIH PORSELEN,15,BOX,60360.3,0.0,905404.5,56756756.8,6243243.2,63000000.0,2024,11,2024-11
0108/JL/1124,2024-11-04,PL-0073,PUSKESMAS BINTARA,PEMUTIHPAKAI,Pemutih Pakaian AN,3,PCS,72073.0,0.0,216219.0,56756756.8,6243243.2,63000000.0,2024,11,2024-11
0108/JL/1124,2024-11-04,PL-0073,PUSKESMAS BINTARA,PENGKI,Pengki,8,PCS,27027.0,0.0,216216.0,56756756.8,6243243.2,63000000.0,2024,11,2024-11
0108/JL/1124,2024-11-04,PL-0073,PUSKESMAS BINTARA,PKSH40X60,Plastik Sampah Hitam 40x60,50,PAK,25945.9,0.0,1297295.0,56756756.8,6243243.2,63000000.0,2024,11,2024-11
0108/JL/1124,2024-11-04,PL-0073,PUSKESMAS BINTARA,PKSH50X57,PLASTIK SAMPAH HITAM 50x57,25,PAK,22342.3,0.0,558557.5,56756756.8,6243243.2,63000000.0,2024,11,2024-11
0108/JL/1124,2024-11-04,PL-0073,PUSKESMAS BINTARA,PKSH90X120,PLASTIK SAMPAH HITAM 90x120,30,PAK,25945.9,0.0,778377.0,56756756.8,6243243.2,63000000.0,2024,11,2024-11
0108/JL/1124,2024-11-04,PL-0073,PUSKESMAS BINTARA,PKSK40X60,PLASTIK SAMPAH KUNING 40x60,80,PAK,36036.0,0.0,2882880.0,56756756.8,6243243.2,63000000.0,2024,11,2024-11
0108/JL/1124,2024-11-04,PL-0073,PUSKESMAS BINTARA,PKSK90X120,PLASTIK SAMPAH KUNING 90x120,118,PAK,24324.3,0.0,2870267.4,56756756.8,6243243.2,63000000.0,2024,11,2024-11
0108/JL/1124,2024-11-04,PL-0073,PUSKESMAS BINTARA,PO-8.7X13,Plastik Obat Ukuran 8.7x13,800,PAK,11711.7,0.0,9369360.0,56756756.8,6243243.2,63000000.0,2024,11,2024-11
0108/JL/1124,2024-11-04,PL-0073,PUSKESMAS BINTARA,REFLOBBYDUS,REFILL LOBBY DUSTER 45 CM,5,PCS,85585.6,0.0,427928.0,56756756.8,6243243.2,63000000.0,2024,11,2024-11
0108/JL/1124,2024-11-04,PL-0073,PUSKESMAS BINTARA,SABUNPIRING,SABUN PENCUCI PIRING,15,PCS,22523.0,0.0,337845.0,56756756.8,6243243.2,63000000.0,2024,11,2024-11
0108/JL/1124,2024-11-04,PL-0073,PUSKESMAS BINTARA,SAPU,LIDI Sapu Lidi Gagang,10,PCS,18018.0,0.0,180180.0,56756756.8,6243243.2,63000000.0,2024,11,2024-11
0108/JL/1124,2024-11-04,PL-0073,PUSKESMAS BINTARA,SAPU,IJUK Sapu Ijuk Lantai,10,PCS,23963.9,0.0,239639.0,56756756.8,6243243.2,63000000.0,2024,11,2024-11
0108/JL/1124,2024-11-04,PL-0073,PUSKESMAS BINTARA,SAPULIDI,Sapu Lidi Kasur,3,PCS,8109.0,0.0,24327.0,56756756.8,6243243.2,63000000.0,2024,11,2024-11
0108/JL/1124,2024-11-04,PL-0073,PUSKESMAS BINTARA,SARINGANKOL,SARINGAN KOLAM AM,1,PCS,81982.1,0.0,81982.1,56756756.8,6243243.2,63000000.0,2024,11,2024-11
0108/JL/1124,2024-11-04,PL-0073,PUSKESMAS BINTARA,SPON,SPON CUCI PIRING,10,PCS,6757.0,0.0,67570.0,56756756.8,6243243.2,63000000.0,2024,11,2024-11
0108/JL/1124,2024-11-04,PL-0073,PUSKESMAS BINTARA,TC-HANDSOAP,TWIN CARE HANDSOAP AROMA KEMASAN 5 LITER,15,DRIGEN,78378.3,0.0,1175674.5,56756756.8,6243243.2,63000000.0,2024,11,2024-11
0108/JL/1124,2024-11-04,PL-0073,PUSKESMAS BINTARA,TISU,TISSUE,130,PAK,13063.0,0.0,1698190.0,56756756.8,6243243.2,63000000.0,2024,11,2024-11
0108/JL/1124,2024-11-04,PL-0073,PUSKESMAS BINTARA,TISUGT,Tissue Gulung Toilet,50,PAK,16667.0,0.0,833350.0,56756756.8,6243243.2,63000000.0,2024,11,2024-11
0108/JL/1124,2024-11-04,PL-0073,PUSKESMAS BINTARA,TISUHT,Tissue Hand Towel,100,PAK,7207.2,0.0,720720.0,56756756.8,6243243.2,63000000.0,2024,11,2024-11
0108/JL/1124,2024-11-04,PL-0073,PUSKESMAS BINTARA,TROLI,TROLI KEBERSIHAN,1,UNIT,720720.7,0.0,720720.7,56756756.8,6243243.2,63000000.0,2024,11,2024-11
0105/JL/1124,2024-11-05,PL-0001,RUMAH SAKIT YARSI,367856,"TUBE EDTA PLH 13X75, 3.0",30,BOX,276100.0,20.0,6626400.0,15021600.0,1652376.0,16673976.0,2024,11,2024-11
0105/JL/1124,2024-11-05,PL-0001,RUMAH SAKIT YARSI,367957,"TUBE SST II PLH 13X75, 3.5",30,BOX,349800.0,20.0,8395200.0,15021600.0,1652376.0,16673976.0,2024,11,2024-11
0106/JL/1124,2024-11-05,PL-0001,RUMAH SAKIT YARSI,SPIR25,SPIROLA 25mg,100,BOX,121000.0,10.0,10890000.0,10890000.0,1197900.0,12087900.0,2024,11,2024-11
0110/JL/1124,2024-11-06,PL-0075,PUSKESMAS REBAN,HCG,SET HECTING,4,SET,472972.97,0.0,1891891.89,1891891.89,208108.1,2100000.0,2024,11,2024-11
0111/JL/1124,2024-11-08,PL-0001,RUMAH SAKIT YARSI,OTO-L,OTORO LATEX FREE POWDER ''L'',150,BOX,75000.0,15.0,9562500.0,44625000.0,4908750.0,49533750.0,2024,11,2024-11
0111/JL/1124,2024-11-08,PL-0001,RUMAH SAKIT YARSI,OTO-M,OTORO LATEX FREE POWDER ''M'',250,BOX,75000.0,15.0,15937500.0,44625000.0,4908750.0,49533750.0,2024,11,2024-11
0111/JL/1124,2024-11-08,PL-0001,RUMAH SAKIT YARSI,OTR-S,OTORO LATEX FREE POWDER ''S'',300,BOX,75000.0,15.0,19125000.0,44625000.0,4908750.0,49533750.0,2024,11,2024-11
0125/JL/1224,2024-11-08,PL-0012,"PUSKESMAS Jl. Raya Rancabungur, Rancabungur, Kec. Ranca",EGT,EMERGENCY TROLLEY,1,UNIT,8558558.6,0.0,8558558.6,8558558.6,941441.4,9500000.0,2024,11,2024-11
0109/JL/1124,2024-11-11,PL-0074,PUSKESMAS RAWAT INAP Jl. Mayor DJamal Alim No.7,LKP7.5X4.5,Leukoplast 1625H (7.5cm X 4.5M),25,ROL,58918.92,0.0,1472973.0,1472973.0,162027.0,1635000.0,2024,11,2024-11
0112/JL/1124,2024-11-12,PL-0001,RUMAH SAKIT YARSI,MK08-503B,STERILE SAFETY LANCET MK08-503B,35,BOX,180000.0,50.0,3150000.0,3150000.0,346500.0,3496500.0,2024,11,2024-11
0113/JL/1124,2024-11-12,PL-0001,RUMAH SAKIT YARSI,MK04-115,ELECTROSURGICAL PENCIL MK04-115,100,PCS,60000.0,30.0,4200000.0,4200000.0,462000.0,4662000.0,2024,11,2024-11
0114/JL/1124,2024-11-12,PL-0001,RUMAH SAKIT YARSI,PRAZ30,PRAZOTEC INJ 30MG,150,VIAL,75000.0,0.0,11250000.0,11250000.0,1237500.0,12487500.0,2024,11,2024-11
0124/JL/1224,2024-11-15,PL-0066,PUSKESMAS CIJAYANTI,SAU,STRIP ASAM URAT,30,BOX,142342.3,0.0,4270269.0,23922297.5,2631452.7,26553750.2,2024,11,2024-11
0124/JL/1224,2024-11-15,PL-0066,PUSKESMAS CIJAYANTI,SCT,STRIP CHOLESTEROL,32,BOX,236486.5,0.0,7567568.0,23922297.5,2631452.7,26553750.2,2024,11,2024-11
0124/JL/1224,2024-11-15,PL-0066,PUSKESMAS CIJAYANTI,SHB,STRIP HEMOGOBLIN (HB),30,BOX,372072.1,0.0,11162163.0,23922297.5,2631452.7,26553750.2,2024,11,2024-11
0124/JL/1224,2024-11-15,PL-0066,PUSKESMAS CIJAYANTI,URS-10T,URINE STRIP 10U,5,BTL,184459.5,0.0,922297.5,23922297.5,2631452.7,26553750.2,2024,11,2024-11
0116/JL/1124,2024-11-23,PL-0001,RUMAH SAKIT YARSI,KLP-10X10,Kassa Lipat Polos 10cm x 10cm,30,PAK,350000.0,37.0,6615000.0,23199000.0,2551890.0,25750890.0,2024,11,2024-11
0116/JL/1124,2024-11-23,PL-0001,RUMAH SAKIT YARSI,KLP-5X5,Kassa Lipat Polos 5cm x 5cm (400 pcs),30,PAK,480000.0,0.0,14400000.0,23199000.0,2551890.0,25750890.0,2024,11,2024-11
0116/JL/1124,2024-11-23,PL-0001,RUMAH SAKIT YARSI,"KLP-7,5X7,5","Kassa Lipat Polos 7,5cm x 7,5cm",15,PAK,280000.0,48.0,2184000.0,23199000.0,2551890.0,25750890.0,2024,11,2024-11
0123/JL/1124,2024-11-25,PL-0023,"PUSKESMAS TENJOLAYA Jl. Abdul Fatah, RT.21/RW.05, Cinangneng, Kec.",HEM-7156TA,TENSIMETER OMRON HEM-7156TA,5,UNIT,2297297.8,0.0,11486489.0,16891893.5,1858108.3,18750001.8,2024,11,2024-11
0123/JL/1124,2024-11-25,PL-0023,"PUSKESMAS TENJOLAYA Jl. Abdul Fatah, RT.21/RW.05, Cinangneng, Kec.",TROLKG,TROLLY EKG,2,UNIT,1531531.0,0.0,3063062.0,16891893.5,1858108.3,18750001.8,2024,11,2024-11
0123/JL/1124,2024-11-25,PL-0023,"PUSKESMAS TENJOLAYA Jl. Abdul Fatah, RT.21/RW.05, Cinangneng, Kec.",YUWELL,YT1 TERMOMETER HEAD YUWELL YT 1,5,UNIT,468468.5,0.0,2342342.5,16891893.5,1858108.3,18750001.8,2024,11,2024-11
0115/JL/1124,2024-11-26,PL-0001,RUMAH SAKIT YARSI,INNERPLAS5,INNER PLASTIK SAFETY BOX 5 L,200,PCS,0.0,0.0,0.0,3400000.0,374000.0,3774000.0,2024,11,2024-11
0115/JL/1124,2024-11-26,PL-0001,RUMAH SAKIT YARSI,SB5L,SAFETY BOX 5L + TALI KUNING,200,PCS,20000.0,15.0,3400000.0,3400000.0,374000.0,3774000.0,2024,11,2024-11
0117/JL/1124,2024-11-26,PL-0001,RUMAH SAKIT YARSI,OTR-XS,OTORO LATEX FREE POWDER ''XS'',20,BOX,75000.0,15.0,1275000.0,1275000.0,140250.0,1415250.0,2024,11,2024-11
0118/JL/1124,2024-11-26,PL-0001,RUMAH SAKIT YARSI,LEVOTAB,LEVOPAR TAB,20,BOX,200000.0,0.0,4000000.0,4000000.0,440000.0,4440000.0,2024,11,2024-11
0121/JL/1124,2024-11-29,PL-0001,RUMAH SAKIT YARSI,JARD25,JARDIANCE 25 MG,2,BOX,816000.0,0.0,1632000.0,1632000.0,179520.0,1811520.0,2024,11,2024-11
0122/JL/1124,2024-11-29,PL-0001,RUMAH SAKIT YARSI,MK04-115,ELECTROSURGICAL PENCIL MK04-115,100,PCS,60000.0,30.0,4200000.0,4200000.0,462000.0,4662000.0,2024,11,2024-11
0090/JL/1224,2024-12-03,PL-0072,APOTEK MEKAR ASRI II,MK04-115,ELECTROSURGICAL PENCIL MK04-115,100,PCS,60000.0,30.0,4200000.0,4725000.0,519750.0,5244750.0,2024,12,2024-12
0090/JL/1224,2024-12-03,PL-0072,APOTEK MEKAR ASRI II,MK09-135,NASAL OXYGEN CANNULA ADULT,100,PCS,7500.0,30.0,525000.0,4725000.0,519750.0,5244750.0,2024,12,2024-12
0119/JL/1124,2024-12-03,PL-0001,RUMAH SAKIT YARSI,367856,"TUBE EDTA PLH 13X75, 3.0",30,BOX,276100.0,20.0,6626400.0,12223200.0,1344552.0,13567752.0,2024,12,2024-12
0119/JL/1124,2024-12-03,PL-0001,RUMAH SAKIT YARSI,367957,"TUBE SST II PLH 13X75, 3.5",20,BOX,349800.0,20.0,5596800.0,12223200.0,1344552.0,13567752.0,2024,12,2024-12
0120/JL/1124,2024-12-03,PL-0001,RUMAH SAKIT YARSI,FOMILG,FOLAMIL GENIO,10,BOX,150000.0,5.0,1425000.0,13291050.0,1462015.5,14753065.5,2024,12,2024-12
0120/JL/1124,2024-12-03,PL-0001,RUMAH SAKIT YARSI,MDXS,140 MODEXA SPRAY 140,14,BTL,338000.0,5.0,4495400.0,13291050.0,1462015.5,14753065.5,2024,12,2024-12
0120/JL/1124,2024-12-03,PL-0001,RUMAH SAKIT YARSI,NTG,INJ 10 NTG INJ 10 MG,10,BOX,650000.0,25.0,4875000.0,13291050.0,1462015.5,14753065.5,2024,12,2024-12
0120/JL/1124,2024-12-03,PL-0001,RUMAH SAKIT YARSI,TERMIC10,TERMISIL CREAM 10 GRAM,7,TUBE,65000.0,5.0,432250.0,13291050.0,1462015.5,14753065.5,2024,12,2024-12
0120/JL/1124,2024-12-03,PL-0001,RUMAH SAKIT YARSI,TETAGAM,INJ 1 TETAGAM P. PREFILLED INJ 1 ML,4,BOX,303000.0,5.0,1151400.0,13291050.0,1462015.5,14753065.5,2024,12,2024-12
0120/JL/1124,2024-12-03,PL-0001,RUMAH SAKIT YARSI,VECCAP,VECTRINE 300 MG,6,BOX,160000.0,5.0,912000.0,13291050.0,1462015.5,14753065.5,2024,12,2024-12
0126/JL/1224,2024-12-05,PL-0001,RUMAH SAKIT YARSI,PHOTO-XHZ90,GEA Neonate Bilirubin Phototherapy XHZ-90,1,UNIT,5500000.0,0.0,5500000.0,11000000.0,1210000.0,12210000.0,2024,12,2024-12
0126/JL/1224,2024-12-05,PL-0001,RUMAH SAKIT YARSI,PHOTO-XHZ90,GEA Neonate Bilirubin Phototherapy XHZ-90,1,UNIT,5500000.0,0.0,5500000.0,11000000.0,1210000.0,12210000.0,2024,12,2024-12
0139/JL/1224,2024-12-09,PL-0066,PUSKESMAS CIJAYANTI,AS,ALKOHOL SWAB,50,BOX,12162.2,0.0,608110.0,3824325.0,420675.75,4245000.75,2024,12,2024-12
0139/JL/1224,2024-12-09,PL-0066,PUSKESMAS CIJAYANTI,MK08-565,MASKER MULTI ONE PLUS 3PLY EARLOOP,35,BOX,48648.6,0.0,1702701.0,3824325.0,420675.75,4245000.75,2024,12,2024-12
0139/JL/1224,2024-12-09,PL-0066,PUSKESMAS CIJAYANTI,OTO-M,OTORO LATEX FREE POWDER ''M'',20,BOX,75675.7,0.0,1513514.0,3824325.0,420675.75,4245000.75,2024,12,2024-12
0127/JL/1224,2024-12-10,PL-0001,RUMAH SAKIT YARSI,OTO-M,OTORO LATEX FREE POWDER ''M'',250,BOX,75000.0,15.0,15937500.0,35062500.0,3856875.0,38919375.0,2024,12,2024-12
0127/JL/1224,2024-12-10,PL-0001,RUMAH SAKIT YARSI,OTR-S,OTORO LATEX FREE POWDER ''S'',300,BOX,75000.0,15.0,19125000.0,35062500.0,3856875.0,38919375.0,2024,12,2024-12
0128/JL/1224,2024-12-10,PL-0029,PT. FOKUS SAHABAT,4004-1021,"CYLINDRICAL CULTURE TUBE, WITH DUAL- POSITION SNAP CAP IN PE MATERIAL (LOOSE FOR AEROBIC CULTURING, TIGHT FOR SEALING), TUBES IN PS MATERIAL. VOL.15ML/17X100MM, WITH GRADUATION AT EACH 1/2ML UP TO 12ML. INDIVIDUAL PEEL-PK, GAMMA STERILE",1,CARTON,1300000.0,0.0,1300000.0,1300000.0,143000.0,1443000.0,2024,12,2024-12
0129/JL/1224,2024-12-11,PL-0001,RUMAH SAKIT YARSI,LGN-RTA,LUNGENE COVID-19 ANTIGEN RAPID TEST,20,BOX,310000.0,0.0,6200000.0,8900000.0,979000.0,9879000.0,2024,12,2024-12
0129/JL/1224,2024-12-11,PL-0001,RUMAH SAKIT YARSI,MK08-503B,STERILE SAFETY LANCET MK08-503B,30,BOX,180000.0,50.0,2700000.0,8900000.0,979000.0,9879000.0,2024,12,2024-12
0131/JL/1224,2024-12-13,PL-0076,"UPTD PUSKESMAS JL. RAYA TAPOS NO. 51 CIMPAEUN, KEC. TAPOS",SGM-400,SUSU SGM EXPLORE GAIN OPTIGROW 400GR,174,BOX,119000.0,0.0,20706000.0,20706000.0,2277660.0,22983660.0,2024,12,2024-12
0132/JL/1224,2024-12-13,PL-0001,RUMAH SAKIT YARSI,PRAZ30,PRAZOTEC INJ 30MG,200,VIAL,75000.0,0.0,15000000.0,15000000.0,1650000.0,16650000.0,2024,12,2024-12
0133/JL/1224,2024-12-13,PL-0001,RUMAH SAKIT YARSI,FOMILG,FOLAMIL GENIO,2,BOX,150000.0,5.0,285000.0,8665000.0,953150.0,9618150.0,2024,12,2024-12
0133/JL/1224,2024-12-13,PL-0001,RUMAH SAKIT YARSI,LEVOTAB,LEVOPAR TAB,20,BOX,200000.0,0.0,4000000.0,8665000.0,953150.0,9618150.0,2024,12,2024-12
0133/JL/1224,2024-12-13,PL-0001,RUMAH SAKIT YARSI,RISDONE2,RISPERIDONE 2MG,30,BOX,66000.0,0.0,1980000.0,8665000.0,953150.0,9618150.0,2024,12,2024-12
0133/JL/1224,2024-12-13,PL-0001,RUMAH SAKIT YARSI,VALS,160 VALSARTAN 160MG,50,BOX,48000.0,0.0,2400000.0,8665000.0,953150.0,9618150.0,2024,12,2024-12
0130/JL/1224,2024-12-16,PL-0001,RUMAH SAKIT YARSI,KLP-10X10,Kassa Lipat Polos 10cm x 10cm,20,PAK,350000.0,37.0,4410000.0,13146000.0,1446060.0,14592060.0,2024,12,2024-12
0130/JL/1224,2024-12-16,PL-0001,RUMAH SAKIT YARSI,"KLP-7,5X7,5","Kassa Lipat Polos 7,5cm x 7,5cm",60,PAK,280000.0,48.0,8736000.0,13146000.0,1446060.0,14592060.0,2024,12,2024-12
0135/JL/1224,2024-12-16,PL-0072,APOTEK MEKAR ASRI II,MK09-135,NASAL OXYGEN CANNULA ADULT,200,PCS,7500.0,30.0,1050000.0,1050000.0,115500.0,1165500.0,2024,12,2024-12
0136/JL/1224,2024-12-16,PL-0075,PUSKESMAS REBAN,HEM-8712,TENSI DIGITAL OMRON HEM 8712,2,UNIT,810810.8,0.0,1621621.6,3603603.600000001,396396.4,4000000.0,2024,12,2024-12
0136/JL/1224,2024-12-16,PL-0075,PUSKESMAS REBAN,PSE,OXA PULSE OXYMETER ANAK,2,PCS,540540.6,0.0,1081081.2,3603603.600000001,396396.4,4000000.0,2024,12,2024-12
0136/JL/1224,2024-12-16,PL-0075,PUSKESMAS REBAN,PULSE-,PULSE OXIMETER JPD-500D ONEHEALTH JPD500D,2,UNIT,450450.4,0.0,900900.8,3603603.600000001,396396.4,4000000.0,2024,12,2024-12
0137/JL/1224,2024-12-16,PL-0001,RUMAH SAKIT YARSI,METRDI500,Metronidazole Infus 500mg/100ml,200,BTL,20000.0,0.0,4000000.0,4000000.0,440000.0,4440000.0,2024,12,2024-12
0138/JL/1224,2024-12-16,PL-0075,PUSKESMAS REBAN,KPBP,KERTAS PUYER BERLOGO,1,DUS,3243243.2,0.0,3243243.2,3243243.2,356756.8,3600000.0,2024,12,2024-12
0134/JL/1224,2024-12-18,PL-0001,RUMAH SAKIT YARSI,METROBER100,METRONIDAZOLE INFUS 100ML BERNO,10,BTL,30000.0,0.0,300000.0,300000.0,33000.0,333000.0,2024,12,2024-12
0140/JL/1224,2024-12-19,PL-0046,"UPTD Puskesmas Cilangkap Jl. H. Raya Kp. Banjaran Pucung, RT.01/RW.07",SGM-400,SUSU SGM EXPLORE GAIN OPTIGROW 400GR,87,BOX,119000.0,0.0,10353000.0,13833000.0,1521630.0,15354630.0,2024,12,2024-12
0140/JL/1224,2024-12-19,PL-0046,"UPTD Puskesmas Cilangkap Jl. H. Raya Kp. Banjaran Pucung, RT.01/RW.07",SGMA-100,SUSU SGM ANANDA GAIN 100,24,BOX,145000.0,0.0,3480000.0,13833000.0,1521630.0,15354630.0,2024,12,2024-12
0107/JL/1224,2024-12-20,PL-0052,"PUSKESMAS SENTUL JL. Pintu 3 Sirkuit Sentul, Kadumangu, Kec. Babakan",AC-S1,SHARP AC SHARP 1 PK,1,UNIT,4954955.0,0.0,4954955.0,4954955.0,545045.0,5500000.0,2024,12,2024-12
0141/JL/1224,2024-12-20,PL-0077,UPTD PUSKESMAS JL. NAM NAM RAYA RT 05 RW 07 KEL. MAMPANG,SPDC-380,SUSU PEDIACOMPLETE 380GR VANILA,11,BOX,290000.0,0.0,3190000.0,27130000.0,2984300.0,30114300.0,2024,12,2024-12
0141/JL/1224,2024-12-20,PL-0077,UPTD PUSKESMAS JL. NAM NAM RAYA RT 05 RW 07 KEL. MAMPANG,SPSR-400,SUSU PEDIASURE 400GR ABBOT,84,BOX,285000.0,0.0,23940000.0,27130000.0,2984300.0,30114300.0,2024,12,2024-12
0142/JL/1224,2024-12-20,PL-0052,"PUSKESMAS SENTUL JL. Pintu 3 Sirkuit Sentul, Kadumangu, Kec. Babakan",CCTV6,CCTV 6 CHANNEL,1,UNIT,0.0,0.0,0.0,14414414.4,1585585.6,16000000.0,2024,12,2024-12
0142/JL/1224,2024-12-20,PL-0052,"PUSKESMAS SENTUL JL. Pintu 3 Sirkuit Sentul, Kadumangu, Kec. Babakan",CDS,COLD STORAGE,1,UNIT,0.0,0.0,0.0,14414414.4,1585585.6,16000000.0,2024,12,2024-12
0142/JL/1224,2024-12-20,PL-0052,"PUSKESMAS SENTUL JL. Pintu 3 Sirkuit Sentul, Kadumangu, Kec. Babakan","TV42""",TV 42 INC,1,UNIT,14414414.4,0.0,14414414.4,14414414.4,1585585.6,16000000.0,2024,12,2024-12
0149/JL/0124,2024-12-20,PL-0052,"PUSKESMAS SENTUL JL. Pintu 3 Sirkuit Sentul, Kadumangu, Kec. Babakan",AC-S1,SHARP AC SHARP 1 PK,1,UNIT,4954955.0,0.0,4954955.0,4954955.0,545045.0,5500000.0,2024,12,2024-12
0143/JL/1224,2024-12-23,PL-0046,"UPTD Puskesmas Cilangkap Jl. H. Raya Kp. Banjaran Pucung, RT.01/RW.07",SGM-400,SUSU SGM EXPLORE GAIN OPTIGROW 400GR,116,BOX,119000.0,0.0,13804000.0,20505000.0,2255550.0,22760550.0,2024,12,2024-12
0143/JL/1224,2024-12-23,PL-0046,"UPTD Puskesmas Cilangkap Jl. H. Raya Kp. Banjaran Pucung, RT.01/RW.07",SGMA-100,SUSU SGM ANANDA GAIN 100,23,BOX,145000.0,0.0,3335000.0,20505000.0,2255550.0,22760550.0,2024,12,2024-12
0143/JL/1224,2024-12-23,PL-0046,"UPTD Puskesmas Cilangkap Jl. H. Raya Kp. Banjaran Pucung, RT.01/RW.07",SPSRGO-110,SUSU PEDIASURE GO 110ML,187,BOX,18000.0,0.0,3366000.0,20505000.0,2255550.0,22760550.0,2024,12,2024-12
0144/JL/1224,2024-12-28,PL-0001,RUMAH SAKIT YARSI,KLP-10X10,Kassa Lipat Polos 10cm x 10cm,45,PAK,350000.0,37.0,9922500.0,31796500.0,3497615.0,35294115.0,2024,12,2024-12
0144/JL/1224,2024-12-28,PL-0001,RUMAH SAKIT YARSI,KLP-5X5,Kassa Lipat Polos 5cm x 5cm (400 pcs),10,PAK,480000.0,0.0,4800000.0,31796500.0,3497615.0,35294115.0,2024,12,2024-12
0144/JL/1224,2024-12-28,PL-0001,RUMAH SAKIT YARSI,"KLP-7,5X7,5","Kassa Lipat Polos 7,5cm x 7,5cm",40,PAK,280000.0,48.0,5824000.0,31796500.0,3497615.0,35294115.0,2024,12,2024-12
0144/JL/1224,2024-12-28,PL-0001,RUMAH SAKIT YARSI,PRAZ30,PRAZOTEC INJ 30MG,150,VIAL,75000.0,0.0,11250000.0,31796500.0,3497615.0,35294115.0,2024,12,2024-12
0145/JL/1224,2024-12-28,PL-0001,RUMAH SAKIT YARSI,OTO-L,OTORO LATEX FREE POWDER ''L'',150,BOX,75000.0,15.0,9562500.0,44625000.0,4908750.0,49533750.0,2024,12,2024-12
0145/JL/1224,2024-12-28,PL-0001,RUMAH SAKIT YARSI,OTO-M,OTORO LATEX FREE POWDER ''M'',250,BOX,75000.0,15.0,15937500.0,44625000.0,4908750.0,49533750.0,2024,12,2024-12
0145/JL/1224,2024-12-28,PL-0001,RUMAH SAKIT YARSI,OTR-S,OTORO LATEX FREE POWDER ''S'',300,BOX,75000.0,15.0,19125000.0,44625000.0,4908750.0,49533750.0,2024,12,2024-12
0147/JL/1224,2024-12-28,PL-0001,RUMAH SAKIT YARSI,MK08-503B,STERILE SAFETY LANCET MK08-503B,35,BOX,180000.0,50.0,3150000.0,3150000.0,346500.0,3496500.0,2024,12,2024-12
0146/JL/1224,2024-12-31,PL-0001,RUMAH SAKIT YARSI,367812,TUBE PLN PLH 13X75 4.0 PLBL RD,5,BOX,290960.0,0.0,1454800.0,1454800.0,160028.0,1614828.0,2024,12,2024-12
0148/JL/1224,2024-12-31,PL-0001,RUMAH SAKIT YARSI,MK04-115,ELECTROSURGICAL PENCIL MK04-115,130,PCS,60000.0,30.0,5460000.0,5460000.0,600600.0,6060600.0,2024,12,2024-12
0001/JL/0125,2025-01-03,PL-0029,PT. FOKUS SAHABAT,4320-0112,"PASTEUR PIPETTE, LDPE MATERIAL, CAP.5ML/145MM LONG, GRADUATED AT EVERY 1/4ML UP TO 1ML. INDIVIDUAL FLOW-PACK, E.O. STERILE",2,CARTON,650000.0,0.0,1300000.0,1300000.0,143000.0,1443000.0,2025,1,2025-01
0002/JL/0125,2025-01-03,PL-0001,RUMAH SAKIT YARSI,367856,"TUBE EDTA PLH 13X75, 3.0",30,BOX,276100.0,20.0,6626400.0,15021600.0,1652376.0,16673976.0,2025,1,2025-01
0002/JL/0125,2025-01-03,PL-0001,RUMAH SAKIT YARSI,367957,"TUBE SST II PLH 13X75, 3.5",30,BOX,349800.0,20.0,8395200.0,15021600.0,1652376.0,16673976.0,2025,1,2025-01
0003/JL/0125,2025-01-03,PL-0001,RUMAH SAKIT YARSI,LGN-RTA,LUNGENE COVID-19 ANTIGEN RAPID TEST,20,BOX,310000.0,0.0,6200000.0,6200000.0,682000.0,6882000.0,2025,1,2025-01
0004/JL/0125,2025-01-08,PL-0072,APOTEK MEKAR ASRI II,MK09-135,NASAL OXYGEN CANNULA ADULT,300,PCS,7500.0,30.0,1575000.0,1575000.0,173250.0,1748250.0,2025,1,2025-01
0005/JL/0125,2025-01-10,PL-0001,RUMAH SAKIT YARSI,PRAZ30,PRAZOTEC INJ 30MG,132,VIAL,75000.0,0.0,9900000.0,9900000.0,1089000.0,10989000.0,2025,1,2025-01
0007/JL/0125,2025-01-16,PL-0001,RUMAH SAKIT YARSI,PRAZ30,PRAZOTEC INJ 30MG,294,VIAL,75000.0,0.0,22050000.0,22050000.0,2425500.0,24475500.0,2025,1,2025-01
0009/JL/0125,2025-01-16,PL-0001,RUMAH SAKIT YARSI,MK-S7,SYRINGE PUMP S7 SMART WITH PROTECT FRAME,1,UNIT,18000000.0,30.0,12600000.0,23800000.0,2618000.0,26418000.0,2025,1,2025-01
0009/JL/0125,2025-01-16,PL-0001,RUMAH SAKIT YARSI,MK-V7,INFUSION PUMP V7 SMART WITH PROTECT FRAME,1,UNIT,16000000.0,30.0,11200000.0,23800000.0,2618000.0,26418000.0,2025,1,2025-01
0010/JL/0125,2025-01-21,PL-0001,RUMAH SAKIT YARSI,SHM-007,SHAMROCK LATEX FREE POWDER ''S'',300,BOX,86486.49,0.0,25945947.0,25945947.0,2854054.2,28800001.2,2025,1,2025-01
0011/JL/0125,2025-01-21,PL-0001,RUMAH SAKIT YARSI,SHM-005,SHAMROCK LATEX FREE POWDER ''L'',100,BOX,86486.49,0.0,8648649.0,30270271.5,3329729.9,33600001.4,2025,1,2025-01
0011/JL/0125,2025-01-21,PL-0001,RUMAH SAKIT YARSI,SHM-006,"SHAMROCK LATEX FREE POWDER ""M""",250,BOX,86486.49,0.0,21621622.5,30270271.5,3329729.9,33600001.4,2025,1,2025-01
0152/JL/0125,2025-01-25,PL-0001,RUMAH SAKIT YARSI,KLP-5X5,Kassa Lipat Polos 5cm x 5cm (400 pcs),15,PAK,480000.0,0.0,7200000.0,10112000.0,1112320.0,11224320.0,2025,1,2025-01
0152/JL/0125,2025-01-25,PL-0001,RUMAH SAKIT YARSI,"KLP-7,5X7,5","Kassa Lipat Polos 7,5cm x 7,5cm",20,PAK,280000.0,48.0,2912000.0,10112000.0,1112320.0,11224320.0,2025,1,2025-01
0012/JL/0125,2025-01-31,PL-0001,RUMAH SAKIT YARSI,MASFP-6.5,SURGICAL GLOVE STERILE FREE POWDER 6.5 MAS,300,PCS,16000.0,10.0,4320000.0,15212250.0,1673347.5,16885597.5,2025,1,2025-01
0012/JL/0125,2025-01-31,PL-0001,RUMAH SAKIT YARSI,MASFP-7,SURGICAL GLOVE STERILE FREE POWDER 7 MAS,300,PCS,16000.0,10.0,4320000.0,15212250.0,1673347.5,16885597.5,2025,1,2025-01
0012/JL/0125,2025-01-31,PL-0001,RUMAH SAKIT YARSI,MASFP-7.5,SURGICAL GLOVE STERILE FREE POWDER 7.5 MAS,300,PCS,16000.0,10.0,4320000.0,15212250.0,1673347.5,16885597.5,2025,1,2025-01
0012/JL/0125,2025-01-31,PL-0001,RUMAH SAKIT YARSI,MK08-565,MASKER MULTI ONE PLUS 3PLY EARLOOP,100,BOX,22522.5,0.0,2252250.0,15212250.0,1673347.5,16885597.5,2025,1,2025-01
0013/JL/0125,2025-01-31,PL-0001,RUMAH SAKIT YARSI,MK08-503B,STERILE SAFETY LANCET MK08-503B,15,BOX,180000.0,50.0,1350000.0,1350000.0,148500.0,1498500.0,2025,1,2025-01
0014/JL/0125,2025-01-31,PL-0001,RUMAH SAKIT YARSI,367856,"TUBE EDTA PLH 13X75, 3.0",20,BOX,276100.0,20.0,4417600.0,10014400.0,1101584.0,11115984.0,2025,1,2025-01
0014/JL/0125,2025-01-31,PL-0001,RUMAH SAKIT YARSI,367957,"TUBE SST II PLH 13X75, 3.5",20,BOX,349800.0,20.0,5596800.0,10014400.0,1101584.0,11115984.0,2025,1,2025-01
0015/JL/0125,2025-01-31,PL-0001,RUMAH SAKIT YARSI,MK04-115,ELECTROSURGICAL PENCIL MK04-115,500,PCS,60000.0,30.0,21000000.0,21000000.0,2310000.0,23310000.0,2025,1,2025-01
0153/JL/0125,2025-01-31,PL-0001,RUMAH SAKIT YARSI,ASTAB80,ASPILET TAB 80 MG,25,BOX,84000.0,0.0,2100000.0,8400000.0,924000.0,9324000.0,2025,1,2025-01
0153/JL/0125,2025-01-31,PL-0001,RUMAH SAKIT YARSI,GBP300,GABAPENTIN 300 MG,50,BOX,42000.0,0.0,2100000.0,8400000.0,924000.0,9324000.0,2025,1,2025-01
0153/JL/0125,2025-01-31,PL-0001,RUMAH SAKIT YARSI,USKAC250,URSODEOKSIKHOLIK ACID 250mg,50,BOX,84000.0,0.0,4200000.0,8400000.0,924000.0,9324000.0,2025,1,2025-01
0016/JL/0125,2025-02-04,PL-0001,RUMAH SAKIT YARSI,MK08-500A,MEDCO BLOOD LANCET 100PCS/BOX,20,BOX,26000.0,30.0,364000.0,364000.0,40040.0,404040.0,2025,2,2025-02
0017/JL/0225,2025-02-04,PL-0001,RUMAH SAKIT YARSI,MK04-115,ELECTROSURGICAL PENCIL MK04-115,100,PCS,60000.0,30.0,4200000.0,4200000.0,462000.0,4662000.0,2025,2,2025-02
0018/JL/0225,2025-02-04,PL-0001,RUMAH SAKIT YARSI,PRAZ30,PRAZOTEC INJ 30MG,275,VIAL,75000.0,0.0,20625000.0,20625000.0,2268750.0,22893750.0,2025,2,2025-02
0019/JL/0225,2025-02-04,PL-0072,APOTEK MEKAR ASRI II,MK09-135,NASAL OXYGEN CANNULA ADULT,300,PCS,7500.0,30.0,1575000.0,1575000.0,173250.0,1748250.0,2025,2,2025-02
0020/JL/0225,2025-02-06,PL-0001,RUMAH SAKIT YARSI,MASFP-6.5,SURGICAL GLOVE STERILE FREE POWDER 6.5 MAS,500,PCS,16000.0,10.0,7200000.0,24480000.0,2692800.0,27172800.0,2025,2,2025-02
0020/JL/0225,2025-02-06,PL-0001,RUMAH SAKIT YARSI,MASFP-7,SURGICAL GLOVE STERILE FREE POWDER 7 MAS,500,PCS,16000.0,10.0,7200000.0,24480000.0,2692800.0,27172800.0,2025,2,2025-02
0020/JL/0225,2025-02-06,PL-0001,RUMAH SAKIT YARSI,MASFP-7.5,SURGICAL GLOVE STERILE FREE POWDER 7.5 MAS,500,PCS,16000.0,10.0,7200000.0,24480000.0,2692800.0,27172800.0,2025,2,2025-02
0020/JL/0225,2025-02-06,PL-0001,RUMAH SAKIT YARSI,MASFP-8,SURGICAL GLOVE STERILE FREE POWDER 8 MAS,200,PCS,16000.0,10.0,2880000.0,24480000.0,2692800.0,27172800.0,2025,2,2025-02
0021/JL/0225,2025-02-11,PL-0001,RUMAH SAKIT YARSI,KLP-10X10,Kassa Lipat Polos 10cm x 10cm,30,PAK,350000.0,37.0,6615000.0,22039000.0,2424290.0,24463290.0,2025,2,2025-02
0021/JL/0225,2025-02-11,PL-0001,RUMAH SAKIT YARSI,KLP-5X5,Kassa Lipat Polos 5cm x 5cm (400 pcs),20,PAK,480000.0,0.0,9600000.0,22039000.0,2424290.0,24463290.0,2025,2,2025-02
0021/JL/0225,2025-02-11,PL-0001,RUMAH SAKIT YARSI,"KLP-7,5X7,5","Kassa Lipat Polos 7,5cm x 7,5cm",40,PAK,280000.0,48.0,5824000.0,22039000.0,2424290.0,24463290.0,2025,2,2025-02
0022/JL/0225,2025-02-14,PL-0001,RUMAH SAKIT YARSI,MK08-503B,STERILE SAFETY LANCET MK08-503B,30,BOX,180000.0,50.0,2700000.0,2700000.0,297000.0,2997000.0,2025,2,2025-02
0023/JL/0225,2025-02-14,PL-0001,RUMAH SAKIT YARSI,367856,"TUBE EDTA PLH 13X75, 3.0",20,BOX,276100.0,20.0,4417600.0,10014400.0,1101584.0,11115984.0,2025,2,2025-02
0023/JL/0225,2025-02-14,PL-0001,RUMAH SAKIT YARSI,367957,"TUBE SST II PLH 13X75, 3.5",20,BOX,349800.0,20.0,5596800.0,10014400.0,1101584.0,11115984.0,2025,2,2025-02
0026/JL/0225,2025-02-15,PL-0001,RUMAH SAKIT YARSI,LEVOTAB,LEVOPAR TAB,20,BOX,200000.0,0.0,4000000.0,4000000.0,440000.0,4440000.0,2025,2,2025-02
0027/JL/0225,2025-02-18,PL-0001,RUMAH SAKIT YARSI,OTO-L,OTORO LATEX FREE POWDER ''L'',100,BOX,75000.0,15.0,6375000.0,41437500.0,4558125.0,45995625.0,2025,2,2025-02
0027/JL/0225,2025-02-18,PL-0001,RUMAH SAKIT YARSI,OTO-M,OTORO LATEX FREE POWDER ''M'',250,BOX,75000.0,15.0,15937500.0,41437500.0,4558125.0,45995625.0,2025,2,2025-02
0027/JL/0225,2025-02-18,PL-0001,RUMAH SAKIT YARSI,OTR-S,OTORO LATEX FREE POWDER ''S'',300,BOX,75000.0,15.0,19125000.0,41437500.0,4558125.0,45995625.0,2025,2,2025-02
0028/JL/0225,2025-02-18,PL-0001,RUMAH SAKIT YARSI,OTRP-L,OTORO LATEX POWDER ''L'',30,BOX,73000.0,15.0,1861500.0,8066500.0,887315.0,8953815.0,2025,2,2025-02
0028/JL/0225,2025-02-18,PL-0001,RUMAH SAKIT YARSI,OTRP-M,OTORO LATEX POWDER ''M'',50,BOX,73000.0,15.0,3102500.0,8066500.0,887315.0,8953815.0,2025,2,2025-02
0028/JL/0225,2025-02-18,PL-0001,RUMAH SAKIT YARSI,OTRP-S,OTORO LATEX POWDER ''S'',50,BOX,73000.0,15.0,3102500.0,8066500.0,887315.0,8953815.0,2025,2,2025-02
0025/JL/0225,2025-02-25,PL-0001,RUMAH SAKIT YARSI,KLP-10X10,Kassa Lipat Polos 10cm x 10cm,30,PAK,350000.0,37.0,6615000.0,20583000.0,2264130.0,22847130.0,2025,2,2025-02
0025/JL/0225,2025-02-25,PL-0001,RUMAH SAKIT YARSI,KLP-5X5,Kassa Lipat Polos 5cm x 5cm (400 pcs),20,PAK,480000.0,0.0,9600000.0,20583000.0,2264130.0,22847130.0,2025,2,2025-02
0025/JL/0225,2025-02-25,PL-0001,RUMAH SAKIT YARSI,"KLP-7,5X7,5","Kassa Lipat Polos 7,5cm x 7,5cm",30,PAK,280000.0,48.0,4368000.0,20583000.0,2264130.0,22847130.0,2025,2,2025-02
0029/JL/0225,2025-02-28,PL-0081,RS JUANDA,CAN-NEO,FISHER & PAYKEL HEALTHCARE Optiflow Junior Nasal Cannula - Neonatal,1,PCS,2814500.0,10.0,2533050.0,2533050.0,278635.5,2811685.5,2025,2,2025-02
0030/JL/0225,2025-02-28,PL-0082,KLINIK MITRA SEHAT,ALKGP,AlleMed ECG/EKG PAPER 210mm x 295mm x 100sheets,2,PCS,350000.0,0.0,700000.0,700000.0,77000.0,777000.0,2025,2,2025-02
0031/JL/0325,2025-03-07,PL-0001,RUMAH SAKIT YARSI,SCTM,SUCTION CONNECTING TUBE MAS,200,PCS,40000.0,15.0,6800000.0,6800000.0,748000.0,7548000.0,2025,3,2025-03
0032/JL/0325,2025-03-07,PL-0001,RUMAH SAKIT YARSI,MK08-503B,STERILE SAFETY LANCET MK08-503B,40,BOX,190000.0,50.0,3800000.0,3800000.0,418000.0,4218000.0,2025,3,2025-03
0034/JL/0325,2025-03-07,PL-0001,RUMAH SAKIT YARSI,"NHKLP-7,5X7,5","Nusa Husada Kassa Lipat Polos 7,5cm x 7,5cm",30,PAK,280000.0,48.0,4368000.0,20583000.0,2264130.0,22847130.0,2025,3,2025-03
0034/JL/0325,2025-03-07,PL-0001,RUMAH SAKIT YARSI,NHKLR-10X10,Nusa Husada Kassa Lipat X-Ray 10cm x 10cm,30,PAK,350000.0,37.0,6615000.0,20583000.0,2264130.0,22847130.0,2025,3,2025-03
0034/JL/0325,2025-03-07,PL-0001,RUMAH SAKIT YARSI,NHKLR-5X5,Nusa Husada Kassa Lipat X-Ray 5cm x 5cm,20,PAK,480000.0,0.0,9600000.0,20583000.0,2264130.0,22847130.0,2025,3,2025-03
0035/JL/0325,2025-03-10,PL-0083,RSU EL-SYIFA,NHWC-211,Disposable Single Heated Wire Breathing Circuit Neonatal w/Chamber NHWC-211,3,PCS,1437500.0,0.0,4312500.0,4312500.0,474375.0,4786875.0,2025,3,2025-03
0036/JL/0325,2025-03-10,PL-0001,RUMAH SAKIT YARSI,MK08-565,MASKER MULTI ONE PLUS 3PLY EARLOOP,300,BOX,22522.53,0.0,6756759.0,6756759.0,743243.49,7500002.49,2025,3,2025-03
0037/JL/0325,2025-03-10,PL-0001,RUMAH SAKIT YARSI,OTO-L,OTORO LATEX FREE POWDER ''L'',100,BOX,75000.0,15.0,6375000.0,25500000.0,2805000.0,28305000.0,2025,3,2025-03
0037/JL/0325,2025-03-10,PL-0001,RUMAH SAKIT YARSI,OTO-M,OTORO LATEX FREE POWDER ''M'',150,BOX,75000.0,15.0,9562500.0,25500000.0,2805000.0,28305000.0,2025,3,2025-03
0037/JL/0325,2025-03-10,PL-0001,RUMAH SAKIT YARSI,OTR-S,OTORO LATEX FREE POWDER ''S'',150,BOX,75000.0,15.0,9562500.0,25500000.0,2805000.0,28305000.0,2025,3,2025-03
0033/JL/0325,2025-03-19,PL-0001,RUMAH SAKIT YARSI,367856,"TUBE EDTA PLH 13X75, 3.0",20,BOX,276100.0,20.0,4417600.0,10014400.0,1101584.0,11115984.0,2025,3,2025-03
0033/JL/0325,2025-03-19,PL-0001,RUMAH SAKIT YARSI,367957,"TUBE SST II PLH 13X75, 3.5",20,BOX,349800.0,20.0,5596800.0,10014400.0,1101584.0,11115984.0,2025,3,2025-03
0041/JL/0325,2025-03-19,PL-0001,RUMAH SAKIT YARSI,OTO-L,OTORO LATEX FREE POWDER ''L'',100,BOX,75000.0,15.0,6375000.0,26120500.0,2873255.0,28993755.0,2025,3,2025-03
0041/JL/0325,2025-03-19,PL-0001,RUMAH SAKIT YARSI,OTO-M,OTORO LATEX FREE POWDER ''M'',150,BOX,75000.0,15.0,9562500.0,26120500.0,2873255.0,28993755.0,2025,3,2025-03
0041/JL/0325,2025-03-19,PL-0001,RUMAH SAKIT YARSI,OTR-S,OTORO LATEX FREE POWDER ''S'',150,BOX,75000.0,15.0,9562500.0,26120500.0,2873255.0,28993755.0,2025,3,2025-03
0041/JL/0325,2025-03-19,PL-0001,RUMAH SAKIT YARSI,OTRP-S,OTORO LATEX POWDER ''S'',10,BOX,73000.0,15.0,620500.0,26120500.0,2873255.0,28993755.0,2025,3,2025-03
0042/JL/0325,2025-03-19,PL-0001,RUMAH SAKIT YARSI,MASFP-6.5,SURGICAL GLOVE STERILE FREE POWDER 6.5 MAS,400,PCS,16000.0,10.0,5760000.0,17280000.0,1900800.0,19180800.0,2025,3,2025-03
0042/JL/0325,2025-03-19,PL-0001,RUMAH SAKIT YARSI,MASFP-7,SURGICAL GLOVE STERILE FREE POWDER 7 MAS,400,PCS,16000.0,10.0,5760000.0,17280000.0,1900800.0,19180800.0,2025,3,2025-03
0042/JL/0325,2025-03-19,PL-0001,RUMAH SAKIT YARSI,MASFP-7.5,SURGICAL GLOVE STERILE FREE POWDER 7.5 MAS,400,PCS,16000.0,10.0,5760000.0,17280000.0,1900800.0,19180800.0,2025,3,2025-03
0043/JL/0325,2025-03-25,PL-0001,RUMAH SAKIT YARSI,MK08-503B,STERILE SAFETY LANCET MK08-503B,35,BOX,190000.0,50.0,3325000.0,3325000.0,365750.0,3690750.0,2025,3,2025-03
0044/JL/0325,2025-03-27,PL-0001,RUMAH SAKIT YARSI,OTO-L,OTORO LATEX FREE POWDER ''L'',50,BOX,75000.0,15.0,3187500.0,31875000.0,3506250.0,35381250.0,2025,3,2025-03
0044/JL/0325,2025-03-27,PL-0001,RUMAH SAKIT YARSI,OTO-M,OTORO LATEX FREE POWDER ''M'',200,BOX,75000.0,15.0,12750000.0,31875000.0,3506250.0,35381250.0,2025,3,2025-03
0044/JL/0325,2025-03-27,PL-0001,RUMAH SAKIT YARSI,OTR-S,OTORO LATEX FREE POWDER ''S'',250,BOX,75000.0,15.0,15937500.0,31875000.0,3506250.0,35381250.0,2025,3,2025-03
0045/JL/0325,2025-03-27,PL-0001,RUMAH SAKIT YARSI,"NHKLP-7,5X7,5","Nusa Husada Kassa Lipat Polos 7,5cm x 7,5cm",30,PAK,280000.0,48.0,4368000.0,18378000.0,2021580.0,20399580.0,2025,3,2025-03
0045/JL/0325,2025-03-27,PL-0001,RUMAH SAKIT YARSI,NHKLR-10X10,Nusa Husada Kassa Lipat X-Ray 10cm x 10cm,20,PAK,350000.0,37.0,4410000.0,18378000.0,2021580.0,20399580.0,2025,3,2025-03
0045/JL/0325,2025-03-27,PL-0001,RUMAH SAKIT YARSI,NHKLR-5X5,Nusa Husada Kassa Lipat X-Ray 5cm x 5cm,20,PAK,480000.0,0.0,9600000.0,18378000.0,2021580.0,20399580.0,2025,3,2025-03
0040/JL/0325,2025-04-09,PL-0086,PT INTI BIOS PERSADA,ACCTO,ADAPTOR TENSIMETER OMRON,4,PCS,150000.0,0.0,600000.0,6600000.0,726000.0,7326000.0,2025,4,2025-04
0040/JL/0325,2025-04-09,PL-0086,PT INTI BIOS PERSADA,SET-TAB0.5,SET TABUNG OKSIGEN 0.5 M3,8,SET,600000.0,0.0,4800000.0,6600000.0,726000.0,7326000.0,2025,4,2025-04
0040/JL/0325,2025-04-09,PL-0086,PT INTI BIOS PERSADA,TRO0.5,TROLLY OKSIGEN 0.5 M3,8,UNIT,150000.0,0.0,1200000.0,6600000.0,726000.0,7326000.0,2025,4,2025-04
0047/JL/0425,2025-04-11,PL-0001,RUMAH SAKIT YARSI,KLP-10X10,Kassa Lipat Polos 10cm x 10cm,50,PAK,350000.0,37.0,11025000.0,29449000.0,3239390.0,32688390.0,2025,4,2025-04
0047/JL/0425,2025-04-11,PL-0001,RUMAH SAKIT YARSI,"KLP-7,5X7,5","Kassa Lipat Polos 7,5cm x 7,5cm",40,PAK,280000.0,48.0,5824000.0,29449000.0,3239390.0,32688390.0,2025,4,2025-04
0047/JL/0425,2025-04-11,PL-0001,RUMAH SAKIT YARSI,MK04-115,ELECTROSURGICAL PENCIL MK04-115,300,PCS,60000.0,30.0,12600000.0,29449000.0,3239390.0,32688390.0,2025,4,2025-04
0048/JL/0425,2025-04-14,PL-0001,RUMAH SAKIT YARSI,IOP-XS,ION PLUS LATEX FREE POWDER ''XS'',30,BOX,75000.0,15.0,1912500.0,1912500.0,210375.0,2122875.0,2025,4,2025-04
0049/JL/0425,2025-04-14,PL-0001,RUMAH SAKIT YARSI,MASFP-6.5,SURGICAL GLOVE STERILE FREE POWDER 6.5 MAS,800,PCS,16000.0,10.0,11520000.0,23040000.0,2534400.0,25574400.0,2025,4,2025-04
0049/JL/0425,2025-04-14,PL-0001,RUMAH SAKIT YARSI,MASFP-7,SURGICAL GLOVE STERILE FREE POWDER 7 MAS,800,PCS,16000.0,10.0,11520000.0,23040000.0,2534400.0,25574400.0,2025,4,2025-04
0050/JL/0425,2025-04-15,PL-0001,RUMAH SAKIT YARSI,MASFP-7.5,SURGICAL GLOVE STERILE FREE POWDER 7.5 MAS,800,PCS,16000.0,10.0,11520000.0,11520000.0,1267200.0,12787200.0,2025,4,2025-04
0051/JL/0425,2025-04-22,PL-0001,RUMAH SAKIT YARSI,367856,"TUBE EDTA PLH 13X75, 3.0",20,BOX,276100.0,15.0,4693700.0,13613600.0,1497496.0,15111096.0,2025,4,2025-04
0051/JL/0425,2025-04-22,PL-0001,RUMAH SAKIT YARSI,367957,"TUBE SST II PLH 13X75, 3.5",30,BOX,349800.0,15.0,8919900.0,13613600.0,1497496.0,15111096.0,2025,4,2025-04
0053/JL/0425,2025-04-25,PL-0001,RUMAH SAKIT YARSI,OTRP-M,OTORO LATEX POWDER ''M'',30,BOX,73000.0,15.0,1861500.0,4343500.0,477785.0,4821285.0,2025,4,2025-04
0053/JL/0425,2025-04-25,PL-0001,RUMAH SAKIT YARSI,OTRP-S,OTORO LATEX POWDER ''S'',40,BOX,73000.0,15.0,2482000.0,4343500.0,477785.0,4821285.0,2025,4,2025-04
0054/JL/0425,2025-04-29,PL-0001,RUMAH SAKIT YARSI,"KLP-7,5X7,5","Kassa Lipat Polos 7,5cm x 7,5cm",50,PAK,280000.0,48.0,7280000.0,7280000.0,800800.0,8080800.0,2025,4,2025-04
0052/JL/0425,2025-05-08,PL-0001,RUMAH SAKIT YARSI,OTO-L,OTORO LATEX FREE POWDER ''L'',150,BOX,75000.0,15.0,9562500.0,38250000.0,4207500.0,42457500.0,2025,5,2025-05
0052/JL/0425,2025-05-08,PL-0001,RUMAH SAKIT YARSI,OTO-M,OTORO LATEX FREE POWDER ''M'',200,BOX,75000.0,15.0,12750000.0,38250000.0,4207500.0,42457500.0,2025,5,2025-05
0052/JL/0425,2025-05-08,PL-0001,RUMAH SAKIT YARSI,OTR-S,OTORO LATEX FREE POWDER ''S'',250,BOX,75000.0,15.0,15937500.0,38250000.0,4207500.0,42457500.0,2025,5,2025-05
0057/JL/0525,2025-05-08,PL-0001,RUMAH SAKIT YARSI,367856,"TUBE EDTA PLH 13X75, 3.0",20,BOX,276100.0,15.0,4693700.0,10640300.0,1170433.0,11810733.0,2025,5,2025-05
0057/JL/0525,2025-05-08,PL-0001,RUMAH SAKIT YARSI,367957,"TUBE SST II PLH 13X75, 3.5",20,BOX,349800.0,15.0,5946600.0,10640300.0,1170433.0,11810733.0,2025,5,2025-05
0059/JL/0525,2025-05-15,PL-0086,PT INTI BIOS PERSADA,SILICONE,Pad HECTING SUTURE SILICONE PAD 3 LAYERS,4,PCS,81081.0,0.0,324324.0,324324.0,35676.0,360000.0,2025,5,2025-05
0060/JL/0525,2025-05-15,PL-0001,RUMAH SAKIT YARSI,OTO-M,OTORO LATEX FREE POWDER ''M'',200,BOX,75000.0,15.0,12750000.0,28687500.0,3155625.0,31843125.0,2025,5,2025-05
0060/JL/0525,2025-05-15,PL-0001,RUMAH SAKIT YARSI,OTR-S,OTORO LATEX FREE POWDER ''S'',250,BOX,75000.0,15.0,15937500.0,28687500.0,3155625.0,31843125.0,2025,5,2025-05
0061/JL/0525,2025-05-20,PL-0001,RUMAH SAKIT YARSI,LGN-RTA,LUNGENE COVID-19 ANTIGEN RAPID TEST,20,BOX,310000.0,0.0,6200000.0,6200000.0,682000.0,6882000.0,2025,5,2025-05
0062/JL/0525,2025-05-21,PL-0075,PUSKESMAS REBAN,FD-AD51D,FETAL DOPPLER ONEHEALTH,1,UNIT,850000.0,0.0,850000.0,4700000.0,517000.0,5217000.0,2025,5,2025-05
0062/JL/0525,2025-05-21,PL-0075,PUSKESMAS REBAN,FD-BF600,FETAL DOPPLER BESTMAN BF600+,1,UNIT,3850000.0,0.0,3850000.0,4700000.0,517000.0,5217000.0,2025,5,2025-05
0063/JL/0525,2025-05-21,PL-0087,APOTEK AL-FATIH,DMETF1033T00,Metformin 500mg Tab@200's (HJ) 1,10,BOX,39369.0,0.0,393690.0,393690.0,43305.9,436995.9,2025,5,2025-05
0065/JL/0525,2025-05-22,PL-0001,RUMAH SAKIT YARSI,EGT,EMERGENCY TROLLEY,1,UNIT,2500000.0,0.0,2500000.0,2500000.0,275000.0,2775000.0,2025,5,2025-05
0066/JL/0525,2025-05-22,PL-0086,PT INTI BIOS PERSADA,HEM-RML31,MANSET OMRON HEM-RML31,3,BOX,162162.16,0.0,486486.48,486486.48,53513.0,539999.0,2025,5,2025-05
0067/JL/0525,2025-05-24,PL-0001,RUMAH SAKIT YARSI,KLP-10X10,Kassa Lipat Polos 10cm x 10cm,50,PAK,350000.0,37.0,11025000.0,18975000.0,2087250.0,21062250.0,2025,5,2025-05
0067/JL/0525,2025-05-24,PL-0001,RUMAH SAKIT YARSI,KLX-R,Kassa Lipat X-Ray 10cm x 10cm,20,PAK,530000.0,25.0,7950000.0,18975000.0,2087250.0,21062250.0,2025,5,2025-05
0069/JL/0525,2025-05-27,PL-0001,RUMAH SAKIT YARSI,KLP-10X10,Kassa Lipat Polos 10cm x 10cm,50,PAK,350000.0,37.0,11025000.0,23105000.0,2541550.0,25646550.0,2025,5,2025-05
0069/JL/0525,2025-05-27,PL-0001,RUMAH SAKIT YARSI,KLP-5X5,Kassa Lipat Polos 5cm x 5cm (400 pcs),10,PAK,480000.0,0.0,4800000.0,23105000.0,2541550.0,25646550.0,2025,5,2025-05
0069/JL/0525,2025-05-27,PL-0001,RUMAH SAKIT YARSI,"KLP-7,5X7,5","Kassa Lipat Polos 7,5cm x 7,5cm",50,PAK,280000.0,48.0,7280000.0,23105000.0,2541550.0,25646550.0,2025,5,2025-05
0070/JL/0525,2025-05-28,PL-0001,RUMAH SAKIT YARSI,OME40MGINJ,OMEPRAZOLE SODIUM MONOHYDRATE 40mg SERBUK INJ,60,BOX,555000.0,70.0,9990000.0,23490000.0,2583900.0,26073900.0,2025,5,2025-05
0070/JL/0525,2025-05-28,PL-0001,RUMAH SAKIT YARSI,PCT-INFUS,Paracetamol 1 G/100ml Infus TD,600,BOX,22500.0,0.0,13500000.0,23490000.0,2583900.0,26073900.0,2025,5,2025-05
0071/JL/0525,2025-05-28,PL-0089,PT. INTIBIOS MAKMUR,SYS-50,SYRINGE PUMP SYS 50 MEDCAPTAIN,1,UNIT,9909910.0,0.0,9909910.0,9909910.0,1090090.0,11000000.0,2025,5,2025-05
0072/JL/0525,2025-05-28,PL-0086,PT INTI BIOS PERSADA,SYS-70,INFUSION PUMP SYS 70 MEDCAPTAIN,1,UNIT,9909910.0,0.0,9909910.0,9909910.0,1090090.1,11000000.1,2025,5,2025-05
0073/JL/0625,2025-06-04,PL-0001,RUMAH SAKIT YARSI,MK08-503B,STERILE SAFETY LANCET MK08-503B,2,BOX,190000.0,50.0,190000.0,190000.0,20900.0,210900.0,2025,6,2025-06
0076/JL/0625,2025-06-05,PL-0001,RUMAH SAKIT YARSI,MK04-115,ELECTROSURGICAL PENCIL MK04-115,100,PCS,60000.0,30.0,4200000.0,4200000.0,462000.0,4662000.0,2025,6,2025-06
0078/JL/0625,2025-06-09,PL-0086,PT INTI BIOS PERSADA,ALR-A0909C,ALARM THERMOMETER DR GRAY A909C,1,UNIT,152657.66,0.0,152657.66,1298949.55,142884.45,1441834.0,2025,6,2025-06
0078/JL/0625,2025-06-09,PL-0086,PT INTI BIOS PERSADA,EL,RC-5+ ELITECH RC-5+ PDF TEMPERATURE DATA LOGGER,1,UNIT,616231.53,0.0,616231.53,1298949.55,142884.45,1441834.0,2025,6,2025-06
0078/JL/0625,2025-06-09,PL-0086,PT INTI BIOS PERSADA,FRZT-SENSI,FREEZE TAG SUHU SENSITECH,1,UNIT,530060.36,0.0,530060.36,1298949.55,142884.45,1441834.0,2025,6,2025-06
0074/JL/0625,2025-06-10,PL-0001,RUMAH SAKIT YARSI,OTO-L,OTORO LATEX FREE POWDER ''L'',100,BOX,75000.0,15.0,6375000.0,22312500.0,2454375.0,24766875.0,2025,6,2025-06
0074/JL/0625,2025-06-10,PL-0001,RUMAH SAKIT YARSI,OTO-M,OTORO LATEX FREE POWDER ''M'',100,BOX,75000.0,15.0,6375000.0,22312500.0,2454375.0,24766875.0,2025,6,2025-06
0074/JL/0625,2025-06-10,PL-0001,RUMAH SAKIT YARSI,OTR-S,OTORO LATEX FREE POWDER ''S'',150,BOX,75000.0,15.0,9562500.0,22312500.0,2454375.0,24766875.0,2025,6,2025-06
0080/JL/0625,2025-06-13,PL-0001,RUMAH SAKIT YARSI,OTO-M,OTORO LATEX FREE POWDER ''M'',200,BOX,75000.0,15.0,12750000.0,30532000.0,3358520.0,33890520.0,2025,6,2025-06
0080/JL/0625,2025-06-13,PL-0001,RUMAH SAKIT YARSI,OTR-S,OTORO LATEX FREE POWDER ''S'',240,BOX,75000.0,15.0,15300000.0,30532000.0,3358520.0,33890520.0,2025,6,2025-06
0080/JL/0625,2025-06-13,PL-0001,RUMAH SAKIT YARSI,OTRP-S,OTORO LATEX POWDER ''S'',40,BOX,73000.0,15.0,2482000.0,30532000.0,3358520.0,33890520.0,2025,6,2025-06
0082/JL/0625,2025-06-13,PL-0001,RUMAH SAKIT YARSI,MK04-115,ELECTROSURGICAL PENCIL MK04-115,200,PCS,60000.0,30.0,8400000.0,17803550.0,1958390.0,19761940.0,2025,6,2025-06
0082/JL/0625,2025-06-13,PL-0001,RUMAH SAKIT YARSI,MK09-231,LATEX FOLEY CATHETER 2-WAY FR16,200,PCS,15315.0,15.0,2603550.0,17803550.0,1958390.0,19761940.0,2025,6,2025-06
0082/JL/0625,2025-06-13,PL-0001,RUMAH SAKIT YARSI,SCTM,SUCTION CONNECTING TUBE MAS,200,PCS,40000.0,15.0,6800000.0,17803550.0,1958390.0,19761940.0,2025,6,2025-06
0079/JL/0625,2025-06-17,PL-0001,RUMAH SAKIT YARSI,367856,"TUBE EDTA PLH 13X75, 3.0",30,BOX,276100.0,15.0,7040550.0,15960450.0,1755650.0,17716100.0,2025,6,2025-06
0079/JL/0625,2025-06-17,PL-0001,RUMAH SAKIT YARSI,367957,"TUBE SST II PLH 13X75, 3.5",30,BOX,349800.0,15.0,8919900.0,15960450.0,1755650.0,17716100.0,2025,6,2025-06
0084/JL/0625,2025-06-17,PL-0086,PT INTI BIOS PERSADA,AU-GCU,Autocheck 3 in 1,1,UNIT,355000.0,0.0,355000.0,1897173.0,208689.03,2105862.03,2025,6,2025-06
0084/JL/0625,2025-06-17,PL-0086,PT INTI BIOS PERSADA,HEM-7120,TENSI DIGITAL OMRON HEM 7120,1,UNIT,542173.0,0.0,542173.0,1897173.0,208689.03,2105862.03,2025,6,2025-06
0084/JL/0625,2025-06-17,PL-0086,PT INTI BIOS PERSADA,STRD-2.0,Stetoskop Riester Duplex 2.0,1,UNIT,1000000.0,0.0,1000000.0,1897173.0,208689.03,2105862.03,2025,6,2025-06
0086/JL/0625,2025-06-18,PL-0001,RUMAH SAKIT YARSI,LEVOTAB,LEVOPAR TAB,30,BOX,200000.0,0.0,6000000.0,6000000.0,660000.0,6660000.0,2025,6,2025-06
0087/JL/0625,2025-06-18,PL-0001,RUMAH SAKIT YARSI,POT-URINENSH,Pot Urine Non-Sterile Tutup Hijau,500,PCS,2252.25,0.0,1126126.0,1126126.0,123873.86,1249999.86,2025,6,2025-06
0089/JL/0625,2025-06-18,PL-0086,PT INTI BIOS PERSADA,1374,Cetirizine HCl 10 mg TSS,4,BOX,43243.24,0.0,172972.96,655855.8200000001,72144.14,727999.96,2025,6,2025-06
0089/JL/0625,2025-06-18,PL-0086,PT INTI BIOS PERSADA,ELABD4,"ELASTIS BANDAGE 4inc (10cm x 4,5m)",8,BOX,19819.82,0.0,158558.56,655855.8200000001,72144.14,727999.96,2025,6,2025-06
0089/JL/0625,2025-06-18,PL-0086,PT INTI BIOS PERSADA,KIT-HANR500,KITARO HANDRUB 500ml,6,BTL,54054.05,0.0,324324.3,655855.8200000001,72144.14,727999.96,2025,6,2025-06
0083/JL/0625,2025-06-20,PL-0091,KLINIK FM,1218,Miconazole Nitrate Krim 2%,1,BOX,108225.0,0.0,108225.0,2890551.0,286451.0,2890551.0,2025,6,2025-06
0083/JL/0625,2025-06-20,PL-0091,KLINIK FM,1374,Cetirizine HCl 10 mg TSS,2,BOX,93795.0,0.0,187590.0,2890551.0,286451.0,2890551.0,2025,6,2025-06
0083/JL/0625,2025-06-20,PL-0091,KLINIK FM,1749,Lansoprazole 30mg Kapsul Lepas Tunda,2,BOX,74747.0,0.0,149494.0,2890551.0,286451.0,2890551.0,2025,6,2025-06
0083/JL/0625,2025-06-20,PL-0091,KLINIK FM,220,Paracetamol 120 mg/5 ml Syr,5,BTL,5051.0,0.0,25255.0,2890551.0,286451.0,2890551.0,2025,6,2025-06
0083/JL/0625,2025-06-20,PL-0091,KLINIK FM,268,Cefadroxil Monohydrate 500mg Kapsul Bernofarm,3,BOX,125397.0,0.0,376191.0,2890551.0,286451.0,2890551.0,2025,6,2025-06
0083/JL/0625,2025-06-20,PL-0091,KLINIK FM,546,Cefadroxil Monohydrate 125mg/5ml Sirup Kering Bernofarm,5,BTL,10400.0,0.0,52000.0,2890551.0,286451.0,2890551.0,2025,6,2025-06
0083/JL/0625,2025-06-20,PL-0091,KLINIK FM,615,Paracetamol 500 mg Kaplet,3,BOX,19502.0,0.0,58506.0,2890551.0,286451.0,2890551.0,2025,6,2025-06
0083/JL/0625,2025-06-20,PL-0091,KLINIK FM,770,Flunarizine 10 mg Tab,2,BOX,207792.0,0.0,415584.0,2890551.0,286451.0,2890551.0,2025,6,2025-06
0083/JL/0625,2025-06-20,PL-0091,KLINIK FM,926,Clindamycin HCl 300 mg Kapsul,1,BOX,130131.0,0.0,130131.0,2890551.0,286451.0,2890551.0,2025,6,2025-06
0083/JL/0625,2025-06-20,PL-0091,KLINIK FM,ANTADO,Antasida Doen,2,BOX,21000.0,0.0,42000.0,2890551.0,286451.0,2890551.0,2025,6,2025-06
0083/JL/0625,2025-06-20,PL-0091,KLINIK FM,CEFIX100,Cefixime Trihydrate 100mg Tss Bernofarm,3,BOX,97403.0,0.0,292209.0,2890551.0,286451.0,2890551.0,2025,6,2025-06
0083/JL/0625,2025-06-20,PL-0091,KLINIK FM,DACYC1033T00,Acyclovir 400 mg Tablet 2,1,BOX,98088.0,0.0,98088.0,2890551.0,286451.0,2890551.0,2025,6,2025-06
0083/JL/0625,2025-06-20,PL-0091,KLINIK FM,DAMOX1032L00,Amoxicillin Sirup 125 mg/60ml 2,5,BTL,6846.0,0.0,34230.0,2890551.0,286451.0,2890551.0,2025,6,2025-06
0083/JL/0625,2025-06-20,PL-0091,KLINIK FM,DCAPT1007T00,"CAPTOPRILl 12,5 MG TAB 5",2,BOX,18759.0,0.0,37518.0,2890551.0,286451.0,2890551.0,2025,6,2025-06
0083/JL/0625,2025-06-20,PL-0091,KLINIK FM,DKETO1028T00,Ketoconazole 200 mg Tab 1,1,BOX,32890.0,0.0,32890.0,2890551.0,286451.0,2890551.0,2025,6,2025-06
0083/JL/0625,2025-06-20,PL-0091,KLINIK FM,DNIFE1028T005,Nifedipine 10 mg Tab,3,BOX,25485.0,0.0,76455.0,2890551.0,286451.0,2890551.0,2025,6,2025-06
0083/JL/0625,2025-06-20,PL-0091,KLINIK FM,DOMEP1013K0,Omeprazole 20 mg Kaps 01,3,BOX,38384.0,0.0,115152.0,2890551.0,286451.0,2890551.0,2025,6,2025-06
0083/JL/0625,2025-06-20,PL-0091,KLINIK FM,DSCOP1003T07,SCOPMA TAB 9,1,BOX,175565.0,0.0,175565.0,2890551.0,286451.0,2890551.0,2025,6,2025-06
0083/JL/0625,2025-06-20,PL-0091,KLINIK FM,ERLAM-SALEP,Erlamycetin Salep Mata Steril Mata,5,TUBE,7000.0,0.0,35000.0,2890551.0,286451.0,2890551.0,2025,6,2025-06
0083/JL/0625,2025-06-20,PL-0091,KLINIK FM,ERLAM-TETES,Erlamycetin Tetes Mata Mata,5,BTL,14000.0,0.0,70000.0,2890551.0,286451.0,2890551.0,2025,6,2025-06
0083/JL/0625,2025-06-20,PL-0091,KLINIK FM,MIXA,Mixalgin,1,BOX,53000.0,0.0,53000.0,2890551.0,286451.0,2890551.0,2025,6,2025-06
0083/JL/0625,2025-06-20,PL-0091,KLINIK FM,NKSLM,10X10 KASSA STERIL LIMATUEL 10 x 10,1,BOX,238888.0,0.0,238888.0,2890551.0,286451.0,2890551.0,2025,6,2025-06
0083/JL/0625,2025-06-20,PL-0091,KLINIK FM,NKST,16X16 KASSA STERIL 16X16,10,BOX,8658.0,0.0,86580.0,2890551.0,286451.0,2890551.0,2025,6,2025-06
0085/JL/0625,2025-06-20,PL-0091,KLINIK FM,ALPARA,Tab Alpara Tab,1,BOX,135000.0,0.0,135000.0,811807.0,75766.91,764557.0,2025,6,2025-06
0085/JL/0625,2025-06-20,PL-0091,KLINIK FM,AMD,5mg Amlodipine 5mg,1,BOX,47188.0,0.0,47188.0,811807.0,75766.91,764557.0,2025,6,2025-06
0085/JL/0625,2025-06-20,PL-0091,KLINIK FM,ASMEF,Tab Asmef Tab,1,BOX,47250.0,0.0,47250.0,811807.0,75766.91,764557.0,2025,6,2025-06
0085/JL/0625,2025-06-20,PL-0091,KLINIK FM,ASMEF,Tab Asmef Tab,1,BOX,47250.0,0.0,47250.0,811807.0,75766.91,764557.0,2025,6,2025-06
0085/JL/0625,2025-06-20,PL-0091,KLINIK FM,BIPLS,Bioplasenton,3,BOX,31000.0,0.0,93000.0,811807.0,75766.91,764557.0,2025,6,2025-06
0085/JL/0625,2025-06-20,PL-0091,KLINIK FM,CETI,Tab Cetirizine Tab,1,BOX,26074.0,0.0,26074.0,811807.0,75766.91,764557.0,2025,6,2025-06
0085/JL/0625,2025-06-20,PL-0091,KLINIK FM,DEXAMETHMUL,Dexametasone 0.5 '200tab,1,BOX,13510.0,0.0,13510.0,811807.0,75766.91,764557.0,2025,6,2025-06
0085/JL/0625,2025-06-20,PL-0091,KLINIK FM,IBPR,Tab Ibuprofen Tab,1,BOX,40500.0,0.0,40500.0,811807.0,75766.91,764557.0,2025,6,2025-06
0085/JL/0625,2025-06-20,PL-0091,KLINIK FM,MERSIB,Inj Mersibion inj,1,BOX,75000.0,0.0,75000.0,811807.0,75766.91,764557.0,2025,6,2025-06
0085/JL/0625,2025-06-20,PL-0091,KLINIK FM,MLXFLU,Molexflu Tab,1,BOX,101250.0,0.0,101250.0,811807.0,75766.91,764557.0,2025,6,2025-06
0085/JL/0625,2025-06-20,PL-0091,KLINIK FM,ONDAN-INJ,Ondansetron injek,2,BOX,40000.0,0.0,80000.0,811807.0,75766.91,764557.0,2025,6,2025-06
0085/JL/0625,2025-06-20,PL-0091,KLINIK FM,RANID-INJ,Ranitidine Injek,2,BOX,40000.0,0.0,80000.0,811807.0,75766.91,764557.0,2025,6,2025-06
0085/JL/0625,2025-06-20,PL-0091,KLINIK FM,VIT,B Com Vitamin B Complex,1,BTL,25785.0,0.0,25785.0,811807.0,75766.91,764557.0,2025,6,2025-06
0090/JL/0625,2025-06-20,PL-0091,KLINIK FM,367856,"TUBE EDTA PLH 13X75, 3.0",5,BOX,260500.0,0.0,1302500.0,2527980.0,250520.54,2527980.0,2025,6,2025-06
0090/JL/0625,2025-06-20,PL-0091,KLINIK FM,IV,22G IV CHATETER NO 22G,50,PCS,3550.0,0.0,177500.0,2527980.0,250520.54,2527980.0,2025,6,2025-06
0090/JL/0625,2025-06-20,PL-0091,KLINIK FM,IV,24G IV CHATETER NO 24G,50,PCS,3550.0,0.0,177500.0,2527980.0,250520.54,2527980.0,2025,6,2025-06
0090/JL/0625,2025-06-20,PL-0091,KLINIK FM,IVC,26 IV CHATETER NO 26G,1,BOX,177500.0,0.0,177500.0,2527980.0,250520.54,2527980.0,2025,6,2025-06
0090/JL/0625,2025-06-20,PL-0091,KLINIK FM,MKOA-NRM,Masker Oksigen Anak NRM,2,PCS,48855.0,0.0,97710.0,2527980.0,250520.54,2527980.0,2025,6,2025-06
0090/JL/0625,2025-06-20,PL-0091,KLINIK FM,MKOA-RM,Masker Oksigen Anak RM,2,PCS,48855.0,0.0,97710.0,2527980.0,250520.54,2527980.0,2025,6,2025-06
0090/JL/0625,2025-06-20,PL-0091,KLINIK FM,MKOD-NRM,Masker Oksigen Dewasa NRM,2,PCS,43855.0,0.0,87710.0,2527980.0,250520.54,2527980.0,2025,6,2025-06
0090/JL/0625,2025-06-20,PL-0091,KLINIK FM,MKOD-RM,Masker Oksigen Dewasa RM,2,PCS,48855.0,0.0,97710.0,2527980.0,250520.54,2527980.0,2025,6,2025-06
0090/JL/0625,2025-06-20,PL-0091,KLINIK FM,SCT,STRIP CHOLESTEROL,2,BOX,110000.0,0.0,220000.0,2527980.0,250520.54,2527980.0,2025,6,2025-06
0090/JL/0625,2025-06-20,PL-0091,KLINIK FM,UFIX5,ULTRAFIX MEDICAL 5X5,5,BOX,18428.0,0.0,92140.0,2527980.0,250520.54,2527980.0,2025,6,2025-06
0092/JL/0625,2025-06-23,PL-0093,Klinik Utama Gading Medical,615,Paracetamol 500 mg Kaplet,1,BOX,29304.0,0.0,29304.0,1539118.0,152525.21,1539118.0,2025,6,2025-06
0092/JL/0625,2025-06-23,PL-0093,Klinik Utama Gading Medical,ACT-H,Actifed Hijau,6,BTL,65000.0,0.0,390000.0,1539118.0,152525.21,1539118.0,2025,6,2025-06
0092/JL/0625,2025-06-23,PL-0093,Klinik Utama Gading Medical,ACT-M,Actifed Merah,6,BTL,65000.0,0.0,390000.0,1539118.0,152525.21,1539118.0,2025,6,2025-06
0092/JL/0625,2025-06-23,PL-0093,Klinik Utama Gading Medical,AMXD,Amoxsan Drop,6,BTL,23000.0,0.0,138000.0,1539118.0,152525.21,1539118.0,2025,6,2025-06
0092/JL/0625,2025-06-23,PL-0093,Klinik Utama Gading Medical,ANTASY,Antasida Syrup Mersi,6,BTL,3500.0,0.0,21000.0,1539118.0,152525.21,1539118.0,2025,6,2025-06
0092/JL/0625,2025-06-23,PL-0093,Klinik Utama Gading Medical,CEFIXDS-IFR,Cefixime Dry Syr - Ifars,6,BTL,13000.0,0.0,78000.0,1539118.0,152525.21,1539118.0,2025,6,2025-06
0092/JL/0625,2025-06-23,PL-0093,Klinik Utama Gading Medical,CETI,Tab Cetirizine Tab,1,BOX,35000.0,0.0,35000.0,1539118.0,152525.21,1539118.0,2025,6,2025-06
0092/JL/0625,2025-06-23,PL-0093,Klinik Utama Gading Medical,DOMPS,Domperidone 5mg/5ml Syr Bernofarm,6,BTL,6926.0,0.0,41556.0,1539118.0,152525.21,1539118.0,2025,6,2025-06
0092/JL/0625,2025-06-23,PL-0093,Klinik Utama Gading Medical,DOMPT,Domperidone Tab,1,BOX,35298.0,0.0,35298.0,1539118.0,152525.21,1539118.0,2025,6,2025-06
0092/JL/0625,2025-06-23,PL-0093,Klinik Utama Gading Medical,LANSO30,Lansoprazole 30 mg nufarindo,1,BOX,68988.0,0.0,68988.0,1539118.0,152525.21,1539118.0,2025,6,2025-06
0092/JL/0625,2025-06-23,PL-0093,Klinik Utama Gading Medical,METHYL125,Inj METHYLPREDNISOLON 125MG INJ,1,BOX,27972.0,0.0,27972.0,1539118.0,152525.21,1539118.0,2025,6,2025-06
0092/JL/0625,2025-06-23,PL-0093,Klinik Utama Gading Medical,METR500,Metronidazole 500mg Tab,1,BOX,28000.0,0.0,28000.0,1539118.0,152525.21,1539118.0,2025,6,2025-06
0092/JL/0625,2025-06-23,PL-0093,Klinik Utama Gading Medical,NKST,16X16 KASSA STERIL 16X16,6,BOX,3500.0,0.0,21000.0,1539118.0,152525.21,1539118.0,2025,6,2025-06
0092/JL/0625,2025-06-23,PL-0093,Klinik Utama Gading Medical,RANIT150,Ranitidine 150mg Tab,1,BOX,35000.0,0.0,35000.0,1539118.0,152525.21,1539118.0,2025,6,2025-06
0092/JL/0625,2025-06-23,PL-0093,Klinik Utama Gading Medical,SCPP,Scopma Plus,1,BOX,125000.0,0.0,125000.0,1539118.0,152525.21,1539118.0,2025,6,2025-06
0092/JL/0625,2025-06-23,PL-0093,Klinik Utama Gading Medical,SCRFS,Sucralfate Syr 100ml,6,BTL,12500.0,0.0,75000.0,1539118.0,152525.21,1539118.0,2025,6,2025-06
0068/JL/0525,2025-06-24,PL-0088,PT. OLAB INDONESIA,CERV,CERNEVIT,10,AMPUL,265765.76,0.0,2657657.6,3641035.96,400513.96,4041549.92,2025,6,2025-06
0068/JL/0525,2025-06-24,PL-0088,PT. OLAB INDONESIA,LARI1000MG,LARCE 1000 mg INJEKSI,5,AMPUL,21000.0,0.0,105000.0,3641035.96,400513.96,4041549.92,2025,6,2025-06
0068/JL/0525,2025-06-24,PL-0088,PT. OLAB INDONESIA,PROVI,PROVE VIT INJEKSI,4,AMPUL,219594.59,0.0,878378.36,3641035.96,400513.96,4041549.92,2025,6,2025-06
0088/JL/0625,2025-06-24,PL-0001,RUMAH SAKIT YARSI,KLP-5X5,Kassa Lipat Polos 5cm x 5cm (400 pcs),14,PAK,480000.0,0.0,6720000.0,25304000.0,2783440.0,28087440.0,2025,6,2025-06
0088/JL/0625,2025-06-24,PL-0001,RUMAH SAKIT YARSI,"KLP-7,5X7,5","Kassa Lipat Polos 7,5cm x 7,5cm",20,PAK,280000.0,48.0,2912000.0,25304000.0,2783440.0,28087440.0,2025,6,2025-06
0088/JL/0625,2025-06-24,PL-0001,RUMAH SAKIT YARSI,PVI-60,POVIDONE IODINE 60ml,480,BTL,11400.0,0.0,5472000.0,25304000.0,2783440.0,28087440.0,2025,6,2025-06
0088/JL/0625,2025-06-24,PL-0001,RUMAH SAKIT YARSI,SCTM,SUCTION CONNECTING TUBE MAS,300,PCS,40000.0,15.0,10200000.0,25304000.0,2783440.0,28087440.0,2025,6,2025-06
0096/JL/0625,2025-06-30,PL-0001,RUMAH SAKIT YARSI,POT-KS,Pot Tutup Kuning Sterile,1000,PCS,3000.0,0.0,3000000.0,5252250.0,577747.5,5829997.5,2025,6,2025-06
0096/JL/0625,2025-06-30,PL-0001,RUMAH SAKIT YARSI,POT-URINENSH,Pot Urine Non-Sterile Tutup Hijau,1000,PCS,2252.25,0.0,2252250.0,5252250.0,577747.5,5829997.5,2025,6,2025-06
0091/JL/0625,2025-07-01,PL-0088,PT. OLAB INDONESIA,ACETYL,Acetylcysteine 200 mg IPHA,1,BOX,88800.0,0.0,88800.0,1203437.0,119259.52,1203437.0,2025,7,2025-07
0091/JL/0625,2025-07-01,PL-0088,PT. OLAB INDONESIA,ALLOTAB,Allopurinol Tablet,1,BOX,28139.0,0.0,28139.0,1203437.0,119259.52,1203437.0,2025,7,2025-07
0091/JL/0625,2025-07-01,PL-0088,PT. OLAB INDONESIA,AMD,5mg Amlodipine 5mg,1,BOX,43692.0,0.0,43692.0,1203437.0,119259.52,1203437.0,2025,7,2025-07
0091/JL/0625,2025-07-01,PL-0088,PT. OLAB INDONESIA,AST4,Asthin 4 mg,1,BOX,200000.0,0.0,200000.0,1203437.0,119259.52,1203437.0,2025,7,2025-07
0091/JL/0625,2025-07-01,PL-0088,PT. OLAB INDONESIA,AZITY500,Azitromycin 500 mg,1,BOX,193556.0,0.0,193556.0,1203437.0,119259.52,1203437.0,2025,7,2025-07
0091/JL/0625,2025-07-01,PL-0088,PT. OLAB INDONESIA,CARDI5,Cardisan 5mg Tablet,1,BOX,412500.0,0.0,412500.0,1203437.0,119259.52,1203437.0,2025,7,2025-07
0091/JL/0625,2025-07-01,PL-0088,PT. OLAB INDONESIA,NEUTAB,Neurosanbe Tablet,1,BOX,181250.0,0.0,181250.0,1203437.0,119259.52,1203437.0,2025,7,2025-07
0091/JL/0625,2025-07-01,PL-0088,PT. OLAB INDONESIA,VES,Vesperum Tab,1,BOX,55500.0,0.0,55500.0,1203437.0,119259.52,1203437.0,2025,7,2025-07
0093/JL/0625,2025-07-01,PL-0078,PUSKESMAS SIRNAGALIH,AKURAT,Test ALAT TEST KEHAMILAN AKURAT,2,BOX,495000.0,0.0,990000.0,13865000.0,1525150.0,15390150.0,2025,7,2025-07
0093/JL/0625,2025-07-01,PL-0078,PUSKESMAS SIRNAGALIH,BBN3375,"Benang Bedah Nylon ukuran 3/0, 30 mm, 75 cm",1,PCS,37500.0,0.0,37500.0,13865000.0,1525150.0,15390150.0,2025,7,2025-07
0093/JL/0625,2025-07-01,PL-0078,PUSKESMAS SIRNAGALIH,CUPB,Disposable Cup Blue @50 pcs (Gelas Kumur),40,PAK,20000.0,0.0,800000.0,13865000.0,1525150.0,15390150.0,2025,7,2025-07
0093/JL/0625,2025-07-01,PL-0078,PUSKESMAS SIRNAGALIH,IV,20G IV CHATETER NO 20G,10,PCS,5400.0,0.0,54000.0,13865000.0,1525150.0,15390150.0,2025,7,2025-07
0093/JL/0625,2025-07-01,PL-0078,PUSKESMAS SIRNAGALIH,IV,24G IV CHATETER NO 24G,10,PCS,5400.0,0.0,54000.0,13865000.0,1525150.0,15390150.0,2025,7,2025-07
0093/JL/0625,2025-07-01,PL-0078,PUSKESMAS SIRNAGALIH,KEKG1230,KERTAS EKG 12 CHANEL 210mm*30m,24,PAK,151000.0,0.0,3624000.0,13865000.0,1525150.0,15390150.0,2025,7,2025-07
0093/JL/0625,2025-07-01,PL-0078,PUSKESMAS SIRNAGALIH,MK08-565,MASKER MULTI ONE PLUS 3PLY EARLOOP,50,BOX,16000.0,0.0,800000.0,13865000.0,1525150.0,15390150.0,2025,7,2025-07
0093/JL/0625,2025-07-01,PL-0078,PUSKESMAS SIRNAGALIH,MK09-231,LATEX FOLEY CATHETER 2-WAY FR16,10,PCS,22000.0,0.0,220000.0,13865000.0,1525150.0,15390150.0,2025,7,2025-07
0093/JL/0625,2025-07-01,PL-0078,PUSKESMAS SIRNAGALIH,MK09-231-2,LATEX FOLEY CATHETER 2-WAY FR18,10,PCS,23000.0,0.0,230000.0,13865000.0,1525150.0,15390150.0,2025,7,2025-07
0093/JL/0625,2025-07-01,PL-0078,PUSKESMAS SIRNAGALIH,ONEMED-,"Catgut Chromic Uk. 2/0, HR-27, Tapper 75cm Catgut2",1,PCS,73500.0,0.0,73500.0,13865000.0,1525150.0,15390150.0,2025,7,2025-07
0093/JL/0625,2025-07-01,PL-0078,PUSKESMAS SIRNAGALIH,ONEMED-CATGUT,"Catgut Chromic Uk. 3/0, HR-27, Tapper 75cm 3",1,PCS,67000.0,0.0,67000.0,13865000.0,1525150.0,15390150.0,2025,7,2025-07
0093/JL/0625,2025-07-01,PL-0078,PUSKESMAS SIRNAGALIH,POT-KS,Pot Tutup Kuning Sterile,2000,PCS,3000.0,0.0,6000000.0,13865000.0,1525150.0,15390150.0,2025,7,2025-07
0093/JL/0625,2025-07-01,PL-0078,PUSKESMAS SIRNAGALIH,S,"3/0 27,75 BENANG SILK 3/0 27mm, 75cm",1,PCS,37500.0,0.0,37500.0,13865000.0,1525150.0,15390150.0,2025,7,2025-07
0093/JL/0625,2025-07-01,PL-0078,PUSKESMAS SIRNAGALIH,S,"2/0 27,75 BENANG SILK 2/0 27mm, 75cm",1,PCS,37500.0,0.0,37500.0,13865000.0,1525150.0,15390150.0,2025,7,2025-07
0093/JL/0625,2025-07-01,PL-0078,PUSKESMAS SIRNAGALIH,UFIX,Ultrafix Medical 10x5,10,BOX,53000.0,0.0,530000.0,13865000.0,1525150.0,15390150.0,2025,7,2025-07
0093/JL/0625,2025-07-01,PL-0078,PUSKESMAS SIRNAGALIH,UFIX5,ULTRAFIX MEDICAL 5X5,10,BOX,31000.0,0.0,310000.0,13865000.0,1525150.0,15390150.0,2025,7,2025-07
0094/JL/0625,2025-07-01,PL-0078,PUSKESMAS SIRNAGALIH,FD-AD51D,FETAL DOPPLER ONEHEALTH,1,UNIT,2296000.0,0.0,2296000.0,2296000.0,252560.0,2548560.0,2025,7,2025-07
0095/JL/0625,2025-07-01,PL-0083,RSU EL-SYIFA,ALKGP,AlleMed ECG/EKG PAPER 210mm x 295mm x 100sheets,2,PCS,375000.0,0.0,750000.0,750000.0,82500.0,832500.0,2025,7,2025-07
0097/JL/0725,2025-07-02,PL-0001,RUMAH SAKIT YARSI,KLP-5X5,Kassa Lipat Polos 5cm x 5cm (400 pcs),15,PAK,480000.0,0.0,7200000.0,10112000.0,1112320.0,11224320.0,2025,7,2025-07
0097/JL/0725,2025-07-02,PL-0001,RUMAH SAKIT YARSI,"KLP-7,5X7,5","Kassa Lipat Polos 7,5cm x 7,5cm",20,PAK,280000.0,48.0,2912000.0,10112000.0,1112320.0,11224320.0,2025,7,2025-07
0098/JL/0725,2025-07-03,PL-0051,PT. KAWAN LANGGENG,4320-0112,"PASTEUR PIPETTE, LDPE MATERIAL, CAP.5ML/145MM LONG, GRADUATED AT EVERY 1/4ML UP TO 1ML. INDIVIDUAL FLOW-PACK, E.O. STERILE",1,BOX,65000.0,0.0,65000.0,65000.0,7150.0,90150.0,2025,7,2025-07
0099/JL/0725,2025-07-09,PL-0091,KLINIK FM,615,Paracetamol 500 mg Kaplet,1,BOX,17568.46,0.0,17568.46,831989.07,91518.8,923507.87,2025,7,2025-07
0099/JL/0725,2025-07-09,PL-0091,KLINIK FM,635,Ambroxol HCl 15 mg/5 ml Elixir Bernofarm,4,BTL,3782.88,0.0,15131.52,831989.07,91518.8,923507.87,2025,7,2025-07
0099/JL/0725,2025-07-09,PL-0091,KLINIK FM,AMBTAB,Ambroxol Tab Bernofarm,2,BOX,24974.77,0.0,49949.54,831989.07,91518.8,923507.87,2025,7,2025-07
0099/JL/0725,2025-07-09,PL-0091,KLINIK FM,AMD,10mg Amlodipine 10mg,1,BOX,44570.27,0.0,44570.27,831989.07,91518.8,923507.87,2025,7,2025-07
0099/JL/0725,2025-07-09,PL-0091,KLINIK FM,ANTAST,Antasida Tab - Triman,2,BOX,21622.52,0.0,43245.04,831989.07,91518.8,923507.87,2025,7,2025-07
0099/JL/0725,2025-07-09,PL-0091,KLINIK FM,CAPT25,Captopril 25 mg Tab,1,BOX,27358.55,0.0,27358.55,831989.07,91518.8,923507.87,2025,7,2025-07
0099/JL/0725,2025-07-09,PL-0091,KLINIK FM,CIFLX,Tab CIPROFLOXACIN TAB,2,BOX,59509.9,0.0,119019.8,831989.07,91518.8,923507.87,2025,7,2025-07
0099/JL/0725,2025-07-09,PL-0091,KLINIK FM,DKETO1028T00,Ketoconazole 200 mg Tab 1,1,BOX,29630.63,0.0,29630.63,831989.07,91518.8,923507.87,2025,7,2025-07
0099/JL/0725,2025-07-09,PL-0091,KLINIK FM,DEXAMETHMUL,Dexametasone 0.5 '200tab,2,BOX,12171.17,0.0,24342.34,831989.07,91518.8,923507.87,2025,7,2025-07
0099/JL/0725,2025-07-09,PL-0091,KLINIK FM,GLIMP1,GLIMEPIRIDE 1 MG,1,BOX,30302.7,0.0,30302.7,831989.07,91518.8,923507.87,2025,7,2025-07
0099/JL/0725,2025-07-09,PL-0091,KLINIK FM,IBPR400,Tab Ibuprofen 400mg Tab,1,BOX,36486.48,0.0,36486.48,831989.07,91518.8,923507.87,2025,7,2025-07
0099/JL/0725,2025-07-09,PL-0091,KLINIK FM,KETLAC,Tab Ketorolac Tab 10mg Bernofarm,2,BOX,32633.33,0.0,65266.66,831989.07,91518.8,923507.87,2025,7,2025-07
0099/JL/0725,2025-07-09,PL-0091,KLINIK FM,LOPRM2,LOPERAMIDE 2MG TAB,1,BOX,19693.69,0.0,19693.69,831989.07,91518.8,923507.87,2025,7,2025-07
0099/JL/0725,2025-07-09,PL-0091,KLINIK FM,MEFEAC500,Mefenamat Acid 500mg Tab Triman,2,BOX,32500.0,0.0,65000.0,831989.07,91518.8,923507.87,2025,7,2025-07
0099/JL/0725,2025-07-09,PL-0091,KLINIK FM,METHYL125,Inj METHYLPREDNISOLON 125MG INJ,3,BOX,24800.9,0.0,74402.7,831989.07,91518.8,923507.87,2025,7,2025-07
0099/JL/0725,2025-07-09,PL-0091,KLINIK FM,NATDIK5,Natrium Diklofenac 50mg phapros,3,BOX,22573.87,0.0,67721.61,831989.07,91518.8,923507.87,2025,7,2025-07
0099/JL/0725,2025-07-09,PL-0091,KLINIK FM,PIROXC20,Piroxicam 20mg Tab,2,BOX,18249.54,0.0,36499.08,831989.07,91518.8,923507.87,2025,7,2025-07
0099/JL/0725,2025-07-09,PL-0091,KLINIK FM,SIMV20,Simvastatin 20 mg,2,BOX,32900.0,0.0,65800.0,831989.07,91518.8,923507.87,2025,7,2025-07
0100/JL/0725,2025-07-11,PL-0001,RUMAH SAKIT YARSI,367856,"TUBE EDTA PLH 13X75, 3.0",15,BOX,276100.0,15.0,3520275.0,9466875.0,1041356.25,10508231.25,2025,7,2025-07
0100/JL/0725,2025-07-11,PL-0001,RUMAH SAKIT YARSI,367957,"TUBE SST II PLH 13X75, 3.5",20,BOX,349800.0,15.0,5946600.0,9466875.0,1041356.25,10508231.25,2025,7,2025-07
0102/JL/0725,2025-07-11,PL-0095,DINAS KESEHATAN KAB,615,Paracetamol 500 mg Kaplet,100000,TAB,610.0,0.0,61000000.0,61000000.0,6710000.0,67710000.0,2025,7,2025-07
0103/JL/0725,2025-07-11,PL-0096,PT. SERAPHIM LIFE,ASWAG60,Ashwagandha+ 60 Kapsul,10,BTL,200000.0,0.0,2000000.0,2000000.0,220000.0,2220000.0,2025,7,2025-07
0104/JL/0725,2025-07-15,PL-0097,RS HUMANA PRIMA,AMPCL-INJ,Ampicillin Inj,100,VIAL,9577.2,0.0,957720.0,26066010.0,2867261.1,28933271.1,2025,7,2025-07
0104/JL/0725,2025-07-15,PL-0097,RS HUMANA PRIMA,ATRAX100-INJ,Asam Tranexamat 100mg/ml Inj,250,AMPUL,4864.0,0.0,1216000.0,26066010.0,2867261.1,28933271.1,2025,7,2025-07
0104/JL/0725,2025-07-15,PL-0097,RS HUMANA PRIMA,CEFTX-INJ,Ceftizoxime Inj,25,VIAL,103500.0,0.0,2587500.0,26066010.0,2867261.1,28933271.1,2025,7,2025-07
0104/JL/0725,2025-07-15,PL-0097,RS HUMANA PRIMA,CEFZN1-INJ,Cefazolin Inj 1gr,20,AMPUL,11960.0,0.0,239200.0,26066010.0,2867261.1,28933271.1,2025,7,2025-07
0104/JL/0725,2025-07-15,PL-0097,RS HUMANA PRIMA,DEXAME5-INJ,Dexamethasone 5mg/1ml,1000,AMPUL,1576.0,0.0,1576000.0,26066010.0,2867261.1,28933271.1,2025,7,2025-07
0104/JL/0725,2025-07-15,PL-0097,RS HUMANA PRIMA,DIPHDR10-INJ,Diphenhydramin Hcl 10mg Inj,500,AMPUL,1919.0,0.0,959500.0,26066010.0,2867261.1,28933271.1,2025,7,2025-07
0104/JL/0725,2025-07-15,PL-0097,RS HUMANA PRIMA,KETLAC30-INJ,Ketorolac 30mg/1ml Inj,250,AMPUL,5078.0,0.0,1269500.0,26066010.0,2867261.1,28933271.1,2025,7,2025-07
0104/JL/0725,2025-07-15,PL-0097,RS HUMANA PRIMA,LEVXC500-INF,Levofloxacin Infus 500MG/100ML,40,BTL,27485.0,0.0,1099400.0,26066010.0,2867261.1,28933271.1,2025,7,2025-07
0104/JL/0725,2025-07-15,PL-0097,RS HUMANA PRIMA,LIDC2-INJ,Lidocain Hcl Inj 2% 2ML,300,AMPUL,1358.0,0.0,407400.0,26066010.0,2867261.1,28933271.1,2025,7,2025-07
0104/JL/0725,2025-07-15,PL-0097,RS HUMANA PRIMA,METRDI500,Metronidazole Infus 500mg/100ml,100,BTL,13708.0,0.0,1370800.0,26066010.0,2867261.1,28933271.1,2025,7,2025-07
0104/JL/0725,2025-07-15,PL-0097,RS HUMANA PRIMA,MECBN-INJ,Mecobalamin Inj,100,AMPUL,7659.0,0.0,765900.0,26066010.0,2867261.1,28933271.1,2025,7,2025-07
0104/JL/0725,2025-07-15,PL-0097,RS HUMANA PRIMA,NICRP10-INJ,Nicardipine Inj 10mg,9,AMPUL,20010.0,0.0,180090.0,26066010.0,2867261.1,28933271.1,2025,7,2025-07
0104/JL/0725,2025-07-15,PL-0097,RS HUMANA PRIMA,OME40MGINJ,OMEPRAZOLE SODIUM MONOHYDRATE 40mg SERBUK INJ,500,VIAL,10695.0,0.0,5347500.0,26066010.0,2867261.1,28933271.1,2025,7,2025-07
0104/JL/0725,2025-07-15,PL-0097,RS HUMANA PRIMA,ONDAN4-INJ,Ondansetron 4mg Injek,500,AMPUL,1521.0,0.0,760500.0,26066010.0,2867261.1,28933271.1,2025,7,2025-07
0104/JL/0725,2025-07-15,PL-0097,RS HUMANA PRIMA,ONDAN8-INJ,Ondansetron 8mg Injek,500,AMPUL,4613.0,0.0,2306500.0,26066010.0,2867261.1,28933271.1,2025,7,2025-07
0104/JL/0725,2025-07-15,PL-0097,RS HUMANA PRIMA,PCT-INFUS,Paracetamol 1 G/100ml Infus TD,250,BOX,16732.0,0.0,4183000.0,26066010.0,2867261.1,28933271.1,2025,7,2025-07
0104/JL/0725,2025-07-15,PL-0097,RS HUMANA PRIMA,RANID-INJ,Ranitidine Injek,500,AMPUL,1679.0,0.0,839500.0,26066010.0,2867261.1,28933271.1,2025,7,2025-07
0105/JL/0725,2025-07-15,PL-0097,RS HUMANA PRIMA,AMD,10mg Amlodipine 10mg,5000,TAB,276.57,0.0,1382850.0,16064585.0,1767104.35,17831689.35,2025,7,2025-07
0105/JL/0725,2025-07-15,PL-0097,RS HUMANA PRIMA,BTHS6,Betahistine 6mg Tab,1000,TAB,1610.0,0.0,1610000.0,16064585.0,1767104.35,17831689.35,2025,7,2025-07
0105/JL/0725,2025-07-15,PL-0097,RS HUMANA PRIMA,CANDS8,Candesartan 8mg Tab,6000,TAB,460.0,0.0,2760000.0,16064585.0,1767104.35,17831689.35,2025,7,2025-07
0105/JL/0725,2025-07-15,PL-0097,RS HUMANA PRIMA,CLPG75,Clopidogrel 75mg Tab - Berno,9000,TAB,920.0,0.0,8280000.0,16064585.0,1767104.35,17831689.35,2025,7,2025-07
0105/JL/0725,2025-07-15,PL-0097,RS HUMANA PRIMA,DEXKTPT,Dexketoprofen Tab,500,TAB,1851.0,0.0,925500.0,16064585.0,1767104.35,17831689.35,2025,7,2025-07
0105/JL/0725,2025-07-15,PL-0097,RS HUMANA PRIMA,LORATD10,Loratadine 10mg Tab,500,TAB,234.0,0.0,117000.0,16064585.0,1767104.35,17831689.35,2025,7,2025-07
0105/JL/0725,2025-07-15,PL-0097,RS HUMANA PRIMA,METR500,Metronidazole 500mg Tab,500,TAB,259.49,0.0,129745.0,16064585.0,1767104.35,17831689.35,2025,7,2025-07
0105/JL/0725,2025-07-15,PL-0097,RS HUMANA PRIMA,"MOMTS0,1","Mometasone Cream 0,1% 10gr",10,TUBE,16100.0,0.0,161000.0,16064585.0,1767104.35,17831689.35,2025,7,2025-07
0105/JL/0725,2025-07-15,PL-0097,RS HUMANA PRIMA,SIMV20,Simvastatin 20 mg,3000,TAB,232.83,0.0,698490.0,16064585.0,1767104.35,17831689.35,2025,7,2025-07
0106/JL/0725,2025-07-15,PL-0097,RS HUMANA PRIMA,268,Cefadroxil Monohydrate 500mg Kapsul Bernofarm,1000,TAB,999.35,0.0,999350.0,12728264.0,1400109.04,14128373.04,2025,7,2025-07
0106/JL/0725,2025-07-15,PL-0097,RS HUMANA PRIMA,343,Ondancetron HCl Dihydrate 8 mg Kaplet Salut Selaput,900,TAB,3162.49,0.0,2846241.0,12728264.0,1400109.04,14128373.04,2025,7,2025-07
0106/JL/0725,2025-07-15,PL-0097,RS HUMANA PRIMA,635,Ambroxol HCl 15 mg/5 ml Elixir Bernofarm,50,BTL,3347.0,0.0,167350.0,12728264.0,1400109.04,14128373.04,2025,7,2025-07
0106/JL/0725,2025-07-15,PL-0097,RS HUMANA PRIMA,CANDS16,Candesartan 16mg Tab,6000,TAB,622.26,0.0,3733560.0,12728264.0,1400109.04,14128373.04,2025,7,2025-07
0106/JL/0725,2025-07-15,PL-0097,RS HUMANA PRIMA,GBP300,GABAPENTIN 300 MG,600,TAB,644.0,0.0,386400.0,12728264.0,1400109.04,14128373.04,2025,7,2025-07
0106/JL/0725,2025-07-15,PL-0097,RS HUMANA PRIMA,METFT500,METFORMIN 500 mg Tab Bernofarm,4600,TAB,246.55,0.0,1134130.0,12728264.0,1400109.04,14128373.04,2025,7,2025-07
0106/JL/0725,2025-07-15,PL-0097,RS HUMANA PRIMA,MOXCTAB,Amoxicillin 500mg Tab,300,TAB,540.0,0.0,162000.0,12728264.0,1400109.04,14128373.04,2025,7,2025-07
0106/JL/0725,2025-07-15,PL-0097,RS HUMANA PRIMA,METHYL125,Inj METHYLPREDNISOLON 125MG INJ,1000,TAB,214.12,0.0,214120.0,12728264.0,1400109.04,14128373.04,2025,7,2025-07
0106/JL/0725,2025-07-15,PL-0097,RS HUMANA PRIMA,ONDC4,Ondancetron HCl Dihydrate 4 mg Kaplet Salut Selaput,1200,TAB,948.74,0.0,1138488.0,12728264.0,1400109.04,14128373.04,2025,7,2025-07
0106/JL/0725,2025-07-15,PL-0097,RS HUMANA PRIMA,CEFXTR200,CEFIXIME 200MG KAPSUL BERNOFARM,1500,TAB,1297.75,0.0,1946625.0,12728264.0,1400109.04,14128373.04,2025,7,2025-07
0107/JL/0725,2025-07-18,PL-0001,RUMAH SAKIT YARSI,OTO-L,OTORO LATEX FREE POWDER ''L'',150,BOX,75000.0,15.0,9562500.0,41973000.0,4617030.0,46590030.0,2025,7,2025-07
0107/JL/0725,2025-07-18,PL-0001,RUMAH SAKIT YARSI,OTO-M,OTORO LATEX FREE POWDER ''M'',200,BOX,75000.0,15.0,12750000.0,41973000.0,4617030.0,46590030.0,2025,7,2025-07
0107/JL/0725,2025-07-18,PL-0001,RUMAH SAKIT YARSI,OTR-S,OTORO LATEX FREE POWDER ''S'',250,BOX,75000.0,15.0,15937500.0,41973000.0,4617030.0,46590030.0,2025,7,2025-07
0107/JL/0725,2025-07-18,PL-0001,RUMAH SAKIT YARSI,OTRP-M,OTORO LATEX POWDER ''M'',30,BOX,73000.0,15.0,1861500.0,41973000.0,4617030.0,46590030.0,2025,7,2025-07
0107/JL/0725,2025-07-18,PL-0001,RUMAH SAKIT YARSI,OTRP-S,OTORO LATEX POWDER ''S'',30,BOX,73000.0,15.0,1861500.0,41973000.0,4617030.0,46590030.0,2025,7,2025-07
0108/JL/0725,2025-07-18,PL-0001,RUMAH SAKIT YARSI,AKHL70%,ALKOHOL 70% 100 ML 100ML,480,BTL,4800.0,0.0,2304000.0,2304000.0,253440.0,2557440.0,2025,7,2025-07
0109/JL/0725,2025-07-18,PL-0001,RUMAH SAKIT YARSI,MK04-115,ELECTROSURGICAL PENCIL MK04-115,150,PCS,60000.0,30.0,6300000.0,6300000.0,693000.0,6993000.0,2025,7,2025-07
0110/JL/0725,2025-07-18,PL-0001,RUMAH SAKIT YARSI,PVI-60,POVIDONE IODINE 60ml,480,BTL,9000.0,0.0,4320000.0,4320000.0,475200.0,4795200.0,2025,7,2025-07
0111/JL/0725,2025-07-21,PL-0098,UPTD PUSKESMAS,MJ-GYN,MEJA GYNECOLOGI,1,UNIT,9700000.0,0.0,9700000.0,9700000.0,1067000.0,10767000.0,2025,7,2025-07
0112/JL/0725,2025-07-22,PL-0001,RUMAH SAKIT YARSI,KLP-10X10,Kassa Lipat Polos 10cm x 10cm,20,PAK,350000.0,37.0,4410000.0,16490000.0,1813900.0,18303900.0,2025,7,2025-07
0112/JL/0725,2025-07-22,PL-0001,RUMAH SAKIT YARSI,KLP-5X5,Kassa Lipat Polos 5cm x 5cm (400 pcs),10,PAK,480000.0,0.0,4800000.0,16490000.0,1813900.0,18303900.0,2025,7,2025-07
0112/JL/0725,2025-07-22,PL-0001,RUMAH SAKIT YARSI,"KLP-7,5X7,5","Kassa Lipat Polos 7,5cm x 7,5cm",50,PAK,280000.0,48.0,7280000.0,16490000.0,1813900.0,18303900.0,2025,7,2025-07
0113/JL/0725,2025-07-24,PL-0099,UPTD RSUD Pondok Gede,KPVI-1L,KITARO POVIDONE IODINE 1 L,100,BTL,99099.1,0.0,9909909.9,9909909.9,1090090.09,10999999.99,2025,7,2025-07
0115/JL/0725,2025-07-29,PL-0097,RS HUMANA PRIMA,AZITYS200,Azitromycin Syrup 200mg/5ml Bernofarm,15,BTL,29439.63,0.0,441594.45,5860373.45,644641.08,6505014.53,2025,7,2025-07
0115/JL/0725,2025-07-29,PL-0097,RS HUMANA PRIMA,BISPRO2.5,Bisoprolol Tab 2.5mg Bernofarm,3000,TAB,402.48,0.0,1207440.0,5860373.45,644641.08,6505014.53,2025,7,2025-07
0115/JL/0725,2025-07-29,PL-0097,RS HUMANA PRIMA,CEFIX100,Cefixime Trihydrate 100mg Tss Bernofarm,500,TAB,776.25,0.0,388125.0,5860373.45,644641.08,6505014.53,2025,7,2025-07
0115/JL/0725,2025-07-29,PL-0097,RS HUMANA PRIMA,CITCL500,Citicoline 500mg Tab Bernofarm,600,TAB,3066.67,0.0,1840002.0,5860373.45,644641.08,6505014.53,2025,7,2025-07
0115/JL/0725,2025-07-29,PL-0097,RS HUMANA PRIMA,CLINDYCM300,Clindamycin HCl 300 mg Kapsul - Mersi,500,TAB,1037.08,0.0,518540.0,5860373.45,644641.08,6505014.53,2025,7,2025-07
0115/JL/0725,2025-07-29,PL-0097,RS HUMANA PRIMA,DOMPS,Domperidone 5mg/5ml Syr Bernofarm,15,BTL,4800.0,0.0,72000.0,5860373.45,644641.08,6505014.53,2025,7,2025-07
0115/JL/0725,2025-07-29,PL-0097,RS HUMANA PRIMA,ERDOS,Erdosteine 175 mg/5ml Syrup Kering Bernofarm,20,BTL,24150.45,0.0,483009.0,5860373.45,644641.08,6505014.53,2025,7,2025-07
0115/JL/0725,2025-07-29,PL-0097,RS HUMANA PRIMA,KETLAC,Tab Ketorolac Tab 10mg Bernofarm,540,TAB,939.15,0.0,507141.0,5860373.45,644641.08,6505014.53,2025,7,2025-07
0115/JL/0725,2025-07-29,PL-0097,RS HUMANA PRIMA,PCT120-60,Paracetamol 120 mg/60 ml Syr Bernofarm,100,BTL,4025.22,0.0,402522.0,5860373.45,644641.08,6505014.53,2025,7,2025-07
0117/JL/0725,2025-07-29,PL-0097,RS HUMANA PRIMA,AMBRX30,Ambroxol HCl 30 mg/5 ml Elixir Bernofarm,30,BTL,5013.51,0.0,150405.3,8125768.3,893834.0,9019602.0,2025,7,2025-07
0117/JL/0725,2025-07-29,PL-0097,RS HUMANA PRIMA,CEFADS250,Cefadroxil Monohydrate 250mg/5ml Sirup Kering Bernofarm,30,BTL,11902.7,0.0,357081.0,8125768.3,893834.0,9019602.0,2025,7,2025-07
0117/JL/0725,2025-07-29,PL-0097,RS HUMANA PRIMA,CIFLX,Tab CIPROFLOXACIN TAB,1000,TAB,483.0,0.0,483000.0,8125768.3,893834.0,9019602.0,2025,7,2025-07
0117/JL/0725,2025-07-29,PL-0097,RS HUMANA PRIMA,CILOST100,Cilostazole 100mg Tab Bernofarm,200,TAB,4479.25,0.0,895850.0,8125768.3,893834.0,9019602.0,2025,7,2025-07
0117/JL/0725,2025-07-29,PL-0097,RS HUMANA PRIMA,CITCL500,Citicoline 500mg Tab Bernofarm,600,TAB,3066.66,0.0,1839996.0,8125768.3,893834.0,9019602.0,2025,7,2025-07
0117/JL/0725,2025-07-29,PL-0097,RS HUMANA PRIMA,CLINDYCM300,Clindamycin HCl 300 mg Kapsul - Mersi,600,TAB,1037.08,0.0,622248.0,8125768.3,893834.0,9019602.0,2025,7,2025-07
0117/JL/0725,2025-07-29,PL-0097,RS HUMANA PRIMA,DOMPS,Domperidone 5mg/5ml Syr Bernofarm,20,BTL,4800.0,0.0,96000.0,8125768.3,893834.0,9019602.0,2025,7,2025-07
0117/JL/0725,2025-07-29,PL-0097,RS HUMANA PRIMA,ERDOS,Erdosteine 175 mg/5ml Syrup Kering Bernofarm,20,BTL,24150.45,0.0,483009.0,8125768.3,893834.0,9019602.0,2025,7,2025-07
0117/JL/0725,2025-07-29,PL-0097,RS HUMANA PRIMA,GBPD300,Gabapentin 300 mg - Dexa,870,TAB,644.0,0.0,560280.0,8125768.3,893834.0,9019602.0,2025,7,2025-07
0117/JL/0725,2025-07-29,PL-0097,RS HUMANA PRIMA,METF500,METFORMIN 500 mg Tab Bernofarm,5000,TAB,246.55,0.0,1232750.0,8125768.3,893834.0,9019602.0,2025,7,2025-07
0117/JL/0725,2025-07-29,PL-0097,RS HUMANA PRIMA,MEFEAC500,Mefenamat Acid 500mg Tab Triman,1000,TAB,254.15,0.0,254150.0,8125768.3,893834.0,9019602.0,2025,7,2025-07
0117/JL/0725,2025-07-29,PL-0097,RS HUMANA PRIMA,MEFEACB500,Mefenamat Acid 500mg Tab Bernofarm,1000,TAB,254.15,0.0,254150.0,8125768.3,893834.0,9019602.0,2025,7,2025-07
0117/JL/0725,2025-07-29,PL-0097,RS HUMANA PRIMA,METMZ,Inj Metamizol Sodium Monohydrate Inj 1000mg/2ml @100 amp Bernofarm,100,AMPUL,3679.27,0.0,367927.0,8125768.3,893834.0,9019602.0,2025,7,2025-07
0117/JL/0725,2025-07-29,PL-0097,RS HUMANA PRIMA,PCT120-60,Paracetamol 120 mg/60 ml Syr Bernofarm,100,BTL,4025.22,0.0,402522.0,8125768.3,893834.0,9019602.0,2025,7,2025-07
0117/JL/0725,2025-07-29,PL-0097,RS HUMANA PRIMA,SDVAL250,Sodium Valproat Syr 250ml/5ml Bernofarm,5,BTL,25280.0,0.0,126400.0,8125768.3,893834.0,9019602.0,2025,7,2025-07
0118/JL/0725,2025-07-29,PL-0083,RSU EL-SYIFA,AHWC-210,Disposable Single Heated Wire Breathing Circuit Adult AHWC-210,3,PCS,1437500.0,20.0,3450000.0,3450000.0,379500.0,3829500.0,2025,7,2025-07
0120/JL/0825,2025-07-29,PL-0001,RUMAH SAKIT YARSI,BIG,Gauze - Kasa Big Gauze X Ray 30 x 30 XR30,7,PAK,165000.0,0.0,1155000.0,1320000.0,145200.0,1465200.0,2025,7,2025-07
0120/JL/0825,2025-07-29,PL-0001,RUMAH SAKIT YARSI,BIG,Gauze - Kasa Big Gauze X Ray 40 x 40 XR40,1,PAK,165000.0,0.0,165000.0,1320000.0,145200.0,1465200.0,2025,7,2025-07
0114/JL/0725,2025-07-30,PL-0001,RUMAH SAKIT YARSI,LEVOTAB,LEVOPAR TAB,50,BOX,200000.0,0.0,10000000.0,10000000.0,1100000.0,11100000.0,2025,7,2025-07
0116/JL/0725,2025-07-30,PL-0001,RUMAH SAKIT YARSI,FLC5,Folic Acid 5mg Box 10 Stp@10 Kap (DIPA),2,BOX,218750.0,0.0,437500.0,5003989.0,550438.79,5554427.79,2025,7,2025-07
0116/JL/0725,2025-07-30,PL-0001,RUMAH SAKIT YARSI,PTU100,Propylthiouracil 100mg (Dexa),8,BOX,84090.0,0.0,672720.0,5003989.0,550438.79,5554427.79,2025,7,2025-07
0116/JL/0725,2025-07-30,PL-0001,RUMAH SAKIT YARSI,VIT,B 12 Vitamin B 12 50mcg Tab (AFI),198,BOX,15984.0,0.0,3164832.0,5003989.0,550438.79,5554427.79,2025,7,2025-07
0116/JL/0725,2025-07-30,PL-0001,RUMAH SAKIT YARSI,VIT,B Comxn Vitamin B Complex (NOVA),33,BOX,22089.0,0.0,728937.0,5003989.0,550438.79,5554427.79,2025,7,2025-07
0119/JL/0825,2025-08-02,PL-0096,PT. SERAPHIM LIFE,ASWAG60,Ashwagandha+ 60 Kapsul,10,BTL,200000.0,0.0,2000000.0,2000000.0,220000.0,2220000.0,2025,8,2025-08
0006/JL/0125,2025-08-05,PL-0073,PUSKESMAS BINTARA,AKRL-3S,Akrilik Leaflet 3 Susun,1,PCS,147000.0,0.0,147000.0,16951688.0,1864686.0,18816374.0,2025,8,2025-08
0006/JL/0125,2025-08-05,PL-0073,PUSKESMAS BINTARA,BC105,BINDER CLIP 105,36,BOX,13658.0,0.0,491688.0,16951688.0,1864686.0,18816374.0,2025,8,2025-08
0006/JL/0125,2025-08-05,PL-0073,PUSKESMAS BINTARA,BC107,BINDER CLIP 107,36,BOX,11800.0,0.0,424800.0,16951688.0,1864686.0,18816374.0,2025,8,2025-08
0006/JL/0125,2025-08-05,PL-0073,PUSKESMAS BINTARA,BC111,BINDER CLIP 111,36,BOX,8800.0,0.0,316800.0,16951688.0,1864686.0,18816374.0,2025,8,2025-08
0006/JL/0125,2025-08-05,PL-0073,PUSKESMAS BINTARA,BE,BUKU EKSPEDISI,5,BUAH,34000.0,0.0,170000.0,16951688.0,1864686.0,18816374.0,2025,8,2025-08
0006/JL/0125,2025-08-05,PL-0073,PUSKESMAS BINTARA,BFB,BUKU FOLIO BESAR,5,BUAH,40000.0,0.0,200000.0,16951688.0,1864686.0,18816374.0,2025,8,2025-08
0006/JL/0125,2025-08-05,PL-0073,PUSKESMAS BINTARA,BFK,BUKU FOLIO KECIL @100 LEMBAR,10,BUAH,26000.0,0.0,260000.0,16951688.0,1864686.0,18816374.0,2025,8,2025-08
0006/JL/0125,2025-08-05,PL-0073,PUSKESMAS BINTARA,BKT-38,BUKU TULIS IS 38 LEMBAR,2,PAK,60000.0,0.0,120000.0,16951688.0,1864686.0,18816374.0,2025,8,2025-08
0006/JL/0125,2025-08-05,PL-0073,PUSKESMAS BINTARA,BPGB,BALLPOINT GEL INK BIRU,2,PAK,50000.0,0.0,100000.0,16951688.0,1864686.0,18816374.0,2025,8,2025-08
0006/JL/0125,2025-08-05,PL-0073,PUSKESMAS BINTARA,BPMX,Ball Point Pen Maxxis,5,PAK,50000.0,0.0,250000.0,16951688.0,1864686.0,18816374.0,2025,8,2025-08
0006/JL/0125,2025-08-05,PL-0073,PUSKESMAS BINTARA,BPSJ-PSBP177,BALL PEN STAND JOYKO PSBP-177,8,BUAH,13600.0,0.0,108800.0,16951688.0,1864686.0,18816374.0,2025,8,2025-08
0006/JL/0125,2025-08-05,PL-0073,PUSKESMAS BINTARA,CT,CORRECTION TAPE,24,BUAH,17000.0,0.0,408000.0,16951688.0,1864686.0,18816374.0,2025,8,2025-08
0006/JL/0125,2025-08-05,PL-0073,PUSKESMAS BINTARA,DBT,DOUBLE TAPE,3,ROL,7200.0,0.0,21600.0,16951688.0,1864686.0,18816374.0,2025,8,2025-08
0006/JL/0125,2025-08-05,PL-0073,PUSKESMAS BINTARA,DSS,DISPENSER SOLATIPE SEDANG,2,BUAH,54500.0,0.0,109000.0,16951688.0,1864686.0,18816374.0,2025,8,2025-08
0006/JL/0125,2025-08-05,PL-0073,PUSKESMAS BINTARA,ISTP,ISI STAPLES,80,BUAH,6000.0,0.0,480000.0,16951688.0,1864686.0,18816374.0,2025,8,2025-08
0006/JL/0125,2025-08-05,PL-0073,PUSKESMAS BINTARA,KK,KALKULATOR,2,BUAH,117000.0,0.0,234000.0,16951688.0,1864686.0,18816374.0,2025,8,2025-08
0006/JL/0125,2025-08-05,PL-0073,PUSKESMAS BINTARA,LAB,T&J 121 LABEL TOM & JERRY NO. 121,5,PAK,9500.0,0.0,47500.0,16951688.0,1864686.0,18816374.0,2025,8,2025-08
0006/JL/0125,2025-08-05,PL-0073,PUSKESMAS BINTARA,LBNK1.5,Lakban 1.5 inc Kuning,5,PCS,11000.0,0.0,55000.0,16951688.0,1864686.0,18816374.0,2025,8,2025-08
0006/JL/0125,2025-08-05,PL-0073,PUSKESMAS BINTARA,LBNM1.5,Lakban 1.5 inc Merah,5,PCS,17500.0,0.0,87500.0,16951688.0,1864686.0,18816374.0,2025,8,2025-08
0006/JL/0125,2025-08-05,PL-0073,PUSKESMAS BINTARA,MAP-K,MAP KERTAS,10,PAK,108000.0,0.0,1080000.0,16951688.0,1864686.0,18816374.0,2025,8,2025-08
0006/JL/0125,2025-08-05,PL-0073,PUSKESMAS BINTARA,MAPP-001,MAP SNLHECTER PLASTIK,10,PAK,64000.0,0.0,640000.0,16951688.0,1864686.0,18816374.0,2025,8,2025-08
0006/JL/0125,2025-08-05,PL-0073,PUSKESMAS BINTARA,MKPB,MAP KANCING PLASTIK BIRU,35,PAK,143500.0,0.0,5022500.0,16951688.0,1864686.0,18816374.0,2025,8,2025-08
0006/JL/0125,2025-08-05,PL-0073,PUSKESMAS BINTARA,OM,ODNER MAP,12,BUAH,60000.0,0.0,720000.0,16951688.0,1864686.0,18816374.0,2025,8,2025-08
0006/JL/0125,2025-08-05,PL-0073,PUSKESMAS BINTARA,P25,PENSIL 2B Stadler,2,PAK,79000.0,0.0,158000.0,16951688.0,1864686.0,18816374.0,2025,8,2025-08
0006/JL/0125,2025-08-05,PL-0073,PUSKESMAS BINTARA,PG-30,PENGGARIS 30CM,12,BUAH,5200.0,0.0,62400.0,16951688.0,1864686.0,18816374.0,2025,8,2025-08
0006/JL/0125,2025-08-05,PL-0073,PUSKESMAS BINTARA,PIP,POST IT PLASTIK,30,BUAH,18000.0,0.0,540000.0,16951688.0,1864686.0,18816374.0,2025,8,2025-08
0006/JL/0125,2025-08-05,PL-0073,PUSKESMAS BINTARA,PM,PENSIL MEKANIK,12,BUAH,15000.0,0.0,180000.0,16951688.0,1864686.0,18816374.0,2025,8,2025-08
0006/JL/0125,2025-08-05,PL-0073,PUSKESMAS BINTARA,PP,PENGHAPUS PENSIL,1,PAK,113500.0,0.0,113500.0,16951688.0,1864686.0,18816374.0,2025,8,2025-08
0006/JL/0125,2025-08-05,PL-0073,PUSKESMAS BINTARA,PSH,PULPEN STANDARD HITAM,40,BOX,50000.0,0.0,2000000.0,16951688.0,1864686.0,18816374.0,2025,8,2025-08
0006/JL/0125,2025-08-05,PL-0073,PUSKESMAS BINTARA,RP,RAUTAN PENSIL,1,PAK,101000.0,0.0,101000.0,16951688.0,1864686.0,18816374.0,2025,8,2025-08
0006/JL/0125,2025-08-05,PL-0073,PUSKESMAS BINTARA,SGJB,SIGNPRO JOYKO BIRU / BALLINER,6,PAK,223300.0,0.0,1339800.0,16951688.0,1864686.0,18816374.0,2025,8,2025-08
0006/JL/0125,2025-08-05,PL-0073,PUSKESMAS BINTARA,ST,SOLATIPE,24,BUAH,7500.0,0.0,180000.0,16951688.0,1864686.0,18816374.0,2025,8,2025-08
0006/JL/0125,2025-08-05,PL-0073,PUSKESMAS BINTARA,STN,STICK NOTES,24,BUAH,9650.0,0.0,231600.0,16951688.0,1864686.0,18816374.0,2025,8,2025-08
0006/JL/0125,2025-08-05,PL-0073,PUSKESMAS BINTARA,STP,STAPLER,12,BUAH,14100.0,0.0,169200.0,16951688.0,1864686.0,18816374.0,2025,8,2025-08
0006/JL/0125,2025-08-05,PL-0073,PUSKESMAS BINTARA,TNTSOB,Tinta Stempel Otomatis Biru,1,PCS,76500.0,0.0,76500.0,16951688.0,1864686.0,18816374.0,2025,8,2025-08
0006/JL/0125,2025-08-05,PL-0073,PUSKESMAS BINTARA,TNTSOM,Tinta Stempel Otomatis Merah,1,PCS,76000.0,0.0,76000.0,16951688.0,1864686.0,18816374.0,2025,8,2025-08
0006/JL/0125,2025-08-05,PL-0073,PUSKESMAS BINTARA,TNTSOU,Tinta Stempel Otomatis Ungu,3,PCS,76500.0,0.0,229500.0,16951688.0,1864686.0,18816374.0,2025,8,2025-08
0121/JL/0825,2025-08-07,PL-0001,RUMAH SAKIT YARSI,367856,"TUBE EDTA PLH 13X75, 3.0",30,BOX,276100.0,15.0,7040550.0,15960450.0,1755649.5,17716099.5,2025,8,2025-08
0121/JL/0825,2025-08-07,PL-0001,RUMAH SAKIT YARSI,367957,"TUBE SST II PLH 13X75, 3.5",30,BOX,349800.0,15.0,8919900.0,15960450.0,1755649.5,17716099.5,2025,8,2025-08
0122/JL/0825,2025-08-07,PL-0001,RUMAH SAKIT YARSI,LGN-RTA,LUNGENE COVID-19 ANTIGEN RAPID TEST,20,BOX,310000.0,0.0,6200000.0,6200000.0,682000.0,6882000.0,2025,8,2025-08
0124/JL/0825,2025-08-07,PL-0001,RUMAH SAKIT YARSI,DEXAME5,- Inj Dexamethasone 5mg/1ml - Berno Brn,10,BOX,200000.0,5.0,1900000.0,1900000.0,209000.0,2109000.0,2025,8,2025-08
0125/JL/0825,2025-08-08,PL-0097,RS HUMANA PRIMA,DOTM50,- Inj DOBUTAMINE 50MG INJ,30,AMPUL,15283.51,0.0,458505.3,5367805.3,590458.58,5958263.88,2025,8,2025-08
0125/JL/0825,2025-08-08,PL-0097,RS HUMANA PRIMA,LEVXC500-INF,Levofloxacin Infus 500MG/100ML,40,BTL,27485.0,0.0,1099400.0,5367805.3,590458.58,5958263.88,2025,8,2025-08
0125/JL/0825,2025-08-08,PL-0097,RS HUMANA PRIMA,METRDI500,Metronidazole Infus 500mg/100ml,100,BTL,13708.0,0.0,1370800.0,5367805.3,590458.58,5958263.88,2025,8,2025-08
0125/JL/0825,2025-08-08,PL-0097,RS HUMANA PRIMA,MECBN,- Inj Mecobalamin Inj - Berno,100,AMPUL,7659.0,0.0,765900.0,5367805.3,590458.58,5958263.88,2025,8,2025-08
0125/JL/0825,2025-08-08,PL-0097,RS HUMANA PRIMA,PCT-INFUS,Paracetamol 1 G/100ml Infus TD,100,BOX,16732.0,0.0,1673200.0,5367805.3,590458.58,5958263.88,2025,8,2025-08
0126/JL/0825,2025-08-08,PL-0097,RS HUMANA PRIMA,DIPHDR10,- Inj Diphenhydramin Hcl 10mg Inj,200,AMPUL,1919.0,0.0,383800.0,7000800.0,770088.0,7770888.0,2025,8,2025-08
0126/JL/0825,2025-08-08,PL-0097,RS HUMANA PRIMA,KETLAC30,- Inj Ketorolac 30mg/1ml Inj,250,AMPUL,5078.0,0.0,1269500.0,7000800.0,770088.0,7770888.0,2025,8,2025-08
0126/JL/0825,2025-08-08,PL-0097,RS HUMANA PRIMA,OME40MGINJ,OMEPRAZOLE SODIUM MONOHYDRATE 40mg SERBUK INJ,500,VIAL,10695.0,0.0,5347500.0,7000800.0,770088.0,7770888.0,2025,8,2025-08
0127/JL/0825,2025-08-08,PL-0097,RS HUMANA PRIMA,615,Paracetamol 500 mg Kaplet,2000,TAB,155.42,0.0,310840.0,3510130.0,386114.3,3896244.3,2025,8,2025-08
0127/JL/0825,2025-08-08,PL-0097,RS HUMANA PRIMA,AMD,5mg Amlodipine 5mg,1500,TAB,169.05,0.0,253575.0,3510130.0,386114.3,3896244.3,2025,8,2025-08
0127/JL/0825,2025-08-08,PL-0097,RS HUMANA PRIMA,CANDS16,Candesartan 16mg Tab,2000,TAB,622.26,0.0,1244520.0,3510130.0,386114.3,3896244.3,2025,8,2025-08
0127/JL/0825,2025-08-08,PL-0097,RS HUMANA PRIMA,METF500,METFORMIN 500 mg Tab Bernofarm,6900,TAB,246.55,0.0,1701195.0,3510130.0,386114.3,3896244.3,2025,8,2025-08
0056/JL/0825,2025-08-12,PL-0066,PUSKESMAS CIJAYANTI,AS,20L AIR SULING 20 LITER,1,JERIGEN,206976.0,0.0,206976.0,12088353.0,1329718.83,13418071.83,2025,8,2025-08
0056/JL/0825,2025-08-12,PL-0066,PUSKESMAS CIJAYANTI,GEL-EKG,ULTRASOUND GEL EKG 250 ML,36,BUAH,20024.0,0.0,720864.0,12088353.0,1329718.83,13418071.83,2025,8,2025-08
0056/JL/0825,2025-08-12,PL-0066,PUSKESMAS CIJAYANTI,KEKG12,KERTAS EKG 12 CHANEL 210mm*20mm,10,PAK,140800.0,0.0,1408000.0,12088353.0,1329718.83,13418071.83,2025,8,2025-08
0056/JL/0825,2025-08-12,PL-0066,PUSKESMAS CIJAYANTI,NKS,16X16 KASSA STERIL 16X16,60,PAK,6952.0,0.0,417120.0,12088353.0,1329718.83,13418071.83,2025,8,2025-08
0056/JL/0825,2025-08-12,PL-0066,PUSKESMAS CIJAYANTI,OTO-M,OTORO LATEX FREE POWDER ''M'',12,BOX,73920.0,0.0,887040.0,12088353.0,1329718.83,13418071.83,2025,8,2025-08
0056/JL/0825,2025-08-12,PL-0066,PUSKESMAS CIJAYANTI,PO-8.7X13,Plastik Obat Ukuran 8.7x13,1000,PAK,7326.0,0.0,7326000.0,12088353.0,1329718.83,13418071.83,2025,8,2025-08
0056/JL/0825,2025-08-12,PL-0066,PUSKESMAS CIJAYANTI,PVI-300,POVIDONE IODINE 300ml,6,BTL,23900.0,0.0,143400.0,12088353.0,1329718.83,13418071.83,2025,8,2025-08
0056/JL/0825,2025-08-12,PL-0066,PUSKESMAS CIJAYANTI,S,"3/0 27,75 BENANG SILK 3/0 27mm, 75cm",3,PCS,39951.0,0.0,119853.0,12088353.0,1329718.83,13418071.83,2025,8,2025-08
0056/JL/0825,2025-08-12,PL-0066,PUSKESMAS CIJAYANTI,TISUJ250,TISSUE JOLLY 250 SHEET,50,PAK,17182.0,0.0,859100.0,12088353.0,1329718.83,13418071.83,2025,8,2025-08
0123/JL/0825,2025-08-12,PL-0001,RUMAH SAKIT YARSI,OTO-L,OTORO LATEX FREE POWDER ''L'',100,BOX,75000.0,15.0,6375000.0,35062500.0,3856875.0,38919375.0,2025,8,2025-08
0123/JL/0825,2025-08-12,PL-0001,RUMAH SAKIT YARSI,OTO-M,OTORO LATEX FREE POWDER ''M'',200,BOX,75000.0,15.0,12750000.0,35062500.0,3856875.0,38919375.0,2025,8,2025-08
0123/JL/0825,2025-08-12,PL-0001,RUMAH SAKIT YARSI,OTR-S,OTORO LATEX FREE POWDER ''S'',250,BOX,75000.0,15.0,15937500.0,35062500.0,3856875.0,38919375.0,2025,8,2025-08
0128/JL/0825,2025-08-12,PL-0001,RUMAH SAKIT YARSI,FLC1,Folic Acid 1mg Box 10 Stp@10 Tab (Triman),200,BOX,15215.0,10.0,2738700.0,3505932.0,385652.52,3891584.52,2025,8,2025-08
0128/JL/0825,2025-08-12,PL-0001,RUMAH SAKIT YARSI,VIT,B 12 Vitamin B 12 50mcg Tab (AFI),48,BOX,15984.0,0.0,767232.0,3505932.0,385652.52,3891584.52,2025,8,2025-08
0129/JL/0825,2025-08-12,PL-0001,RUMAH SAKIT YARSI,ALTAUNP-60X90,Altamed Underpads 60x90cm,60,PAK,35000.0,0.0,2100000.0,2100000.0,231000.0,2331000.0,2025,8,2025-08
0149/JL/0825,2025-08-12,PL-0066,PUSKESMAS CIJAYANTI,1CC,SPUIT 1 CC,2,BOX,230700.0,0.0,461400.0,11383300.0,1252163.0,12635463.0,2025,8,2025-08
0149/JL/0825,2025-08-12,PL-0066,PUSKESMAS CIJAYANTI,3,CC SPUIT 3 CC,50,BOX,129500.0,0.0,6475000.0,11383300.0,1252163.0,12635463.0,2025,8,2025-08
0149/JL/0825,2025-08-12,PL-0066,PUSKESMAS CIJAYANTI,AKHL,70% 1L ALKOHOL 70% 1 LITER,3,BTL,24500.0,0.0,73500.0,11383300.0,1252163.0,12635463.0,2025,8,2025-08
0149/JL/0825,2025-08-12,PL-0066,PUSKESMAS CIJAYANTI,ASO,ALKOHOL SWAB ONEMED,140,BOX,11900.0,0.0,1666000.0,11383300.0,1252163.0,12635463.0,2025,8,2025-08
0149/JL/0825,2025-08-12,PL-0066,PUSKESMAS CIJAYANTI,MASKN95,MASKER N95 5 PLY,3,BOX,348000.0,0.0,1044000.0,11383300.0,1252163.0,12635463.0,2025,8,2025-08
0149/JL/0825,2025-08-12,PL-0066,PUSKESMAS CIJAYANTI,MSK3-OMD,MASKER 3 PLY ONEMED,60,BOX,16390.0,0.0,983400.0,11383300.0,1252163.0,12635463.0,2025,8,2025-08
0149/JL/0825,2025-08-12,PL-0066,PUSKESMAS CIJAYANTI,PLELB,PLESTER LUKA BULAT,20,BOX,34000.0,0.0,680000.0,11383300.0,1252163.0,12635463.0,2025,8,2025-08
0130/JL/0825,2025-08-14,PL-0001,RUMAH SAKIT YARSI,NM-USGG5L,NAM MEDICAL ULTRASOUND GEL 5,2,DRIGEN,160000.0,0.0,320000.0,320000.0,35200.0,355200.0,2025,8,2025-08
0131/JL/0825,2025-08-14,PL-0001,RUMAH SAKIT YARSI,SCTM,SUCTION CONNECTING TUBE MAS,150,PCS,40000.0,15.0,5100000.0,5100000.0,561000.0,5661000.0,2025,8,2025-08
0133/JL/0825,2025-08-22,PL-0001,RUMAH SAKIT YARSI,KLP-10X10,Kassa Lipat Polos 10cm x 10cm,50,PAK,350000.0,37.0,11025000.0,25505000.0,2805550.0,28310550.0,2025,8,2025-08
0133/JL/0825,2025-08-22,PL-0001,RUMAH SAKIT YARSI,KLP-5X5,Kassa Lipat Polos 5cm x 5cm (400 pcs),15,PAK,480000.0,0.0,7200000.0,25505000.0,2805550.0,28310550.0,2025,8,2025-08
0133/JL/0825,2025-08-22,PL-0001,RUMAH SAKIT YARSI,"KLP-7,5X7,5","Kassa Lipat Polos 7,5cm x 7,5cm",50,PAK,280000.0,48.0,7280000.0,25505000.0,2805550.0,28310550.0,2025,8,2025-08
0134/JL/0825,2025-08-23,PL-0095,DINAS KESEHATAN KAB,ISD-02,INFUS SET DEWASA,880,PCS,14900.0,0.0,13112000.0,13112000.0,1442320.0,14554320.0,2025,8,2025-08
0135/JL/0825,2025-08-23,PL-0100,Rumah Sakit Umum Daerah,268,Cefadroxil Monohydrate 500mg Kapsul Bernofarm,621,TAB,1900.0,0.0,1179900.0,45346960.0,4988165.6,50335125.6,2025,8,2025-08
0135/JL/0825,2025-08-23,PL-0100,Rumah Sakit Umum Daerah,615,Paracetamol 500 mg Kaplet,1500,TAB,600.0,0.0,900000.0,45346960.0,4988165.6,50335125.6,2025,8,2025-08
0135/JL/0825,2025-08-23,PL-0100,Rumah Sakit Umum Daerah,775,Domperidone Maleate 10 mg TSS,28,TAB,940.0,0.0,26320.0,45346960.0,4988165.6,50335125.6,2025,8,2025-08
0135/JL/0825,2025-08-23,PL-0100,Rumah Sakit Umum Daerah,ALPARA,Tab Alpara Tab,1000,TAB,1300.0,0.0,1300000.0,45346960.0,4988165.6,50335125.6,2025,8,2025-08
0135/JL/0825,2025-08-23,PL-0100,Rumah Sakit Umum Daerah,ATRAX250-INJ,Asam Tranexamat 250mg/ml Inj - Berno Berno,100,AMPUL,7600.0,0.0,760000.0,45346960.0,4988165.6,50335125.6,2025,8,2025-08
0135/JL/0825,2025-08-23,PL-0100,Rumah Sakit Umum Daerah,CEFRXO-INJ,Ceftriaxone Inj - Bernofarm,100,AMPUL,29500.0,0.0,2950000.0,45346960.0,4988165.6,50335125.6,2025,8,2025-08
0135/JL/0825,2025-08-23,PL-0100,Rumah Sakit Umum Daerah,CIFLX,Tab CIPROFLOXACIN TAB,804,TAB,960.0,0.0,771840.0,45346960.0,4988165.6,50335125.6,2025,8,2025-08
0135/JL/0825,2025-08-23,PL-0100,Rumah Sakit Umum Daerah,COTRMX-TABMER,Cotrimoxazole Tab (Mersi),652,TAB,800.0,0.0,521600.0,45346960.0,4988165.6,50335125.6,2025,8,2025-08
0135/JL/0825,2025-08-23,PL-0100,Rumah Sakit Umum Daerah,D5%,Cairan Dextrose 5%,68,BTL,38000.0,0.0,2584000.0,45346960.0,4988165.6,50335125.6,2025,8,2025-08
0135/JL/0825,2025-08-23,PL-0100,Rumah Sakit Umum Daerah,DEXAMETHMUL,Dexametasone 0.5 '200tab,1000,TAB,540.0,0.0,540000.0,45346960.0,4988165.6,50335125.6,2025,8,2025-08
0135/JL/0825,2025-08-23,PL-0100,Rumah Sakit Umum Daerah,DOMPT-TRIMAN,Domperidon Tab - Triman,500,TAB,940.0,0.0,470000.0,45346960.0,4988165.6,50335125.6,2025,8,2025-08
0135/JL/0825,2025-08-23,PL-0100,Rumah Sakit Umum Daerah,FRBI,Farbivent Inj,30,AMPUL,24500.0,0.0,735000.0,45346960.0,4988165.6,50335125.6,2025,8,2025-08
0135/JL/0825,2025-08-23,PL-0100,Rumah Sakit Umum Daerah,IBPR400,Tab Ibuprofen 400mg Tab,734,TAB,800.0,0.0,587200.0,45346960.0,4988165.6,50335125.6,2025,8,2025-08
0135/JL/0825,2025-08-23,PL-0100,Rumah Sakit Umum Daerah,KERPF100-BERNO,Ketoprofen 100mg Tab - Bernofarm,1500,TAB,1300.0,0.0,1950000.0,45346960.0,4988165.6,50335125.6,2025,8,2025-08
0135/JL/0825,2025-08-23,PL-0100,Rumah Sakit Umum Daerah,KERPFINJ-BERNO,Ketoprofen Inj - Bernofarm,1000,VIAL,8500.0,0.0,8500000.0,45346960.0,4988165.6,50335125.6,2025,8,2025-08
0135/JL/0825,2025-08-23,PL-0100,Rumah Sakit Umum Daerah,KETLAC30,- Inj Ketorolac 30mg/1ml Inj,200,AMPUL,6600.0,0.0,1320000.0,45346960.0,4988165.6,50335125.6,2025,8,2025-08
0135/JL/0825,2025-08-23,PL-0100,Rumah Sakit Umum Daerah,LORAT-TABTRFA,LORATADINE TAB - TRIFA,300,TAB,650.0,0.0,195000.0,45346960.0,4988165.6,50335125.6,2025,8,2025-08
0135/JL/0825,2025-08-23,PL-0100,Rumah Sakit Umum Daerah,LORATD10,Loratadine 10mg Tab,300,TAB,650.0,0.0,195000.0,45346960.0,4988165.6,50335125.6,2025,8,2025-08
0135/JL/0825,2025-08-23,PL-0100,Rumah Sakit Umum Daerah,MOXCTAB,Amoxicillin 500mg Tab,1327,TAB,1400.0,0.0,1857800.0,45346960.0,4988165.6,50335125.6,2025,8,2025-08
0135/JL/0825,2025-08-23,PL-0100,Rumah Sakit Umum Daerah,MERSB5INJ-MERSI,Mersibion 5000 Inj Box 100 amp @ 3ml - Mersi,300,AMPUL,9800.0,0.0,2940000.0,45346960.0,4988165.6,50335125.6,2025,8,2025-08
0135/JL/0825,2025-08-23,PL-0100,Rumah Sakit Umum Daerah,METHYL125,Inj METHYLPREDNISOLON 125MG INJ,1000,TAB,540.0,0.0,540000.0,45346960.0,4988165.6,50335125.6,2025,8,2025-08
0135/JL/0825,2025-08-23,PL-0100,Rumah Sakit Umum Daerah,NACL1-BBR,NaCL 0.9% 100ml - BBR,150,BTL,17000.0,0.0,2550000.0,45346960.0,4988165.6,50335125.6,2025,8,2025-08
0135/JL/0825,2025-08-23,PL-0100,Rumah Sakit Umum Daerah,OME40MGINJ-,OMEPRAZOLE SODIUM MONOHYDRATE 40mg BERNO SERBUK INJ - BERNO,10,VIAL,65000.0,0.0,650000.0,45346960.0,4988165.6,50335125.6,2025,8,2025-08
0135/JL/0825,2025-08-23,PL-0100,Rumah Sakit Umum Daerah,ONDAN4,- Inj Ondansetron 4mg Injeksi,100,AMPUL,4900.0,0.0,490000.0,45346960.0,4988165.6,50335125.6,2025,8,2025-08
0135/JL/0825,2025-08-23,PL-0100,Rumah Sakit Umum Daerah,ONDC4,Ondancetron HCl Dihydrate 4 mg Kaplet Salut Selaput,500,TAB,2500.0,0.0,1250000.0,45346960.0,4988165.6,50335125.6,2025,8,2025-08
0135/JL/0825,2025-08-23,PL-0100,Rumah Sakit Umum Daerah,PCT-INFUS,Paracetamol 1 G/100ml Infus TD,50,BOX,49500.0,0.0,2475000.0,45346960.0,4988165.6,50335125.6,2025,8,2025-08
0135/JL/0825,2025-08-23,PL-0100,Rumah Sakit Umum Daerah,PIRAC1INJ-BERNO,Piracetam 1G Inj - Bernofarm,100,AMPUL,6400.0,0.0,640000.0,45346960.0,4988165.6,50335125.6,2025,8,2025-08
0135/JL/0825,2025-08-23,PL-0100,Rumah Sakit Umum Daerah,PIRAC4-TRIFA,Piracetam 400 mg Tab Box @ 100 - Trifa,500,TAB,970.0,0.0,485000.0,45346960.0,4988165.6,50335125.6,2025,8,2025-08
0135/JL/0825,2025-08-23,PL-0100,Rumah Sakit Umum Daerah,RL5-BBR,RL 500ml - BBR,130,BTL,19000.0,0.0,2470000.0,45346960.0,4988165.6,50335125.6,2025,8,2025-08
0135/JL/0825,2025-08-23,PL-0100,Rumah Sakit Umum Daerah,RANID-INJ,Ranitidine Injek,189,AMPUL,9700.0,0.0,1833300.0,45346960.0,4988165.6,50335125.6,2025,8,2025-08
0135/JL/0825,2025-08-23,PL-0100,Rumah Sakit Umum Daerah,RANITHJ,Ranitidin HJ Box @ 200s,1000,TAB,600.0,0.0,600000.0,45346960.0,4988165.6,50335125.6,2025,8,2025-08
0135/JL/0825,2025-08-23,PL-0100,Rumah Sakit Umum Daerah,"VEN-NEB2,5","VENTOLIN NEBULES 2,5MG",30,VIAL,36000.0,0.0,1080000.0,45346960.0,4988165.6,50335125.6,2025,8,2025-08
0136/JL/0825,2025-08-23,PL-0100,Rumah Sakit Umum Daerah,ISD-02,INFUS SET DEWASA,120,PCS,14500.0,0.0,1740000.0,16105000.0,1771550.0,17876550.0,2025,8,2025-08
0136/JL/0825,2025-08-23,PL-0100,Rumah Sakit Umum Daerah,IV,20G B IV CHATETER NO 20G Box @50,100,PCS,9800.0,0.0,980000.0,16105000.0,1771550.0,17876550.0,2025,8,2025-08
0136/JL/0825,2025-08-23,PL-0100,Rumah Sakit Umum Daerah,IV,24G B IV CHATETER NO 24G Box @50,100,PCS,9800.0,0.0,980000.0,16105000.0,1771550.0,17876550.0,2025,8,2025-08
0136/JL/0825,2025-08-23,PL-0100,Rumah Sakit Umum Daerah,IVB,22G IV CHATETER NO 22G Box @50,100,PCS,9500.0,0.0,950000.0,16105000.0,1771550.0,17876550.0,2025,8,2025-08
0136/JL/0825,2025-08-23,PL-0100,Rumah Sakit Umum Daerah,MK08-565,MASKER MULTI ONE PLUS 3PLY EARLOOP,50,BOX,34500.0,0.0,1725000.0,16105000.0,1771550.0,17876550.0,2025,8,2025-08
0136/JL/0825,2025-08-23,PL-0100,Rumah Sakit Umum Daerah,NOC-AO,NASAL OXYGEN CANNULA ADULT ONEMED,100,PCS,16000.0,0.0,1600000.0,16105000.0,1771550.0,17876550.0,2025,8,2025-08
0136/JL/0825,2025-08-23,PL-0100,Rumah Sakit Umum Daerah,OTR-S,OTORO LATEX FREE POWDER ''S'',50,BOX,83000.0,0.0,4150000.0,16105000.0,1771550.0,17876550.0,2025,8,2025-08
0136/JL/0825,2025-08-23,PL-0100,Rumah Sakit Umum Daerah,PLELB,PLESTER LUKA BULAT,30,BOX,58000.0,0.0,1740000.0,16105000.0,1771550.0,17876550.0,2025,8,2025-08
0136/JL/0825,2025-08-23,PL-0100,Rumah Sakit Umum Daerah,SGD,STRIP GULA DARAH,10,BOX,155000.0,0.0,1550000.0,16105000.0,1771550.0,17876550.0,2025,8,2025-08
0136/JL/0825,2025-08-23,PL-0100,Rumah Sakit Umum Daerah,UFIX5,ULTRAFIX MEDICAL 5X5,20,BOX,34500.0,0.0,690000.0,16105000.0,1771550.0,17876550.0,2025,8,2025-08
0132/JL/0825,2025-08-26,PL-0001,RUMAH SAKIT YARSI,PLELB,PLESTER LUKA BULAT,50,BOX,52614.0,10.0,2367630.0,2367630.0,260439.3,2628069.3,2025,8,2025-08
0137/JL/0825,2025-08-28,PL-0097,RS HUMANA PRIMA,615,Paracetamol 500 mg Kaplet,3000,TAB,155.42,0.0,466260.0,4943139.0,543745.29,5486884.29,2025,8,2025-08
0137/JL/0825,2025-08-28,PL-0097,RS HUMANA PRIMA,METHYL125,Inj METHYLPREDNISOLON 125MG INJ,700,TAB,214.12,0.0,149884.0,4943139.0,543745.29,5486884.29,2025,8,2025-08
0137/JL/0825,2025-08-28,PL-0097,RS HUMANA PRIMA,METR500,Metronidazole 500mg Tab,500,TAB,259.49,0.0,129745.0,4943139.0,543745.29,5486884.29,2025,8,2025-08
0137/JL/0825,2025-08-28,PL-0097,RS HUMANA PRIMA,ONDAN4,- Inj Ondansetron 4mg Injeksi,400,AMPUL,1521.0,0.0,608400.0,4943139.0,543745.29,5486884.29,2025,8,2025-08
0137/JL/0825,2025-08-28,PL-0097,RS HUMANA PRIMA,ONDAN8,- Inj Ondansetron 8mg Injeksi,500,AMPUL,4613.0,0.0,2306500.0,4943139.0,543745.29,5486884.29,2025,8,2025-08
0137/JL/0825,2025-08-28,PL-0097,RS HUMANA PRIMA,RANID-INJ,Ranitidine Injek,300,AMPUL,1679.0,0.0,503700.0,4943139.0,543745.29,5486884.29,2025,8,2025-08
0137/JL/0825,2025-08-28,PL-0097,RS HUMANA PRIMA,CEFXTR200,CEFIXIME 200MG KAPSUL BERNOFARM,600,TAB,1297.75,0.0,778650.0,4943139.0,543745.29,5486884.29,2025,8,2025-08
0152/JL/0925,2025-09-01,PL-0066,PUSKESMAS CIJAYANTI,BPMX,Ball Point Pen Maxxis,40,PAK,48972.0,0.0,1958880.0,9467700.0,1041447.0,10509147.0,2025,9,2025-09
0152/JL/0925,2025-09-01,PL-0066,PUSKESMAS CIJAYANTI,MAP-K,MAP KERTAS,20,PAK,63360.0,0.0,1267200.0,9467700.0,1041447.0,10509147.0,2025,9,2025-09
0152/JL/0925,2025-09-01,PL-0066,PUSKESMAS CIJAYANTI,OM,ODNER MAP,50,BUAH,59598.0,0.0,2979900.0,9467700.0,1041447.0,10509147.0,2025,9,2025-09
0152/JL/0925,2025-09-01,PL-0066,PUSKESMAS CIJAYANTI,SGJB,SIGNPRO JOYKO BIRU / BALLINER,4,PAK,249480.0,0.0,997920.0,9467700.0,1041447.0,10509147.0,2025,9,2025-09
0152/JL/0925,2025-09-01,PL-0066,PUSKESMAS CIJAYANTI,SPDP,SPIDOL PERMANENT,100,PCS,22638.0,0.0,2263800.0,9467700.0,1041447.0,10509147.0,2025,9,2025-09
0153/JL/0925,2025-09-01,PL-0066,PUSKESMAS CIJAYANTI,KERTRM-80*80,KERTAS TERMAL 80*80,50,ROL,23100.0,0.0,1155000.0,11189640.0,1230860.0,12420500.0,2025,9,2025-09
0153/JL/0925,2025-09-01,PL-0066,PUSKESMAS CIJAYANTI,SDHVSA480,SINAR DUNIA KERTAS HVS A4 80 GR,60,RIM,82236.0,0.0,4934160.0,11189640.0,1230860.0,12420500.0,2025,9,2025-09
0153/JL/0925,2025-09-01,PL-0066,PUSKESMAS CIJAYANTI,SDHVSF480,SINAR DUNIA KERTAS HVS F4 80 GR,60,RIM,85008.0,0.0,5100480.0,11189640.0,1230860.0,12420500.0,2025,9,2025-09
0138/JL/0825,2025-09-02,PL-0001,RUMAH SAKIT YARSI,OTO-L,OTORO LATEX FREE POWDER ''L'',100,BOX,75000.0,15.0,6375000.0,40026500.0,4402915.0,44429415.0,2025,9,2025-09
0138/JL/0825,2025-09-02,PL-0001,RUMAH SAKIT YARSI,OTO-M,OTORO LATEX FREE POWDER ''M'',200,BOX,75000.0,15.0,12750000.0,40026500.0,4402915.0,44429415.0,2025,9,2025-09
0138/JL/0825,2025-09-02,PL-0001,RUMAH SAKIT YARSI,OTR-S,OTORO LATEX FREE POWDER ''S'',250,BOX,75000.0,15.0,15937500.0,40026500.0,4402915.0,44429415.0,2025,9,2025-09
0138/JL/0825,2025-09-02,PL-0001,RUMAH SAKIT YARSI,OTRP-M,OTORO LATEX POWDER ''M'',30,BOX,73000.0,15.0,1861500.0,40026500.0,4402915.0,44429415.0,2025,9,2025-09
0138/JL/0825,2025-09-02,PL-0001,RUMAH SAKIT YARSI,OTRP-S,OTORO LATEX POWDER ''S'',50,BOX,73000.0,15.0,3102500.0,40026500.0,4402915.0,44429415.0,2025,9,2025-09
0140/JL/0925,2025-09-02,PL-0001,RUMAH SAKIT YARSI,367856,"TUBE EDTA PLH 13X75, 3.0",20,BOX,276100.0,15.0,4693700.0,10640300.0,1170433.0,11810733.0,2025,9,2025-09
0140/JL/0925,2025-09-02,PL-0001,RUMAH SAKIT YARSI,367957,"TUBE SST II PLH 13X75, 3.5",20,BOX,349800.0,15.0,5946600.0,10640300.0,1170433.0,11810733.0,2025,9,2025-09
0142/JL/0925,2025-09-03,PL-0101,RSU AMANAH MAHMUDAH,268,Cefadroxil Monohydrate 500mg Kapsul Bernofarm,30,BOX,109000.0,10.0,2943000.0,11286200.0,1241482.0,12527682.0,2025,9,2025-09
0142/JL/0925,2025-09-03,PL-0101,RSU AMANAH MAHMUDAH,AMBTAB,Ambroxol Tab Bernofarm,50,BOX,29000.0,20.0,1160000.0,11286200.0,1241482.0,12527682.0,2025,9,2025-09
0142/JL/0925,2025-09-03,PL-0101,RSU AMANAH MAHMUDAH,AMD,10mg Amlodipine 10mg,20,BOX,184000.0,65.0,1288000.0,11286200.0,1241482.0,12527682.0,2025,9,2025-09
0142/JL/0925,2025-09-03,PL-0101,RSU AMANAH MAHMUDAH,ANTAST,Antasida Tab - Triman,30,BOX,34000.0,15.0,867000.0,11286200.0,1241482.0,12527682.0,2025,9,2025-09
0142/JL/0925,2025-09-03,PL-0101,RSU AMANAH MAHMUDAH,METF500,METFORMIN 500 mg Tab Bernofarm,50,BOX,31000.0,10.0,1395000.0,11286200.0,1241482.0,12527682.0,2025,9,2025-09
0142/JL/0925,2025-09-03,PL-0101,RSU AMANAH MAHMUDAH,METHYL4,Methylprednisolon 4mg,30,BOX,48000.0,32.0,979200.0,11286200.0,1241482.0,12527682.0,2025,9,2025-09
0142/JL/0925,2025-09-03,PL-0101,RSU AMANAH MAHMUDAH,RANIT150,Ranitidine 150mg Tab,50,BOX,59000.0,32.0,2006000.0,11286200.0,1241482.0,12527682.0,2025,9,2025-09
0142/JL/0925,2025-09-03,PL-0101,RSU AMANAH MAHMUDAH,SLBTM2,Salbutamol 2mg Tab (Berno),30,BOX,24000.0,10.0,648000.0,11286200.0,1241482.0,12527682.0,2025,9,2025-09
0143/JL/0925,2025-09-03,PL-0101,RSU AMANAH MAHMUDAH,775,Domperidone Maleate 10 mg TSS,2,BOX,44000.0,10.0,79200.0,31048500.0,3415335.0,34463835.0,2025,9,2025-09
0143/JL/0925,2025-09-03,PL-0101,RSU AMANAH MAHMUDAH,CANDS16,Candesartan 16mg Tab,30,BOX,699000.0,75.0,5242500.0,31048500.0,3415335.0,34463835.0,2025,9,2025-09
0143/JL/0925,2025-09-03,PL-0101,RSU AMANAH MAHMUDAH,CEFIX100,Cefixime Trihydrate 100mg Tss Bernofarm,15,BOX,224000.0,45.0,1848000.0,31048500.0,3415335.0,34463835.0,2025,9,2025-09
0143/JL/0925,2025-09-03,PL-0101,RSU AMANAH MAHMUDAH,CEFRXO-INJ,Ceftriaxone Inj - Bernofarm,100,BOX,299000.0,45.0,16445000.0,31048500.0,3415335.0,34463835.0,2025,9,2025-09
0143/JL/0925,2025-09-03,PL-0101,RSU AMANAH MAHMUDAH,GLIMP2,Glimepiride 2 mg,10,BOX,83000.0,45.0,456500.0,31048500.0,3415335.0,34463835.0,2025,9,2025-09
0143/JL/0925,2025-09-03,PL-0101,RSU AMANAH MAHMUDAH,GLIMP4,Glimepiride 4 mg,30,BOX,284000.0,55.0,3834000.0,31048500.0,3415335.0,34463835.0,2025,9,2025-09
0143/JL/0925,2025-09-03,PL-0101,RSU AMANAH MAHMUDAH,IBPR400,Tab Ibuprofen 400mg Tab,10,BOX,47000.0,15.0,399500.0,31048500.0,3415335.0,34463835.0,2025,9,2025-09
0143/JL/0925,2025-09-03,PL-0101,RSU AMANAH MAHMUDAH,LANSO30,Lansoprazole 30 mg nufarindo,20,BOX,147000.0,45.0,1617000.0,31048500.0,3415335.0,34463835.0,2025,9,2025-09
0143/JL/0925,2025-09-03,PL-0101,RSU AMANAH MAHMUDAH,MELOX15,Meloxicam 15mg - Berno,15,BOX,130000.0,50.0,975000.0,31048500.0,3415335.0,34463835.0,2025,9,2025-09
0143/JL/0925,2025-09-03,PL-0101,RSU AMANAH MAHMUDAH,ONDAN4,- Inj Ondansetron 4mg Injeksi,5,BOX,44000.0,31.0,151800.0,31048500.0,3415335.0,34463835.0,2025,9,2025-09
0144/JL/0925,2025-09-03,PL-0101,RSU AMANAH MAHMUDAH,343,Ondancetron HCl Dihydrate 8 mg Kaplet Salut Selaput,30,BOX,149000.0,20.0,3576000.0,45273100.0,4980041.0,50253141.0,2025,9,2025-09
0144/JL/0925,2025-09-03,PL-0101,RSU AMANAH MAHMUDAH,BTHS6,Betahistine 6mg Tab,9,BOX,199000.0,15.0,1522350.0,45273100.0,4980041.0,50253141.0,2025,9,2025-09
0144/JL/0925,2025-09-03,PL-0101,RSU AMANAH MAHMUDAH,KETLAC30,- Inj Ketorolac 30mg/1ml Inj,50,BOX,119000.0,50.0,2975000.0,45273100.0,4980041.0,50253141.0,2025,9,2025-09
0144/JL/0925,2025-09-03,PL-0101,RSU AMANAH MAHMUDAH,METR500,Metronidazole 500mg Tab,10,BOX,35000.0,15.0,297500.0,45273100.0,4980041.0,50253141.0,2025,9,2025-09
0144/JL/0925,2025-09-03,PL-0101,RSU AMANAH MAHMUDAH,OME40MGINJ,OMEPRAZOLE SODIUM MONOHYDRATE 40mg SERBUK INJ,1000,VIAL,59000.0,50.0,29500000.0,45273100.0,4980041.0,50253141.0,2025,9,2025-09
0144/JL/0925,2025-09-03,PL-0101,RSU AMANAH MAHMUDAH,RANID-INJ,Ranitidine Injek,5,BOX,499000.0,45.0,1372250.0,45273100.0,4980041.0,50253141.0,2025,9,2025-09
0144/JL/0925,2025-09-03,PL-0101,RSU AMANAH MAHMUDAH,CEFXTR200,CEFIXIME 200MG KAPSUL BERNOFARM,100,BOX,134000.0,55.0,6030000.0,45273100.0,4980041.0,50253141.0,2025,9,2025-09
0145/JL/0925,2025-09-03,PL-0101,RSU AMANAH MAHMUDAH,CANDS8,Candesartan 8mg Tab,15,BOX,499000.0,30.0,5239500.0,17600600.0,1936066.0,19536666.0,2025,9,2025-09
0145/JL/0925,2025-09-03,PL-0101,RSU AMANAH MAHMUDAH,CEFO1INJ,Cefotaxime 1gr Serb Inj,50,BOX,299000.0,55.0,6727500.0,17600600.0,1936066.0,19536666.0,2025,9,2025-09
0145/JL/0925,2025-09-03,PL-0101,RSU AMANAH MAHMUDAH,CIFLX,Tab CIPROFLOXACIN TAB,12,BOX,69000.0,15.0,703800.0,17600600.0,1936066.0,19536666.0,2025,9,2025-09
0145/JL/0925,2025-09-03,PL-0101,RSU AMANAH MAHMUDAH,DEXAME5,- Inj Dexamethasone 5mg/1ml - Berno Brn,2,BOX,199000.0,10.0,358200.0,17600600.0,1936066.0,19536666.0,2025,9,2025-09
0145/JL/0925,2025-09-03,PL-0101,RSU AMANAH MAHMUDAH,DEXAMETHMUL,Dexametasone 0.5 '200tab,10,BOX,13000.0,15.0,110500.0,17600600.0,1936066.0,19536666.0,2025,9,2025-09
0145/JL/0925,2025-09-03,PL-0101,RSU AMANAH MAHMUDAH,EPER50,Eperison HCL 50mg Tab,20,BOX,374000.0,65.0,2618000.0,17600600.0,1936066.0,19536666.0,2025,9,2025-09
0145/JL/0925,2025-09-03,PL-0101,RSU AMANAH MAHMUDAH,FLUNZ5,Flunarizine 5 mg Tab,7,BOX,199000.0,30.0,975100.0,17600600.0,1936066.0,19536666.0,2025,9,2025-09
0145/JL/0925,2025-09-03,PL-0101,RSU AMANAH MAHMUDAH,LEVXC500,Levofloxacin 500mg Tab - Berno,10,BOX,124000.0,30.0,868000.0,17600600.0,1936066.0,19536666.0,2025,9,2025-09
0146/JL/0925,2025-09-03,PL-0101,RSU AMANAH MAHMUDAH,AMPCL,- Inj Ampicillin Inj,10,BOX,119000.0,10.0,1071000.0,15732000.0,1730520.0,17462520.0,2025,9,2025-09
0146/JL/0925,2025-09-03,PL-0101,RSU AMANAH MAHMUDAH,ATRAX500-TAB,Asam Tranexamat 500mg Tab - Berno Berno,15,BOX,202000.0,20.0,2424000.0,15732000.0,1730520.0,17462520.0,2025,9,2025-09
0146/JL/0925,2025-09-03,PL-0101,RSU AMANAH MAHMUDAH,CITCL250,Inj Citicoline 250mg/2ml Inj Bernofarm,15,BOX,149000.0,40.0,1341000.0,15732000.0,1730520.0,17462520.0,2025,9,2025-09
0146/JL/0925,2025-09-03,PL-0101,RSU AMANAH MAHMUDAH,HYOS20-BERNO,Hyoscine N Inj 20 mg/ml - Berno,20,BOX,179000.0,45.0,1969000.0,15732000.0,1730520.0,17462520.0,2025,9,2025-09
0146/JL/0925,2025-09-03,PL-0101,RSU AMANAH MAHMUDAH,METRDI500,Metronidazole Infus 500mg/100ml,60,BTL,39000.0,35.0,1521000.0,15732000.0,1730520.0,17462520.0,2025,9,2025-09
0146/JL/0925,2025-09-03,PL-0101,RSU AMANAH MAHMUDAH,MECBN,- Inj Mecobalamin Inj - Berno,20,BOX,119000.0,15.0,2023000.0,15732000.0,1730520.0,17462520.0,2025,9,2025-09
0146/JL/0925,2025-09-03,PL-0101,RSU AMANAH MAHMUDAH,PCT-INFUS,Paracetamol 1 G/100ml Infus TD,160,BOX,49000.0,45.0,4312000.0,15732000.0,1730520.0,17462520.0,2025,9,2025-09
0146/JL/0925,2025-09-03,PL-0101,RSU AMANAH MAHMUDAH,PIRAC3INJ-BERNO,Piracetam 3 G/15ml Inj - Bernofarm,10,BOX,119000.0,10.0,1071000.0,15732000.0,1730520.0,17462520.0,2025,9,2025-09
0147/JL/0925,2025-09-03,PL-0101,RSU AMANAH MAHMUDAH,AMD,10mg Amlodipine 10mg,30,BOX,184000.0,70.0,1656000.0,7498750.0,824862.0,8323612.0,2025,9,2025-09
0147/JL/0925,2025-09-03,PL-0101,RSU AMANAH MAHMUDAH,AMD,5mg Amlodipine 5mg,30,BOX,104000.0,65.0,1092000.0,7498750.0,824862.0,8323612.0,2025,9,2025-09
0147/JL/0925,2025-09-03,PL-0101,RSU AMANAH MAHMUDAH,CITCL1000,Citicoline 1000mg Tab Bernofarm,5,BOX,514000.0,15.0,2184500.0,7498750.0,824862.0,8323612.0,2025,9,2025-09
0147/JL/0925,2025-09-03,PL-0101,RSU AMANAH MAHMUDAH,DOMPS,Domperidone 5mg/5ml Syr Bernofarm,30,BTL,12800.0,15.0,326400.0,7498750.0,824862.0,8323612.0,2025,9,2025-09
0147/JL/0925,2025-09-03,PL-0101,RSU AMANAH MAHMUDAH,GTMC-SKKF,Gentamicin Cream SK - KF,2,BOX,74000.0,15.0,125800.0,7498750.0,824862.0,8323612.0,2025,9,2025-09
0147/JL/0925,2025-09-03,PL-0101,RSU AMANAH MAHMUDAH,LIDC2,- Inj Lidocain HCL Inj 2% 2ML - Berno,1,BOX,149000.0,5.0,141550.0,7498750.0,824862.0,8323612.0,2025,9,2025-09
0147/JL/0925,2025-09-03,PL-0101,RSU AMANAH MAHMUDAH,METHYL125,Inj METHYLPREDNISOLON 125MG INJ,50,BOX,39000.0,30.0,1365000.0,7498750.0,824862.0,8323612.0,2025,9,2025-09
0147/JL/0925,2025-09-03,PL-0101,RSU AMANAH MAHMUDAH,PCT120-60,Paracetamol 120 mg/60 ml Syr Bernofarm,50,BTL,4000.0,10.0,180000.0,7498750.0,824862.0,8323612.0,2025,9,2025-09
0147/JL/0925,2025-09-03,PL-0101,RSU AMANAH MAHMUDAH,ZINCS60-BERNO,Zinc Sulfate 60ml Syr - Berno,50,BOX,19000.0,55.0,427500.0,7498750.0,824862.0,8323612.0,2025,9,2025-09
0148/JL/0925,2025-09-03,PL-0101,RSU AMANAH MAHMUDAH,1218,Miconazole Nitrate Krim 2%,1,BOX,249000.0,45.0,136950.0,8504520.5,935497.3,9440017.8,2025,9,2025-09
0148/JL/0925,2025-09-03,PL-0101,RSU AMANAH MAHMUDAH,BETHAS5-C,Betamethasone 5mg Cream - Berno,1,BOX,174000.0,45.0,95700.0,8504520.5,935497.3,9440017.8,2025,9,2025-09
0148/JL/0925,2025-09-03,PL-0101,RSU AMANAH MAHMUDAH,CVPLX-T,Caviplex Tab,10,BOX,89639.0,5.0,851570.5,8504520.5,935497.3,9440017.8,2025,9,2025-09
0148/JL/0925,2025-09-03,PL-0101,RSU AMANAH MAHMUDAH,DAMOX1032L00,Amoxicillin Sirup 125 mg/60ml 2,30,BTL,5800.0,5.0,165300.0,8504520.5,935497.3,9440017.8,2025,9,2025-09
0148/JL/0925,2025-09-03,PL-0101,RSU AMANAH MAHMUDAH,LEVXC500-INF,Levofloxacin Infus 500MG/100ML,40,BTL,49000.0,15.0,1666000.0,8504520.5,935497.3,9440017.8,2025,9,2025-09
0148/JL/0925,2025-09-03,PL-0101,RSU AMANAH MAHMUDAH,METHYL8,Methylprednisolon 8mg,10,BOX,63000.0,25.0,472500.0,8504520.5,935497.3,9440017.8,2025,9,2025-09
0148/JL/0925,2025-09-03,PL-0101,RSU AMANAH MAHMUDAH,NICRP10,- Inj Nicardipine Inj 10mg,15,BOX,399000.0,20.0,4788000.0,8504520.5,935497.3,9440017.8,2025,9,2025-09
0148/JL/0925,2025-09-03,PL-0101,RSU AMANAH MAHMUDAH,NYSD-BERNO,Nystatin Drop - Berno,2,BOX,219000.0,25.0,328500.0,8504520.5,935497.3,9440017.8,2025,9,2025-09
0154/JL/0925,2025-09-13,PL-0001,RUMAH SAKIT YARSI,LEVOTAB,LEVOPAR TAB,20,BOX,200000.0,0.0,4000000.0,4000000.0,440000.0,4440000.0,2025,9,2025-09
0155/JL/0925,2025-09-13,PL-0001,RUMAH SAKIT YARSI,MK04-115,ELECTROSURGICAL PENCIL MK04-115,200,PCS,60000.0,30.0,8400000.0,8400000.0,924000.0,9324000.0,2025,9,2025-09
0157/JL/0925,2025-09-13,PL-0001,RUMAH SAKIT YARSI,5,CC SPUIT 5 CC,50,BOX,87000.0,0.0,4350000.0,4350000.0,478500.0,4828500.0,2025,9,2025-09
0141/JL/0925,2025-09-17,PL-0001,RUMAH SAKIT YARSI,NM-USGG5L,NAM MEDICAL ULTRASOUND GEL 5,8,DRIGEN,160000.0,0.0,1280000.0,1280000.0,140800.0,1420800.0,2025,9,2025-09
0158/JL/0925,2025-09-17,PL-0096,PT. SERAPHIM LIFE,ASWAG30,Ashwagandha+ 30 Kapsul,4,BTL,200000.0,5.0,760000.0,760000.0,83600.0,843600.0,2025,9,2025-09
0159/JL/0925,2025-09-19,PL-0001,RUMAH SAKIT YARSI,SCTM,SUCTION CONNECTING TUBE MAS,200,PCS,40000.0,15.0,6800000.0,6800000.0,748000.0,7548000.0,2025,9,2025-09
0156/JL/0925,2025-09-23,PL-0001,RUMAH SAKIT YARSI,KLP-10X10,Kassa Lipat Polos 10cm x 10cm,20,PAK,350000.0,37.0,4410000.0,16490000.0,1813900.0,18303900.0,2025,9,2025-09
0156/JL/0925,2025-09-23,PL-0001,RUMAH SAKIT YARSI,KLP-5X5,Kassa Lipat Polos 5cm x 5cm (400 pcs),10,PAK,480000.0,0.0,4800000.0,16490000.0,1813900.0,18303900.0,2025,9,2025-09
0156/JL/0925,2025-09-23,PL-0001,RUMAH SAKIT YARSI,"KLP-7,5X7,5","Kassa Lipat Polos 7,5cm x 7,5cm",50,PAK,280000.0,48.0,7280000.0,16490000.0,1813900.0,18303900.0,2025,9,2025-09
0161/JL/0925,2025-09-25,PL-0001,RUMAH SAKIT YARSI,OTO-L,OTORO LATEX FREE POWDER ''L'',70,BOX,75000.0,15.0,4462500.0,33150000.0,3646500.0,36796500.0,2025,9,2025-09
0161/JL/0925,2025-09-25,PL-0001,RUMAH SAKIT YARSI,OTO-M,OTORO LATEX FREE POWDER ''M'',200,BOX,75000.0,15.0,12750000.0,33150000.0,3646500.0,36796500.0,2025,9,2025-09
0161/JL/0925,2025-09-25,PL-0001,RUMAH SAKIT YARSI,OTR-S,OTORO LATEX FREE POWDER ''S'',250,BOX,75000.0,15.0,15937500.0,33150000.0,3646500.0,36796500.0,2025,9,2025-09
0162/JL/0925,2025-09-30,PL-0001,RUMAH SAKIT YARSI,367856,"TUBE EDTA PLH 13X75, 3.0",30,BOX,276100.0,15.0,7040550.0,15960450.0,1755650.0,17716100.0,2025,9,2025-09
0162/JL/0925,2025-09-30,PL-0001,RUMAH SAKIT YARSI,367957,"TUBE SST II PLH 13X75, 3.5",30,BOX,349800.0,15.0,8919900.0,15960450.0,1755650.0,17716100.0,2025,9,2025-09
0163/JL/0925,2025-09-30,PL-0001,RUMAH SAKIT YARSI,KLP-10X10,Kassa Lipat Polos 10cm x 10cm,30,PAK,350000.0,37.0,6615000.0,9527000.0,1047970.0,10574970.0,2025,9,2025-09
0163/JL/0925,2025-09-30,PL-0001,RUMAH SAKIT YARSI,"KLP-7,5X7,5","Kassa Lipat Polos 7,5cm x 7,5cm",20,PAK,280000.0,48.0,2912000.0,9527000.0,1047970.0,10574970.0,2025,9,2025-09
0164/JL/0925,2025-09-30,PL-0001,RUMAH SAKIT YARSI,LEVOTAB,LEVOPAR TAB,30,BOX,200000.0,0.0,6000000.0,7700000.0,847000.0,8547000.0,2025,9,2025-09
0164/JL/0925,2025-09-30,PL-0001,RUMAH SAKIT YARSI,SCTM,SUCTION CONNECTING TUBE MAS,50,PCS,40000.0,15.0,1700000.0,7700000.0,847000.0,8547000.0,2025,9,2025-09
0139/JL/1025,2025-10-01,PL-0097,RS HUMANA PRIMA,GGYPS-EONE,Gergaji GYPS Electric Onemed,1,UNIT,5083784.0,0.0,5083784.0,5083784.0,559216.24,5643000.24,2025,10,2025-10
0169/JL/1025,2025-10-04,PL-0001,RUMAH SAKIT YARSI,KLX-R,Kassa Lipat X-Ray 10cm x 10cm,20,PAK,530000.0,11.7,9359800.0,9359800.0,1029578.0,10389378.0,2025,10,2025-10
0166/JL/1025,2025-10-06,PL-0096,PT. SERAPHIM LIFE,ASWAG60,Ashwagandha+ 60 Kapsul,4,BTL,200000.0,0.0,800000.0,800000.0,88000.0,888000.0,2025,10,2025-10
0171/JL/1025,2025-10-14,PL-0001,RUMAH SAKIT YARSI,KLP-10X10,Kassa Lipat Polos 10cm x 10cm,20,PAK,350000.0,37.0,4410000.0,21290000.0,2341900.0,23631900.0,2025,10,2025-10
0171/JL/1025,2025-10-14,PL-0001,RUMAH SAKIT YARSI,KLP-5X5,Kassa Lipat Polos 5cm x 5cm (400 pcs),20,PAK,480000.0,0.0,9600000.0,21290000.0,2341900.0,23631900.0,2025,10,2025-10
0171/JL/1025,2025-10-14,PL-0001,RUMAH SAKIT YARSI,"KLP-7,5X7,5","Kassa Lipat Polos 7,5cm x 7,5cm",50,PAK,280000.0,48.0,7280000.0,21290000.0,2341900.0,23631900.0,2025,10,2025-10
0172/JL/1025,2025-10-15,PL-0001,RUMAH SAKIT YARSI,OTO-L,OTORO LATEX FREE POWDER ''L'',100,BOX,75000.0,15.0,6375000.0,35062500.0,3856875.0,38919375.0,2025,10,2025-10
0172/JL/1025,2025-10-15,PL-0001,RUMAH SAKIT YARSI,OTO-M,OTORO LATEX FREE POWDER ''M'',200,BOX,75000.0,15.0,12750000.0,35062500.0,3856875.0,38919375.0,2025,10,2025-10
0172/JL/1025,2025-10-15,PL-0001,RUMAH SAKIT YARSI,OTR-S,OTORO LATEX FREE POWDER ''S'',250,BOX,75000.0,15.0,15937500.0,35062500.0,3856875.0,38919375.0,2025,10,2025-10
0075/JL/1025,2025-10-17,PL-0073,PUSKESMAS BINTARA,CF17A,TONER HP LASER JET 17A,1,BUAH,1711712.0,0.0,1711712.0,7557712.0,831348.32,8389060.32,2025,10,2025-10
0075/JL/1025,2025-10-17,PL-0073,PUSKESMAS BINTARA,CF283A,TONER HP LASER JET 83A,2,BUAH,857000.0,0.0,1714000.0,7557712.0,831348.32,8389060.32,2025,10,2025-10
0075/JL/1025,2025-10-17,PL-0073,PUSKESMAS BINTARA,KHDMI-1.5,KABEL HDMI (1.5M),2,BUAH,37000.0,0.0,74000.0,7557712.0,831348.32,8389060.32,2025,10,2025-10
0075/JL/1025,2025-10-17,PL-0073,PUSKESMAS BINTARA,MWR,MOUSE WIRELESS,5,BUAH,154000.0,0.0,770000.0,7557712.0,831348.32,8389060.32,2025,10,2025-10
0075/JL/1025,2025-10-17,PL-0073,PUSKESMAS BINTARA,TINEP01-B,TINTA EPSON 001 BIRU,3,BOX,67000.0,0.0,201000.0,7557712.0,831348.32,8389060.32,2025,10,2025-10
0075/JL/1025,2025-10-17,PL-0073,PUSKESMAS BINTARA,TINEP01-H,TINTA EPSON 001 HITAM,3,BOX,67000.0,0.0,201000.0,7557712.0,831348.32,8389060.32,2025,10,2025-10
0075/JL/1025,2025-10-17,PL-0073,PUSKESMAS BINTARA,TINEP01-K,TINTA EPSON 001 KUNING,3,BOX,67000.0,0.0,201000.0,7557712.0,831348.32,8389060.32,2025,10,2025-10
0075/JL/1025,2025-10-17,PL-0073,PUSKESMAS BINTARA,TINEP01-M,TINTA EPSON 001 MAGENTA,3,BOX,67000.0,0.0,201000.0,7557712.0,831348.32,8389060.32,2025,10,2025-10
0075/JL/1025,2025-10-17,PL-0073,PUSKESMAS BINTARA,TINEP03-B,TINTA EPSON 003 BIRU,7,BOX,67000.0,0.0,469000.0,7557712.0,831348.32,8389060.32,2025,10,2025-10
0075/JL/1025,2025-10-17,PL-0073,PUSKESMAS BINTARA,TINEP03-H,TINTA EPSON 003 HITAM,7,BOX,67000.0,0.0,469000.0,7557712.0,831348.32,8389060.32,2025,10,2025-10
0075/JL/1025,2025-10-17,PL-0073,PUSKESMAS BINTARA,TINEP03-K,TINTA EPSON 003 KUNING,7,BOX,67000.0,0.0,469000.0,7557712.0,831348.32,8389060.32,2025,10,2025-10
0075/JL/1025,2025-10-17,PL-0073,PUSKESMAS BINTARA,TINEP03-M,TINTA EPSON 003 MAGENTA,7,BOX,67000.0,0.0,469000.0,7557712.0,831348.32,8389060.32,2025,10,2025-10
0075/JL/1025,2025-10-17,PL-0073,PUSKESMAS BINTARA,TINEP120-B,TINTA EPSON L120 BIRU,2,BTL,76000.0,0.0,152000.0,7557712.0,831348.32,8389060.32,2025,10,2025-10
0075/JL/1025,2025-10-17,PL-0073,PUSKESMAS BINTARA,TINEP120-H,TINTA EPSON L120 HITAM,2,BTL,76000.0,0.0,152000.0,7557712.0,831348.32,8389060.32,2025,10,2025-10
0075/JL/1025,2025-10-17,PL-0073,PUSKESMAS BINTARA,TINEP120-K,TINTA EPSON L120 KUNING,2,BTL,76000.0,0.0,152000.0,7557712.0,831348.32,8389060.32,2025,10,2025-10
0075/JL/1025,2025-10-17,PL-0073,PUSKESMAS BINTARA,TINEP120-M,TINTA EPSON L120 MERAH,2,BTL,76000.0,0.0,152000.0,7557712.0,831348.32,8389060.32,2025,10,2025-10
0081/JL/1025,2025-10-17,PL-0073,PUSKESMAS BINTARA,BLINK,500 PRO SARAMONIC BLINK 500 PRO X Q20 DUAL- X Q20 CHANNEL WIRELESS,1,UNIT,2300000.0,0.0,2300000.0,39217383.0,4313912.0,43531295.0,2025,10,2025-10
0081/JL/1025,2025-10-17,PL-0073,PUSKESMAS BINTARA,BSF,Bantal Silicone Fina,4,BUAH,87500.0,0.0,350000.0,39217383.0,4313912.0,43531295.0,2025,10,2025-10
0081/JL/1025,2025-10-17,PL-0073,PUSKESMAS BINTARA,BSTL-C11,BESTOOL TRIPOD BLUETOOTH SELFIE STICK REMOTE,1,UNIT,353333.0,0.0,353333.0,39217383.0,4313912.0,43531295.0,2025,10,2025-10
0081/JL/1025,2025-10-17,PL-0073,PUSKESMAS BINTARA,BYG-C,BAYGON COLOK,20,PCS,46000.0,0.0,920000.0,39217383.0,4313912.0,43531295.0,2025,10,2025-10
0081/JL/1025,2025-10-17,PL-0073,PUSKESMAS BINTARA,BYG-S,BAYGON SPRAY 600 ML,10,PCS,44000.0,0.0,440000.0,39217383.0,4313912.0,43531295.0,2025,10,2025-10
0081/JL/1025,2025-10-17,PL-0073,PUSKESMAS BINTARA,CB10,CONTAINER BOX - CB10,2,BUAH,62000.0,0.0,124000.0,39217383.0,4313912.0,43531295.0,2025,10,2025-10
0081/JL/1025,2025-10-17,PL-0073,PUSKESMAS BINTARA,CB60,CONTAINER BOX - CB 60,1,BUAH,220000.0,0.0,220000.0,39217383.0,4313912.0,43531295.0,2025,10,2025-10
0081/JL/1025,2025-10-17,PL-0073,PUSKESMAS BINTARA,DETER2,Sabun Detergen Bubuk 2 Kg,3,BUAH,53500.0,0.0,160500.0,39217383.0,4313912.0,43531295.0,2025,10,2025-10
0081/JL/1025,2025-10-17,PL-0073,PUSKESMAS BINTARA,FCL-LV5L,FLOOR CLEANER LAVENDER 5L,14,DRIGEN,105000.0,0.0,1470000.0,39217383.0,4313912.0,43531295.0,2025,10,2025-10
0081/JL/1025,2025-10-17,PL-0073,PUSKESMAS BINTARA,GBUS,GEMBOK UK SEDANG,4,BUAH,50000.0,0.0,200000.0,39217383.0,4313912.0,43531295.0,2025,10,2025-10
0081/JL/1025,2025-10-17,PL-0073,PUSKESMAS BINTARA,GCL-5L,GLASS CLEANER 5L,5,DRIGEN,64500.0,0.0,322500.0,39217383.0,4313912.0,43531295.0,2025,10,2025-10
0081/JL/1025,2025-10-17,PL-0073,PUSKESMAS BINTARA,GSF-G533,Pel Mop Spin GSF-G533,2,BUAH,128500.0,0.0,257000.0,39217383.0,4313912.0,43531295.0,2025,10,2025-10
0081/JL/1025,2025-10-17,PL-0073,PUSKESMAS BINTARA,HS-S5L,HAND SOAP STRAWBERRY DAYDREAM 5L,10,DRIGEN,100000.0,0.0,1000000.0,39217383.0,4313912.0,43531295.0,2025,10,2025-10
0081/JL/1025,2025-10-17,PL-0073,PUSKESMAS BINTARA,HSN-NON-FG5L,PROKLEEN HAND SANITIZER NON FOOD GRADE 5L,5,DRIGEN,160000.0,0.0,800000.0,39217383.0,4313912.0,43531295.0,2025,10,2025-10
0081/JL/1025,2025-10-17,PL-0073,PUSKESMAS BINTARA,KAMLET,Kamper Toilet,15,PAK,26500.0,0.0,397500.0,39217383.0,4313912.0,43531295.0,2025,10,2025-10
0081/JL/1025,2025-10-17,PL-0073,PUSKESMAS BINTARA,KANEBO,KANEBO,12,PCS,20000.0,0.0,240000.0,39217383.0,4313912.0,43531295.0,2025,10,2025-10
0081/JL/1025,2025-10-17,PL-0073,PUSKESMAS BINTARA,KCBW-58,KEMOCENG BENANG WARNA 58CM,2,BUAH,31000.0,0.0,62000.0,39217383.0,4313912.0,43531295.0,2025,10,2025-10
0081/JL/1025,2025-10-17,PL-0073,PUSKESMAS BINTARA,KESET,RAJUT KAIN KESET RAJUT/ANYAM,10,PCS,25000.0,0.0,250000.0,39217383.0,4313912.0,43531295.0,2025,10,2025-10
0081/JL/1025,2025-10-17,PL-0073,PUSKESMAS BINTARA,KJO,KERANJANG OBAT,6,BUAH,14000.0,0.0,84000.0,39217383.0,4313912.0,43531295.0,2025,10,2025-10
0081/JL/1025,2025-10-17,PL-0073,PUSKESMAS BINTARA,KPLB,KANTONG PLASTIK BENING,10,PAK,12500.0,0.0,125000.0,39217383.0,4313912.0,43531295.0,2025,10,2025-10
0081/JL/1025,2025-10-17,PL-0073,PUSKESMAS BINTARA,KR-SR-5L,KARBOL SEREH 5L,12,DRIGEN,57000.0,0.0,684000.0,39217383.0,4313912.0,43531295.0,2025,10,2025-10
0081/JL/1025,2025-10-17,PL-0073,PUSKESMAS BINTARA,MVA-C01,MAONO MULTIFUNCTIONAL VOICE AMPLIFIER C01,1,UNIT,1300000.0,0.0,1300000.0,39217383.0,4313912.0,43531295.0,2025,10,2025-10
0081/JL/1025,2025-10-17,PL-0073,PUSKESMAS BINTARA,PB5KG,PLASTIK BENING UK 5kg,5,PAK,23000.0,0.0,115000.0,39217383.0,4313912.0,43531295.0,2025,10,2025-10
0081/JL/1025,2025-10-17,PL-0073,PUSKESMAS BINTARA,PC-5L,PORCELAIN CLEANER 5L,5,DRIGEN,82000.0,0.0,410000.0,39217383.0,4313912.0,43531295.0,2025,10,2025-10
0081/JL/1025,2025-10-17,PL-0073,PUSKESMAS BINTARA,PEL-N703,PEL NAGOYA LARGE 703,1,BUAH,37000.0,0.0,37000.0,39217383.0,4313912.0,43531295.0,2025,10,2025-10
0081/JL/1025,2025-10-17,PL-0073,PUSKESMAS BINTARA,PEMUTIHPAKAI,Pemutih Pakaian AN,2,PCS,89500.0,0.0,179000.0,39217383.0,4313912.0,43531295.0,2025,10,2025-10
0081/JL/1025,2025-10-17,PL-0073,PUSKESMAS BINTARA,PENGKI,Pengki,6,PCS,29500.0,0.0,177000.0,39217383.0,4313912.0,43531295.0,2025,10,2025-10
0081/JL/1025,2025-10-17,PL-0073,PUSKESMAS BINTARA,PGR-GAP,PENGHARUM RUANGAN GANTUNG APEL,15,PCS,19000.0,0.0,285000.0,39217383.0,4313912.0,43531295.0,2025,10,2025-10
0081/JL/1025,2025-10-17,PL-0073,PUSKESMAS BINTARA,PGR-GJER,PENGHARUM RUANGAN GANTUNG JERUK,15,PCS,19000.0,0.0,285000.0,39217383.0,4313912.0,43531295.0,2025,10,2025-10
0081/JL/1025,2025-10-17,PL-0073,PUSKESMAS BINTARA,PGR-GLAV,PENGHARUM RUANGAN GANTUNG LAVENDER,20,PCS,19000.0,0.0,380000.0,39217383.0,4313912.0,43531295.0,2025,10,2025-10
0081/JL/1025,2025-10-17,PL-0073,PUSKESMAS BINTARA,PKSH40X60,Plastik Sampah Hitam 40x60,150,PAK,28500.0,0.0,4275000.0,39217383.0,4313912.0,43531295.0,2025,10,2025-10
0081/JL/1025,2025-10-17,PL-0073,PUSKESMAS BINTARA,PKSH50X57,PLASTIK SAMPAH HITAM 50x57,130,PAK,21000.0,0.0,2730000.0,39217383.0,4313912.0,43531295.0,2025,10,2025-10
0081/JL/1025,2025-10-17,PL-0073,PUSKESMAS BINTARA,PKSH90X120,PLASTIK SAMPAH HITAM 90x120,80,PAK,31000.0,0.0,2480000.0,39217383.0,4313912.0,43531295.0,2025,10,2025-10
0081/JL/1025,2025-10-17,PL-0073,PUSKESMAS BINTARA,PKSK40X60,PLASTIK SAMPAH KUNING 40x60,80,PAK,33000.0,0.0,2640000.0,39217383.0,4313912.0,43531295.0,2025,10,2025-10
0081/JL/1025,2025-10-17,PL-0073,PUSKESMAS BINTARA,PKSK90X120,PLASTIK SAMPAH KUNING 90x120,40,PAK,27000.0,0.0,1080000.0,39217383.0,4313912.0,43531295.0,2025,10,2025-10
0081/JL/1025,2025-10-17,PL-0073,PUSKESMAS BINTARA,PMNG,PEL MOP NAGATA,1,BUAH,37000.0,0.0,37000.0,39217383.0,4313912.0,43531295.0,2025,10,2025-10
0081/JL/1025,2025-10-17,PL-0073,PUSKESMAS BINTARA,PO-8.7X13,Plastik Obat Ukuran 8.7x13,150,PAK,15000.0,0.0,2250000.0,39217383.0,4313912.0,43531295.0,2025,10,2025-10
0081/JL/1025,2025-10-17,PL-0073,PUSKESMAS BINTARA,SABPP,Sabun Pencuci Piring 5 Liter,10,DRIGEN,94500.0,0.0,945000.0,39217383.0,4313912.0,43531295.0,2025,10,2025-10
0081/JL/1025,2025-10-17,PL-0073,PUSKESMAS BINTARA,SAPU,LIDI Sapu Lidi Gagang,2,PCS,17000.0,0.0,34000.0,39217383.0,4313912.0,43531295.0,2025,10,2025-10
0081/JL/1025,2025-10-17,PL-0073,PUSKESMAS BINTARA,SAPU,IJUK Sapu Ijuk Lantai,5,PCS,26500.0,0.0,132500.0,39217383.0,4313912.0,43531295.0,2025,10,2025-10
0081/JL/1025,2025-10-17,PL-0073,PUSKESMAS BINTARA,SARINGANKOL,SARINGAN KOLAM AM,1,PCS,109500.0,0.0,109500.0,39217383.0,4313912.0,43531295.0,2025,10,2025-10
0081/JL/1025,2025-10-17,PL-0073,PUSKESMAS BINTARA,SB,SERBET,10,PCS,29000.0,0.0,290000.0,39217383.0,4313912.0,43531295.0,2025,10,2025-10
0081/JL/1025,2025-10-17,PL-0073,PUSKESMAS BINTARA,SC-E,Sabun Cream Ekonomi,5,BUAH,14500.0,0.0,72500.0,39217383.0,4313912.0,43531295.0,2025,10,2025-10
0081/JL/1025,2025-10-17,PL-0073,PUSKESMAS BINTARA,SDKOP,SENDOK OBAT PUYER,6,BUAH,45000.0,0.0,270000.0,39217383.0,4313912.0,43531295.0,2025,10,2025-10
0081/JL/1025,2025-10-17,PL-0073,PUSKESMAS BINTARA,SKBF-9502,Sikat Baju Fumi 9502 Homee,2,BUAH,28000.0,0.0,56000.0,39217383.0,4313912.0,43531295.0,2025,10,2025-10
0081/JL/1025,2025-10-17,PL-0073,PUSKESMAS BINTARA,SKLT-362,Sikat Lantai Tangkai Sydney SK-362 Gragon,2,BUAH,47500.0,0.0,95000.0,39217383.0,4313912.0,43531295.0,2025,10,2025-10
0081/JL/1025,2025-10-17,PL-0073,PUSKESMAS BINTARA,SKTF-9601,Sikat Toilet Felina 9601 Homee,4,BUAH,28000.0,0.0,112000.0,39217383.0,4313912.0,43531295.0,2025,10,2025-10
0081/JL/1025,2025-10-17,PL-0073,PUSKESMAS BINTARA,SPON,SPON CUCI PIRING,12,PCS,5000.0,0.0,60000.0,39217383.0,4313912.0,43531295.0,2025,10,2025-10
0081/JL/1025,2025-10-17,PL-0073,PUSKESMAS BINTARA,SSCP,Sabut Stainless Cuci Piring,10,PCS,14500.0,0.0,145000.0,39217383.0,4313912.0,43531295.0,2025,10,2025-10
0081/JL/1025,2025-10-17,PL-0073,PUSKESMAS BINTARA,SSRB,Sapu Sawang Rakbol Bulat Gragon,2,BUAH,79500.0,0.0,159000.0,39217383.0,4313912.0,43531295.0,2025,10,2025-10
0081/JL/1025,2025-10-17,PL-0073,PUSKESMAS BINTARA,TG,TUSUK GIGI,2,PAK,23000.0,0.0,46000.0,39217383.0,4313912.0,43531295.0,2025,10,2025-10
0081/JL/1025,2025-10-17,PL-0073,PUSKESMAS BINTARA,TISUGT,Tissue Gulung Toilet,150,BUAH,17027.0,0.0,2554050.0,39217383.0,4313912.0,43531295.0,2025,10,2025-10
0081/JL/1025,2025-10-17,PL-0073,PUSKESMAS BINTARA,TISUHT,Tissue Hand Towel,20,PAK,12500.0,0.0,250000.0,39217383.0,4313912.0,43531295.0,2025,10,2025-10
0081/JL/1025,2025-10-17,PL-0073,PUSKESMAS BINTARA,TISUR250,Tissue Refil 250 Sheet,150,BUAH,14500.0,0.0,2175000.0,39217383.0,4313912.0,43531295.0,2025,10,2025-10
0081/JL/1025,2025-10-17,PL-0073,PUSKESMAS BINTARA,TPTSI25,Tempat Sampah Injak 25 Liter,10,UNIT,80500.0,0.0,805000.0,39217383.0,4313912.0,43531295.0,2025,10,2025-10
0081/JL/1025,2025-10-17,PL-0073,PUSKESMAS BINTARA,TPTSR50,Tempat Sampah Roda 50 Liter,1,BUAH,364000.0,0.0,364000.0,39217383.0,4313912.0,43531295.0,2025,10,2025-10
0081/JL/1025,2025-10-17,PL-0073,PUSKESMAS BINTARA,TROLI,TROLI KEBERSIHAN,1,UNIT,534000.0,0.0,534000.0,39217383.0,4313912.0,43531295.0,2025,10,2025-10
0081/JL/1025,2025-10-17,PL-0073,PUSKESMAS BINTARA,WCD,WEAPER KACA DRAGON,5,PCS,30000.0,0.0,150000.0,39217383.0,4313912.0,43531295.0,2025,10,2025-10
0081/JL/1025,2025-10-17,PL-0073,PUSKESMAS BINTARA,YMD4K-M96,TV Stick 4K HD Smart Android 13 Ram 2GB Rom 16GB,1,UNIT,439000.0,0.0,439000.0,39217383.0,4313912.0,43531295.0,2025,10,2025-10
0064/JL/1025,2025-10-18,PL-0026,PUSKESMAS PAMIJAHAN,EPSN-L121,PRINTER EPSON L121,3,UNIT,2495000.0,0.0,7485000.0,7485000.0,823350.0,8308350.0,2025,10,2025-10
0173/JL/1025,2025-10-20,PL-0100,Rumah Sakit Umum Daerah,ASTAB100,Aspilet Tab 100 mg,1000,TAB,980.0,0.0,980000.0,21477000.0,2362470.0,23839470.0,2025,10,2025-10
0173/JL/1025,2025-10-20,PL-0100,Rumah Sakit Umum Daerah,ABCTH16,Abbocath 16,100,PCS,6600.0,0.0,660000.0,21477000.0,2362470.0,23839470.0,2025,10,2025-10
0173/JL/1025,2025-10-20,PL-0100,Rumah Sakit Umum Daerah,ACETYLM,Acetylcysteine - Mulia,1000,TAB,620.0,0.0,620000.0,21477000.0,2362470.0,23839470.0,2025,10,2025-10
0173/JL/1025,2025-10-20,PL-0100,Rumah Sakit Umum Daerah,ATRV20,Atorvastatin 20 mg Dexa,1000,TAB,980.0,0.0,980000.0,21477000.0,2362470.0,23839470.0,2025,10,2025-10
0173/JL/1025,2025-10-20,PL-0100,Rumah Sakit Umum Daerah,BESMG,Besanmag Tab,1000,TAB,1300.0,0.0,1300000.0,21477000.0,2362470.0,23839470.0,2025,10,2025-10
0173/JL/1025,2025-10-20,PL-0100,Rumah Sakit Umum Daerah,BISPRO2.5,Bisoprolol Tab 2.5mg Bernofarm,500,TAB,750.0,0.0,375000.0,21477000.0,2362470.0,23839470.0,2025,10,2025-10
0173/JL/1025,2025-10-20,PL-0100,Rumah Sakit Umum Daerah,BRAXD,Braxidine Tab,500,TAB,2000.0,0.0,1000000.0,21477000.0,2362470.0,23839470.0,2025,10,2025-10
0173/JL/1025,2025-10-20,PL-0100,Rumah Sakit Umum Daerah,CANDS8,Candesartan 8mg Tab,1000,TAB,650.0,0.0,650000.0,21477000.0,2362470.0,23839470.0,2025,10,2025-10
0173/JL/1025,2025-10-20,PL-0100,Rumah Sakit Umum Daerah,CLPG75,Clopidogrel 75mg Tab - Berno,1000,TAB,1300.0,0.0,1300000.0,21477000.0,2362470.0,23839470.0,2025,10,2025-10
0173/JL/1025,2025-10-20,PL-0100,Rumah Sakit Umum Daerah,DEXKTP,Dexketoprofen Tab,100,TAB,2500.0,0.0,250000.0,21477000.0,2362470.0,23839470.0,2025,10,2025-10
0173/JL/1025,2025-10-20,PL-0100,Rumah Sakit Umum Daerah,ETORC60,Etoricoxib 60mg Nulab,300,TAB,4800.0,0.0,1440000.0,21477000.0,2362470.0,23839470.0,2025,10,2025-10
0173/JL/1025,2025-10-20,PL-0100,Rumah Sakit Umum Daerah,GBPD300,Gabapentin 300 mg - Dexa,500,TAB,900.0,0.0,450000.0,21477000.0,2362470.0,23839470.0,2025,10,2025-10
0173/JL/1025,2025-10-20,PL-0100,Rumah Sakit Umum Daerah,ISDN5,Isosorbit Dinitrate (ISDN) 5mg Tab,500,TAB,430.0,0.0,215000.0,21477000.0,2362470.0,23839470.0,2025,10,2025-10
0173/JL/1025,2025-10-20,PL-0100,Rumah Sakit Umum Daerah,LEVXC500,Levofloxacin 500mg Tab - Berno,1000,TAB,900.0,0.0,900000.0,21477000.0,2362470.0,23839470.0,2025,10,2025-10
0173/JL/1025,2025-10-20,PL-0100,Rumah Sakit Umum Daerah,NACL5,NaCL 0.9% 500ml,200,BTL,11200.0,0.0,2240000.0,21477000.0,2362470.0,23839470.0,2025,10,2025-10
0173/JL/1025,2025-10-20,PL-0100,Rumah Sakit Umum Daerah,SPRNL100,Spironolactone 100mg,500,TAB,1400.0,0.0,700000.0,21477000.0,2362470.0,23839470.0,2025,10,2025-10
0173/JL/1025,2025-10-20,PL-0100,Rumah Sakit Umum Daerah,SPRNL25,Spironolactone 25mg,1000,TAB,450.0,0.0,450000.0,21477000.0,2362470.0,23839470.0,2025,10,2025-10
0173/JL/1025,2025-10-20,PL-0100,Rumah Sakit Umum Daerah,SUCRAL100DEXA,Sucralfate 100ml Dexa,50,BTL,26500.0,0.0,1325000.0,21477000.0,2362470.0,23839470.0,2025,10,2025-10
0173/JL/1025,2025-10-20,PL-0100,Rumah Sakit Umum Daerah,TRLC10-INJ,Trilac 10 Injeksi,5,BOX,220000.0,0.0,1100000.0,21477000.0,2362470.0,23839470.0,2025,10,2025-10
0173/JL/1025,2025-10-20,PL-0100,Rumah Sakit Umum Daerah,URO400,Urotractine Tab,360,TAB,6700.0,0.0,2412000.0,21477000.0,2362470.0,23839470.0,2025,10,2025-10
0173/JL/1025,2025-10-20,PL-0100,Rumah Sakit Umum Daerah,VALS,80 VALSARTAN 80MG,300,TAB,5800.0,0.0,1740000.0,21477000.0,2362470.0,23839470.0,2025,10,2025-10
0173/JL/1025,2025-10-20,PL-0100,Rumah Sakit Umum Daerah,ZLV4,Ziloven 4mg Tab,500,TAB,780.0,0.0,390000.0,21477000.0,2362470.0,23839470.0,2025,10,2025-10
0151/JL/0925,2025-10-28,PL-0066,PUSKESMAS CIJAYANTI,367856,"TUBE EDTA PLH 13X75, 3.0",6,BOX,133000.0,0.0,798000.0,7865700.0,865227.0,8730927.0,2025,10,2025-10
0151/JL/0925,2025-10-28,PL-0066,PUSKESMAS CIJAYANTI,4330-0023,"Pipet Tips,eppendorf type,VOL.10μl,PP material,Natural color",1,POLYBAG,31700.0,0.0,31700.0,7865700.0,865227.0,8730927.0,2025,10,2025-10
0151/JL/0925,2025-10-28,PL-0066,PUSKESMAS CIJAYANTI,CG24,Cover Glass 24x44,2,BOX,1528000.0,0.0,3056000.0,7865700.0,865227.0,8730927.0,2025,10,2025-10
0151/JL/0925,2025-10-28,PL-0066,PUSKESMAS CIJAYANTI,POT-KS,Pot Tutup Kuning Sterile,2000,PCS,1990.0,0.0,3980000.0,7865700.0,865227.0,8730927.0,2025,10,2025-10
0175/JL/1025,2025-10-30,PL-0001,RUMAH SAKIT YARSI,OTO-L,OTORO LATEX FREE POWDER ''L'',50,BOX,75000.0,15.0,3187500.0,22312500.0,2454375.0,24766875.0,2025,10,2025-10
0175/JL/1025,2025-10-30,PL-0001,RUMAH SAKIT YARSI,OTO-M,OTORO LATEX FREE POWDER ''M'',150,BOX,75000.0,15.0,9562500.0,22312500.0,2454375.0,24766875.0,2025,10,2025-10
0175/JL/1025,2025-10-30,PL-0001,RUMAH SAKIT YARSI,OTR-S,OTORO LATEX FREE POWDER ''S'',150,BOX,75000.0,15.0,9562500.0,22312500.0,2454375.0,24766875.0,2025,10,2025-10
0160/JL/0925,2025-11-01,PL-0102,RSUD dr. Hasri Ainun,FRZ-M,"Feroze Latex Free Powder ""M""",300,BOX,77280.0,0.0,23184000.0,48846500.0,5373115.0,54219615.0,2025,11,2025-11
0160/JL/0925,2025-11-01,PL-0102,RSUD dr. Hasri Ainun,MND-CH,Masker Nebulizer Dewasa Chrona (L),500,PCS,24925.0,0.0,12462500.0,48846500.0,5373115.0,54219615.0,2025,11,2025-11
0160/JL/0925,2025-11-01,PL-0102,RSUD dr. Hasri Ainun,MSKE3-CH,Masker Earloop 3 Ply Chrona,400,BOX,33000.0,0.0,13200000.0,48846500.0,5373115.0,54219615.0,2025,11,2025-11
0177/JL/1125,2025-11-03,PL-0001,RUMAH SAKIT YARSI,KLP-10X10,Kassa Lipat Polos 10cm x 10cm,50,PAK,350000.0,37.0,11025000.0,12481000.0,1372910.0,13853910.0,2025,11,2025-11
0177/JL/1125,2025-11-03,PL-0001,RUMAH SAKIT YARSI,"KLP-7,5X7,5","Kassa Lipat Polos 7,5cm x 7,5cm",10,PAK,280000.0,48.0,1456000.0,12481000.0,1372910.0,13853910.0,2025,11,2025-11
0178/JL/1125,2025-11-03,PL-0001,RUMAH SAKIT YARSI,367856,"TUBE EDTA PLH 13X75, 3.0",17,BOX,276100.0,0.0,4693700.0,11339900.0,1247389.0,12587289.0,2025,11,2025-11
0178/JL/1125,2025-11-03,PL-0001,RUMAH SAKIT YARSI,367957,"TUBE SST II PLH 13X75, 3.5",19,BOX,349800.0,0.0,6646200.0,11339900.0,1247389.0,12587289.0,2025,11,2025-11
0179/JL/1125,2025-11-04,PL-0001,RUMAH SAKIT YARSI,NM-USGG5L,NAM MEDICAL ULTRASOUND GEL 5,2,DRIGEN,160000.0,0.0,320000.0,320000.0,35200.0,355200.0,2025,11,2025-11
0180/JL/1125,2025-11-05,PL-0096,PT. SERAPHIM LIFE,ASWAG60,Ashwagandha+ 60 Kapsul,10,BTL,200000.0,0.0,2000000.0,2000000.0,220000.0,2220000.0,2025,11,2025-11
0181/JL/1125,2025-11-10,PL-0106,RUMAH SAKIT BHAKTI,CETI,Tab-E Cetirizine Tab Errita,120,BOX,6325.0,0.0,759000.0,759000.0,83490.0,842490.0,2025,11,2025-11
0182/JL/1125,2025-11-11,PL-0001,RUMAH SAKIT YARSI,OTO-M,OTORO LATEX FREE POWDER ''M'',150,BOX,75000.0,15.0,9562500.0,19125000.0,2103750.0,21228750.0,2025,11,2025-11
0182/JL/1125,2025-11-11,PL-0001,RUMAH SAKIT YARSI,OTR-S,OTORO LATEX FREE POWDER ''S'',150,BOX,75000.0,15.0,9562500.0,19125000.0,2103750.0,21228750.0,2025,11,2025-11
0167/JL/1025,2025-11-13,PL-0103,DINKES KAB ROTE NDAO Kompleks Perkantoran Bumi Tii Langga Permsi Baa,ACYLC,Acyclovir Cream - Berno,125,TUBE,8000.0,0.0,1000000.0,15757500.0,1733325.0,17490825.0,2025,11,2025-11
0167/JL/1025,2025-11-13,PL-0103,DINKES KAB ROTE NDAO Kompleks Perkantoran Bumi Tii Langga Permsi Baa,ATRAX250-INJ,Asam Tranexamat 250mg/ml Inj - Berno Berno,38,AMPUL,7500.0,0.0,285000.0,15757500.0,1733325.0,17490825.0,2025,11,2025-11
0167/JL/1025,2025-11-13,PL-0103,DINKES KAB ROTE NDAO Kompleks Perkantoran Bumi Tii Langga Permsi Baa,ATRAX500-TAB,Asam Tranexamat 500mg Tab - Berno Berno,1300,TAB,1800.0,0.0,2340000.0,15757500.0,1733325.0,17490825.0,2025,11,2025-11
0167/JL/1025,2025-11-13,PL-0103,DINKES KAB ROTE NDAO Kompleks Perkantoran Bumi Tii Langga Permsi Baa,BOK,BIAYA ONGKOS KIRIM,1,SET,2000000.0,0.0,2000000.0,15757500.0,1733325.0,17490825.0,2025,11,2025-11
0167/JL/1025,2025-11-13,PL-0103,DINKES KAB ROTE NDAO Kompleks Perkantoran Bumi Tii Langga Permsi Baa,DOPM-INJ,DOPAMIN INJEKSI,20,AMPUL,16000.0,0.0,320000.0,15757500.0,1733325.0,17490825.0,2025,11,2025-11
0167/JL/1025,2025-11-13,PL-0103,DINKES KAB ROTE NDAO Kompleks Perkantoran Bumi Tii Langga Permsi Baa,DOTM50,- Inj DOBUTAMINE 50MG INJ,20,AMPUL,26000.0,0.0,520000.0,15757500.0,1733325.0,17490825.0,2025,11,2025-11
0167/JL/1025,2025-11-13,PL-0103,DINKES KAB ROTE NDAO Kompleks Perkantoran Bumi Tii Langga Permsi Baa,KETLAC10,- Inj Ketorolac 10mg/1ml Inj,425,AMPUL,6500.0,0.0,2762500.0,15757500.0,1733325.0,17490825.0,2025,11,2025-11
0167/JL/1025,2025-11-13,PL-0103,DINKES KAB ROTE NDAO Kompleks Perkantoran Bumi Tii Langga Permsi Baa,NORPN-INJ,Norephineprine Injeksi,13,AMPUL,35000.0,0.0,455000.0,15757500.0,1733325.0,17490825.0,2025,11,2025-11
0167/JL/1025,2025-11-13,PL-0103,DINKES KAB ROTE NDAO Kompleks Perkantoran Bumi Tii Langga Permsi Baa,RANITHJ,Ranitidin HJ Box @ 200s,1300,TAB,600.0,0.0,780000.0,15757500.0,1733325.0,17490825.0,2025,11,2025-11
0167/JL/1025,2025-11-13,PL-0103,DINKES KAB ROTE NDAO Kompleks Perkantoran Bumi Tii Langga Permsi Baa,TRIAMCT,Trifamycetin Oint,353,TUBE,15000.0,0.0,5295000.0,15757500.0,1733325.0,17490825.0,2025,11,2025-11
0168/JL/1025,2025-11-13,PL-0103,DINKES KAB ROTE NDAO Kompleks Perkantoran Bumi Tii Langga Permsi Baa,1218,Miconazole Nitrate Krim 2%,350,TUBE,9300.0,0.0,3255000.0,62508500.0,6875935.0,69384435.0,2025,11,2025-11
0168/JL/1025,2025-11-13,PL-0103,DINKES KAB ROTE NDAO Kompleks Perkantoran Bumi Tii Langga Permsi Baa,AMIPHL200,Aminophylline 200 mg Tab,2000,TAB,850.0,0.0,1700000.0,62508500.0,6875935.0,69384435.0,2025,11,2025-11
0168/JL/1025,2025-11-13,PL-0103,DINKES KAB ROTE NDAO Kompleks Perkantoran Bumi Tii Langga Permsi Baa,AMIPHL24-INJ,AMINOPHYLINE 24 MG/ML INJEKSI,15,AMPUL,15900.0,0.0,238500.0,62508500.0,6875935.0,69384435.0,2025,11,2025-11
0168/JL/1025,2025-11-13,PL-0103,DINKES KAB ROTE NDAO Kompleks Perkantoran Bumi Tii Langga Permsi Baa,AMPCL,- Inj Ampicillin Inj,20,AMPUL,28300.0,0.0,566000.0,62508500.0,6875935.0,69384435.0,2025,11,2025-11
0168/JL/1025,2025-11-13,PL-0103,DINKES KAB ROTE NDAO Kompleks Perkantoran Bumi Tii Langga Permsi Baa,BOK,BIAYA ONGKOS KIRIM,1,SET,2500000.0,0.0,2500000.0,62508500.0,6875935.0,69384435.0,2025,11,2025-11
0168/JL/1025,2025-11-13,PL-0103,DINKES KAB ROTE NDAO Kompleks Perkantoran Bumi Tii Langga Permsi Baa,BISPRO2.5,Bisoprolol Tab 2.5mg Bernofarm,600,TAB,700.0,0.0,420000.0,62508500.0,6875935.0,69384435.0,2025,11,2025-11
0168/JL/1025,2025-11-13,PL-0103,DINKES KAB ROTE NDAO Kompleks Perkantoran Bumi Tii Langga Permsi Baa,CEFIX100,Cefixime Trihydrate 100mg Tss Bernofarm,1500,TAB,2400.0,0.0,3600000.0,62508500.0,6875935.0,69384435.0,2025,11,2025-11
0168/JL/1025,2025-11-13,PL-0103,DINKES KAB ROTE NDAO Kompleks Perkantoran Bumi Tii Langga Permsi Baa,DNIFE1028T005,Nifedipine 10 mg Tab,1400,TAB,700.0,0.0,980000.0,62508500.0,6875935.0,69384435.0,2025,11,2025-11
0168/JL/1025,2025-11-13,PL-0103,DINKES KAB ROTE NDAO Kompleks Perkantoran Bumi Tii Langga Permsi Baa,DEXG5,Dexigen 5mg,400,TUBE,27800.0,0.0,11120000.0,62508500.0,6875935.0,69384435.0,2025,11,2025-11
0168/JL/1025,2025-11-13,PL-0103,DINKES KAB ROTE NDAO Kompleks Perkantoran Bumi Tii Langga Permsi Baa,DPM250,Dopamet 250mg,400,TAB,6200.0,0.0,2480000.0,62508500.0,6875935.0,69384435.0,2025,11,2025-11
0168/JL/1025,2025-11-13,PL-0103,DINKES KAB ROTE NDAO Kompleks Perkantoran Bumi Tii Langga Permsi Baa,ERIC10,Ericaf 10mg Tab,600,TAB,10400.0,0.0,6240000.0,62508500.0,6875935.0,69384435.0,2025,11,2025-11
0168/JL/1025,2025-11-13,PL-0103,DINKES KAB ROTE NDAO Kompleks Perkantoran Bumi Tii Langga Permsi Baa,FUROS-INJ,Furosemid Injeksi,10,AMPUL,9400.0,0.0,94000.0,62508500.0,6875935.0,69384435.0,2025,11,2025-11
0168/JL/1025,2025-11-13,PL-0103,DINKES KAB ROTE NDAO Kompleks Perkantoran Bumi Tii Langga Permsi Baa,FUROS-TAB,Furosemid Tab,1000,TAB,950.0,0.0,950000.0,62508500.0,6875935.0,69384435.0,2025,11,2025-11
0168/JL/1025,2025-11-13,PL-0103,DINKES KAB ROTE NDAO Kompleks Perkantoran Bumi Tii Langga Permsi Baa,GTMC-SKKF,Gentamicin Cream SK - KF,1200,TUBE,8000.0,0.0,9600000.0,62508500.0,6875935.0,69384435.0,2025,11,2025-11
0168/JL/1025,2025-11-13,PL-0103,DINKES KAB ROTE NDAO Kompleks Perkantoran Bumi Tii Langga Permsi Baa,LISNOP10,LISINOPRIL 10MG DEXA,1000,TAB,840.0,0.0,840000.0,62508500.0,6875935.0,69384435.0,2025,11,2025-11
0168/JL/1025,2025-11-13,PL-0103,DINKES KAB ROTE NDAO Kompleks Perkantoran Bumi Tii Langga Permsi Baa,LISNOP5,LISINOPRIL 5MG DEXA,750,TAB,700.0,0.0,525000.0,62508500.0,6875935.0,69384435.0,2025,11,2025-11
0168/JL/1025,2025-11-13,PL-0103,DINKES KAB ROTE NDAO Kompleks Perkantoran Bumi Tii Langga Permsi Baa,MTCLP5,Metoclopramide 5mg,2000,TAB,650.0,0.0,1300000.0,62508500.0,6875935.0,69384435.0,2025,11,2025-11
0168/JL/1025,2025-11-13,PL-0103,DINKES KAB ROTE NDAO Kompleks Perkantoran Bumi Tii Langga Permsi Baa,PTU100,Propylthiouracil 100mg (Dexa),2000,TAB,1100.0,0.0,2200000.0,62508500.0,6875935.0,69384435.0,2025,11,2025-11
0168/JL/1025,2025-11-13,PL-0103,DINKES KAB ROTE NDAO Kompleks Perkantoran Bumi Tii Langga Permsi Baa,PROPN10,Propanolol 10mg Tab ( dexa ),1000,TAB,700.0,0.0,700000.0,62508500.0,6875935.0,69384435.0,2025,11,2025-11
0168/JL/1025,2025-11-13,PL-0103,DINKES KAB ROTE NDAO Kompleks Perkantoran Bumi Tii Langga Permsi Baa,SCRFS,Sucralfate Syr 100ml,350,BTL,27000.0,0.0,9450000.0,62508500.0,6875935.0,69384435.0,2025,11,2025-11
0168/JL/1025,2025-11-13,PL-0103,DINKES KAB ROTE NDAO Kompleks Perkantoran Bumi Tii Langga Permsi Baa,SLBTM2,Salbutamol 2mg Tab (Berno),5000,TAB,750.0,0.0,3750000.0,62508500.0,6875935.0,69384435.0,2025,11,2025-11
0170/JL/1025,2025-11-13,PL-0103,DINKES KAB ROTE NDAO Kompleks Perkantoran Bumi Tii Langga Permsi Baa,ACYLC,Acyclovir Cream - Berno,125,TUBE,8000.0,0.0,1000000.0,65983500.0,7258185.0,73241685.0,2025,11,2025-11
0170/JL/1025,2025-11-13,PL-0103,DINKES KAB ROTE NDAO Kompleks Perkantoran Bumi Tii Langga Permsi Baa,AMBTAB,Ambroxol Tab Bernofarm,10000,TAB,800.0,0.0,8000000.0,65983500.0,7258185.0,73241685.0,2025,11,2025-11
0170/JL/1025,2025-11-13,PL-0103,DINKES KAB ROTE NDAO Kompleks Perkantoran Bumi Tii Langga Permsi Baa,ATRAX250-INJ,Asam Tranexamat 250mg/ml Inj - Berno Berno,30,AMPUL,7700.0,0.0,231000.0,65983500.0,7258185.0,73241685.0,2025,11,2025-11
0170/JL/1025,2025-11-13,PL-0103,DINKES KAB ROTE NDAO Kompleks Perkantoran Bumi Tii Langga Permsi Baa,ATRAX500-TAB,Asam Tranexamat 500mg Tab - Berno Berno,1250,TAB,1800.0,0.0,2250000.0,65983500.0,7258185.0,73241685.0,2025,11,2025-11
0170/JL/1025,2025-11-13,PL-0103,DINKES KAB ROTE NDAO Kompleks Perkantoran Bumi Tii Langga Permsi Baa,BOK,BIAYA ONGKOS KIRIM,1,SET,1500000.0,0.0,1500000.0,65983500.0,7258185.0,73241685.0,2025,11,2025-11
0170/JL/1025,2025-11-13,PL-0103,DINKES KAB ROTE NDAO Kompleks Perkantoran Bumi Tii Langga Permsi Baa,DEXAMETHMUL,Dexametasone 0.5 '200tab,9000,TAB,500.0,0.0,4500000.0,65983500.0,7258185.0,73241685.0,2025,11,2025-11
0170/JL/1025,2025-11-13,PL-0103,DINKES KAB ROTE NDAO Kompleks Perkantoran Bumi Tii Langga Permsi Baa,DOPM-INJ,DOPAMIN INJEKSI,20,AMPUL,16000.0,0.0,320000.0,65983500.0,7258185.0,73241685.0,2025,11,2025-11
0170/JL/1025,2025-11-13,PL-0103,DINKES KAB ROTE NDAO Kompleks Perkantoran Bumi Tii Langga Permsi Baa,DOTM50,- Inj DOBUTAMINE 50MG INJ,20,AMPUL,26000.0,0.0,520000.0,65983500.0,7258185.0,73241685.0,2025,11,2025-11
0170/JL/1025,2025-11-13,PL-0103,DINKES KAB ROTE NDAO Kompleks Perkantoran Bumi Tii Langga Permsi Baa,GUAI100,Guaifenesin 100mg NOVA,25000,TAB,550.0,0.0,13750000.0,65983500.0,7258185.0,73241685.0,2025,11,2025-11
0170/JL/1025,2025-11-13,PL-0103,DINKES KAB ROTE NDAO Kompleks Perkantoran Bumi Tii Langga Permsi Baa,KETLAC10,- Inj Ketorolac 10mg/1ml Inj,375,AMPUL,6500.0,0.0,2437500.0,65983500.0,7258185.0,73241685.0,2025,11,2025-11
0170/JL/1025,2025-11-13,PL-0103,DINKES KAB ROTE NDAO Kompleks Perkantoran Bumi Tii Langga Permsi Baa,METHYL4,Methylprednisolon 4mg,500,TAB,500.0,0.0,250000.0,65983500.0,7258185.0,73241685.0,2025,11,2025-11
0170/JL/1025,2025-11-13,PL-0103,DINKES KAB ROTE NDAO Kompleks Perkantoran Bumi Tii Langga Permsi Baa,METMZ,Inj Metamizol Sodium Monohydrate Inj 1000mg/2ml @100 amp Bernofarm,300,AMPUL,6000.0,0.0,1800000.0,65983500.0,7258185.0,73241685.0,2025,11,2025-11
0170/JL/1025,2025-11-13,PL-0103,DINKES KAB ROTE NDAO Kompleks Perkantoran Bumi Tii Langga Permsi Baa,NORPN-INJ,Norephineprine Injeksi,13,AMPUL,35000.0,0.0,455000.0,65983500.0,7258185.0,73241685.0,2025,11,2025-11
0170/JL/1025,2025-11-13,PL-0103,DINKES KAB ROTE NDAO Kompleks Perkantoran Bumi Tii Langga Permsi Baa,OBHIKA,OBH IKA 100ml,500,BTL,25000.0,0.0,12500000.0,65983500.0,7258185.0,73241685.0,2025,11,2025-11
0170/JL/1025,2025-11-13,PL-0103,DINKES KAB ROTE NDAO Kompleks Perkantoran Bumi Tii Langga Permsi Baa,ONDAN4,- Inj Ondansetron 4mg Injeksi,600,AMPUL,4500.0,0.0,2700000.0,65983500.0,7258185.0,73241685.0,2025,11,2025-11
0170/JL/1025,2025-11-13,PL-0103,DINKES KAB ROTE NDAO Kompleks Perkantoran Bumi Tii Langga Permsi Baa,PMLS125,Pamol Supp 125mg,315,SUPP,39000.0,0.0,12285000.0,65983500.0,7258185.0,73241685.0,2025,11,2025-11
0170/JL/1025,2025-11-13,PL-0103,DINKES KAB ROTE NDAO Kompleks Perkantoran Bumi Tii Langga Permsi Baa,RANITHJ,Ranitidin HJ Box @ 200s,1300,TAB,600.0,0.0,780000.0,65983500.0,7258185.0,73241685.0,2025,11,2025-11
0170/JL/1025,2025-11-13,PL-0103,DINKES KAB ROTE NDAO Kompleks Perkantoran Bumi Tii Langga Permsi Baa,TRIAMCT,Trifamycetin Oint,47,TUBE,15000.0,0.0,705000.0,65983500.0,7258185.0,73241685.0,2025,11,2025-11
0183/JL/1125,2025-11-18,PL-0001,RUMAH SAKIT YARSI,KLP-5X5,Kassa Lipat Polos 5cm x 5cm (400 pcs),30,PAK,480000.0,0.0,14400000.0,18768000.0,2064480.0,20832480.0,2025,11,2025-11
0183/JL/1125,2025-11-18,PL-0001,RUMAH SAKIT YARSI,"KLP-7,5X7,5","Kassa Lipat Polos 7,5cm x 7,5cm",30,PAK,280000.0,48.0,4368000.0,18768000.0,2064480.0,20832480.0,2025,11,2025-11
0174/JL/1025,2025-11-20,PL-0104,Dinas Pemberdayaan Kab Lekunik Lobalain Kab. Rote Ndao Nusa Tenggara,10,CC SPUIT 10 CC,1,BOX,175000.0,0.0,175000.0,169604500.0,18656495.0,188260995.0,2025,11,2025-11
0174/JL/1025,2025-11-20,PL-0104,Dinas Pemberdayaan Kab Lekunik Lobalain Kab. Rote Ndao Nusa Tenggara,11803,Biosystem Glucose 1x50ml,1,BOX,825000.0,0.0,825000.0,169604500.0,18656495.0,188260995.0,2025,11,2025-11
0174/JL/1025,2025-11-20,PL-0104,Dinas Pemberdayaan Kab Lekunik Lobalain Kab. Rote Ndao Nusa Tenggara,268,Cefadroxil Monohydrate 500mg Kapsul Bernofarm,100,TAB,1700.0,0.0,170000.0,169604500.0,18656495.0,188260995.0,2025,11,2025-11
0174/JL/1025,2025-11-20,PL-0104,Dinas Pemberdayaan Kab Lekunik Lobalain Kab. Rote Ndao Nusa Tenggara,3,CC SPUIT 3 CC,3,BOX,175000.0,0.0,525000.0,169604500.0,18656495.0,188260995.0,2025,11,2025-11
0174/JL/1025,2025-11-20,PL-0104,Dinas Pemberdayaan Kab Lekunik Lobalain Kab. Rote Ndao Nusa Tenggara,367856,"TUBE EDTA PLH 13X75, 3.0",1,BOX,110000.0,0.0,110000.0,169604500.0,18656495.0,188260995.0,2025,11,2025-11
0174/JL/1025,2025-11-20,PL-0104,Dinas Pemberdayaan Kab Lekunik Lobalain Kab. Rote Ndao Nusa Tenggara,3WAY,Three Way Stopcock Onemed Threeway 3 Way,19,PCS,15000.0,0.0,285000.0,169604500.0,18656495.0,188260995.0,2025,11,2025-11
0174/JL/1025,2025-11-20,PL-0104,Dinas Pemberdayaan Kab Lekunik Lobalain Kab. Rote Ndao Nusa Tenggara,5,CC SPUIT 5 CC,1,BOX,175000.0,0.0,175000.0,169604500.0,18656495.0,188260995.0,2025,11,2025-11
0174/JL/1025,2025-11-20,PL-0104,Dinas Pemberdayaan Kab Lekunik Lobalain Kab. Rote Ndao Nusa Tenggara,615,Paracetamol 500 mg Kaplet,100,TAB,600.0,0.0,60000.0,169604500.0,18656495.0,188260995.0,2025,11,2025-11
0174/JL/1025,2025-11-20,PL-0104,Dinas Pemberdayaan Kab Lekunik Lobalain Kab. Rote Ndao Nusa Tenggara,AKHL,70% 1L ALKOHOL 70% 1 LITER,28,BTL,75000.0,0.0,2100000.0,169604500.0,18656495.0,188260995.0,2025,11,2025-11
0174/JL/1025,2025-11-20,PL-0104,Dinas Pemberdayaan Kab Lekunik Lobalain Kab. Rote Ndao Nusa Tenggara,ALTMFP-6.5,SURGICAL GLOVE STERILE FREE POWDER 6.5 ALTAMED,195,PCS,9000.0,0.0,1755000.0,169604500.0,18656495.0,188260995.0,2025,11,2025-11
0174/JL/1025,2025-11-20,PL-0104,Dinas Pemberdayaan Kab Lekunik Lobalain Kab. Rote Ndao Nusa Tenggara,ALTMFP-7,SURGICAL GLOVE STERILE FREE POWDER 7 ALTAMED,1000,PCS,9000.0,0.0,9000000.0,169604500.0,18656495.0,188260995.0,2025,11,2025-11
0174/JL/1025,2025-11-20,PL-0104,Dinas Pemberdayaan Kab Lekunik Lobalain Kab. Rote Ndao Nusa Tenggara,ALTMFP-7.5,SURGICAL GLOVE STERILE FREE POWDER 7.5 ALTAMED,1000,PCS,9000.0,0.0,9000000.0,169604500.0,18656495.0,188260995.0,2025,11,2025-11
0174/JL/1025,2025-11-20,PL-0104,Dinas Pemberdayaan Kab Lekunik Lobalain Kab. Rote Ndao Nusa Tenggara,AKURAT-TEST,ALAT TEST KEHAMILAN AKURAT,81,BOX,400000.0,0.0,32400000.0,169604500.0,18656495.0,188260995.0,2025,11,2025-11
0174/JL/1025,2025-11-20,PL-0104,Dinas Pemberdayaan Kab Lekunik Lobalain Kab. Rote Ndao Nusa Tenggara,AMXTAB-ETTA,Amoxicillin 500mg Tab Etta,1100,TAB,1425.0,0.0,1567500.0,169604500.0,18656495.0,188260995.0,2025,11,2025-11
0174/JL/1025,2025-11-20,PL-0104,Dinas Pemberdayaan Kab Lekunik Lobalain Kab. Rote Ndao Nusa Tenggara,ANTAST,Antasida Tab - Triman,100,TAB,525.0,0.0,52500.0,169604500.0,18656495.0,188260995.0,2025,11,2025-11
0174/JL/1025,2025-11-20,PL-0104,Dinas Pemberdayaan Kab Lekunik Lobalain Kab. Rote Ndao Nusa Tenggara,BMHP,Gaun Operasi Disposable,160,PCS,55000.0,0.0,8800000.0,169604500.0,18656495.0,188260995.0,2025,11,2025-11
0174/JL/1025,2025-11-20,PL-0104,Dinas Pemberdayaan Kab Lekunik Lobalain Kab. Rote Ndao Nusa Tenggara,BOK,BIAYA ONGKOS KIRIM,1,SET,9000000.0,0.0,9000000.0,169604500.0,18656495.0,188260995.0,2025,11,2025-11
0174/JL/1025,2025-11-20,PL-0104,Dinas Pemberdayaan Kab Lekunik Lobalain Kab. Rote Ndao Nusa Tenggara,BPGA,Benang PGA T-Vio Polyglycolide Uk 2,76,PCS,50000.0,0.0,3800000.0,169604500.0,18656495.0,188260995.0,2025,11,2025-11
0174/JL/1025,2025-11-20,PL-0104,Dinas Pemberdayaan Kab Lekunik Lobalain Kab. Rote Ndao Nusa Tenggara,BPGAPA,Benang PGA Polyglycolic Acid Uk 0,76,PCS,50000.0,0.0,3800000.0,169604500.0,18656495.0,188260995.0,2025,11,2025-11
0174/JL/1025,2025-11-20,PL-0104,Dinas Pemberdayaan Kab Lekunik Lobalain Kab. Rote Ndao Nusa Tenggara,BSB,Bisturi Surgical Blades NO 20 Chrona,3,BOX,250000.0,0.0,750000.0,169604500.0,18656495.0,188260995.0,2025,11,2025-11
0174/JL/1025,2025-11-20,PL-0104,Dinas Pemberdayaan Kab Lekunik Lobalain Kab. Rote Ndao Nusa Tenggara,BTD-5,Betadine 5ml,85,BTL,9000.0,0.0,765000.0,169604500.0,18656495.0,188260995.0,2025,11,2025-11
0174/JL/1025,2025-11-20,PL-0104,Dinas Pemberdayaan Kab Lekunik Lobalain Kab. Rote Ndao Nusa Tenggara,BVR-1,Benang Vicryl Uk 1,19,PCS,225000.0,0.0,4275000.0,169604500.0,18656495.0,188260995.0,2025,11,2025-11
0174/JL/1025,2025-11-20,PL-0104,Dinas Pemberdayaan Kab Lekunik Lobalain Kab. Rote Ndao Nusa Tenggara,BNGMON-2,Benang Monosyn Uk 2,19,PCS,250000.0,0.0,4750000.0,169604500.0,18656495.0,188260995.0,2025,11,2025-11
0174/JL/1025,2025-11-20,PL-0104,Dinas Pemberdayaan Kab Lekunik Lobalain Kab. Rote Ndao Nusa Tenggara,DRYNTS,Daryan-Tulle Sterile,10,PCS,30000.0,0.0,300000.0,169604500.0,18656495.0,188260995.0,2025,11,2025-11
0174/JL/1025,2025-11-20,PL-0104,Dinas Pemberdayaan Kab Lekunik Lobalain Kab. Rote Ndao Nusa Tenggara,EPH-INJ,Ephedrin Injeksi,19,AMPUL,45000.0,0.0,855000.0,169604500.0,18656495.0,188260995.0,2025,11,2025-11
0174/JL/1025,2025-11-20,PL-0104,Dinas Pemberdayaan Kab Lekunik Lobalain Kab. Rote Ndao Nusa Tenggara,ERLAM-SALEP,Erlamycetin Salep Mata Steril Mata,3,TUBE,15000.0,0.0,45000.0,169604500.0,18656495.0,188260995.0,2025,11,2025-11
0174/JL/1025,2025-11-20,PL-0104,Dinas Pemberdayaan Kab Lekunik Lobalain Kab. Rote Ndao Nusa Tenggara,GTMC-SKKF,Gentamicin Cream SK - KF,50,TUBE,7000.0,0.0,350000.0,169604500.0,18656495.0,188260995.0,2025,11,2025-11
0174/JL/1025,2025-11-20,PL-0104,Dinas Pemberdayaan Kab Lekunik Lobalain Kab. Rote Ndao Nusa Tenggara,JRMS25,Jarum Spinal 25,19,PCS,50000.0,0.0,950000.0,169604500.0,18656495.0,188260995.0,2025,11,2025-11
0174/JL/1025,2025-11-20,PL-0104,Dinas Pemberdayaan Kab Lekunik Lobalain Kab. Rote Ndao Nusa Tenggara,KETLAC30,- Inj Ketorolac 30mg/1ml Inj,19,AMPUL,9000.0,0.0,171000.0,169604500.0,18656495.0,188260995.0,2025,11,2025-11
0174/JL/1025,2025-11-20,PL-0104,Dinas Pemberdayaan Kab Lekunik Lobalain Kab. Rote Ndao Nusa Tenggara,KPSPMB-250,Kapas Putih / Kapas Pembalut Om 250 Gr,28,ROL,30000.0,0.0,840000.0,169604500.0,18656495.0,188260995.0,2025,11,2025-11
0174/JL/1025,2025-11-20,PL-0104,Dinas Pemberdayaan Kab Lekunik Lobalain Kab. Rote Ndao Nusa Tenggara,LMA-3,Laryngeal Mask Airway (LMA) No. 3,38,PCS,230000.0,0.0,8740000.0,169604500.0,18656495.0,188260995.0,2025,11,2025-11
0174/JL/1025,2025-11-20,PL-0104,Dinas Pemberdayaan Kab Lekunik Lobalain Kab. Rote Ndao Nusa Tenggara,LIDC2,- Inj Lidocain HCL Inj 2% 2ML - Berno,100,AMPUL,4500.0,0.0,450000.0,169604500.0,18656495.0,188260995.0,2025,11,2025-11
0174/JL/1025,2025-11-20,PL-0104,Dinas Pemberdayaan Kab Lekunik Lobalain Kab. Rote Ndao Nusa Tenggara,MK04-115,ELECTROSURGICAL PENCIL MK04-115,19,PCS,70000.0,0.0,1330000.0,169604500.0,18656495.0,188260995.0,2025,11,2025-11
0174/JL/1025,2025-11-20,PL-0104,Dinas Pemberdayaan Kab Lekunik Lobalain Kab. Rote Ndao Nusa Tenggara,MK09-231,LATEX FOLEY CATHETER 2-WAY FR16,19,PCS,19500.0,0.0,370500.0,169604500.0,18656495.0,188260995.0,2025,11,2025-11
0174/JL/1025,2025-11-20,PL-0104,Dinas Pemberdayaan Kab Lekunik Lobalain Kab. Rote Ndao Nusa Tenggara,MSKE3-ALTM,Masker Earloop 3 Ply Altamed,37,BOX,20000.0,0.0,740000.0,169604500.0,18656495.0,188260995.0,2025,11,2025-11
0174/JL/1025,2025-11-20,PL-0104,Dinas Pemberdayaan Kab Lekunik Lobalain Kab. Rote Ndao Nusa Tenggara,MEFEAC500,Mefenamat Acid 500mg Tab Triman,1240,TAB,925.0,0.0,1147000.0,169604500.0,18656495.0,188260995.0,2025,11,2025-11
0174/JL/1025,2025-11-20,PL-0104,Dinas Pemberdayaan Kab Lekunik Lobalain Kab. Rote Ndao Nusa Tenggara,MTCLP5,Metoclopramide 5mg,100,TAB,575.0,0.0,57500.0,169604500.0,18656495.0,188260995.0,2025,11,2025-11
0174/JL/1025,2025-11-20,PL-0104,Dinas Pemberdayaan Kab Lekunik Lobalain Kab. Rote Ndao Nusa Tenggara,NC-ALTM,Nurse Cap Altamed,38,BOX,40000.0,0.0,1520000.0,169604500.0,18656495.0,188260995.0,2025,11,2025-11
0174/JL/1025,2025-11-20,PL-0104,Dinas Pemberdayaan Kab Lekunik Lobalain Kab. Rote Ndao Nusa Tenggara,NKST,16X16 KASSA STERIL 16X16,115,PAK,10000.0,0.0,1150000.0,169604500.0,18656495.0,188260995.0,2025,11,2025-11
0174/JL/1025,2025-11-20,PL-0104,Dinas Pemberdayaan Kab Lekunik Lobalain Kab. Rote Ndao Nusa Tenggara,ONDAN4,- Inj Ondansetron 4mg Injeksi,19,AMPUL,4000.0,0.0,76000.0,169604500.0,18656495.0,188260995.0,2025,11,2025-11
0174/JL/1025,2025-11-20,PL-0104,Dinas Pemberdayaan Kab Lekunik Lobalain Kab. Rote Ndao Nusa Tenggara,ONEMED-CATGUT,"Catgut Chromic Uk. 3/0, HR-27, Tapper 75cm 3",19,PCS,55000.0,0.0,1045000.0,169604500.0,18656495.0,188260995.0,2025,11,2025-11
0174/JL/1025,2025-11-20,PL-0104,Dinas Pemberdayaan Kab Lekunik Lobalain Kab. Rote Ndao Nusa Tenggara,ONEMED50,APRON ONE Box 50'S,1750,PCS,30000.0,0.0,52500000.0,169604500.0,18656495.0,188260995.0,2025,11,2025-11
0174/JL/1025,2025-11-20,PL-0104,Dinas Pemberdayaan Kab Lekunik Lobalain Kab. Rote Ndao Nusa Tenggara,S,"2/0 27,75 BENANG SILK 2/0 27mm, 75cm",26,PCS,25000.0,0.0,650000.0,169604500.0,18656495.0,188260995.0,2025,11,2025-11
0174/JL/1025,2025-11-20,PL-0104,Dinas Pemberdayaan Kab Lekunik Lobalain Kab. Rote Ndao Nusa Tenggara,UFIX5,ULTRAFIX MEDICAL 5X5,51,BOX,25000.0,0.0,1275000.0,169604500.0,18656495.0,188260995.0,2025,11,2025-11
0174/JL/1025,2025-11-20,PL-0104,Dinas Pemberdayaan Kab Lekunik Lobalain Kab. Rote Ndao Nusa Tenggara,WTRFI50,WATER FOR INJECTION 50ML INJ,19,VIAL,47500.0,0.0,902500.0,169604500.0,18656495.0,188260995.0,2025,11,2025-11
0184/JL/1125,2025-11-24,PL-0109,RSUD Cilograng,CRMD10%,Carmed 10%,30,TUBE,38000.0,0.0,1140000.0,32894000.0,3618340.0,36512340.0,2025,11,2025-11
0184/JL/1125,2025-11-24,PL-0109,RSUD Cilograng,ILDI-S10,Iliadin Spray 10ml,50,BTL,115000.0,0.0,5750000.0,32894000.0,3618340.0,36512340.0,2025,11,2025-11
0184/JL/1125,2025-11-24,PL-0109,RSUD Cilograng,ILDI-SA10,"Iliadin Spray Anak 0,025%",50,BTL,93000.0,0.0,4650000.0,32894000.0,3618340.0,36512340.0,2025,11,2025-11
0184/JL/1125,2025-11-24,PL-0109,RSUD Cilograng,MRSB5INJ-MERSI,Mersibion 5000 Inj Box 10 amp @ 3ml - Mersi,1700,AMPUL,8500.0,0.0,14450000.0,32894000.0,3618340.0,36512340.0,2025,11,2025-11
0184/JL/1125,2025-11-24,PL-0109,RSUD Cilograng,PIRAC1INJ-BERNO,Piracetam 1G Inj - Bernofarm,100,AMPUL,5800.0,0.0,580000.0,32894000.0,3618340.0,36512340.0,2025,11,2025-11
0184/JL/1125,2025-11-24,PL-0109,RSUD Cilograng,URO400,Urotractine Tab,1020,TAB,6200.0,0.0,6324000.0,32894000.0,3618340.0,36512340.0,2025,11,2025-11
0185/JL/1125,2025-11-24,PL-0109,RSUD Cilograng,TRMZ-TAB,Tremenza Tablet,3000,TAB,2300.0,0.0,6900000.0,6900000.0,759000.0,7659000.0,2025,11,2025-11
0186/JL/1125,2025-11-24,PL-0001,RUMAH SAKIT YARSI,KLX-R,Kassa Lipat X-Ray 10cm x 10cm,10,PAK,530000.0,11.7,4679900.0,4679900.0,514789.0,5194689.0,2025,11,2025-11
0187/JL/1125,2025-11-25,PL-0001,RUMAH SAKIT YARSI,OTO-L,OTORO LATEX FREE POWDER ''L'',50,BOX,75000.0,15.0,3187500.0,6375000.0,701250.0,7076250.0,2025,11,2025-11
0187/JL/1125,2025-11-25,PL-0001,RUMAH SAKIT YARSI,OTR-S,OTORO LATEX FREE POWDER ''S'',50,BOX,75000.0,15.0,3187500.0,6375000.0,701250.0,7076250.0,2025,11,2025-11
0188/JL/1125,2025-11-25,PL-0001,RUMAH SAKIT YARSI,OTO-L,OTORO LATEX FREE POWDER ''L'',150,BOX,75000.0,15.0,9562500.0,35062500.0,3856875.0,38919375.0,2025,11,2025-11
0188/JL/1125,2025-11-25,PL-0001,RUMAH SAKIT YARSI,OTO-M,OTORO LATEX FREE POWDER ''M'',200,BOX,75000.0,15.0,12750000.0,35062500.0,3856875.0,38919375.0,2025,11,2025-11
0188/JL/1125,2025-11-25,PL-0001,RUMAH SAKIT YARSI,OTR-S,OTORO LATEX FREE POWDER ''S'',200,BOX,75000.0,15.0,12750000.0,35062500.0,3856875.0,38919375.0,2025,11,2025-11
0189/JL/1125,2025-11-26,PL-0001,RUMAH SAKIT YARSI,NM-USGG5L,NAM MEDICAL ULTRASOUND GEL 5,4,DRIGEN,160000.0,0.0,640000.0,640000.0,70400.0,710400.0,2025,11,2025-11
0190/JL/1125,2025-11-28,PL-0066,PUSKESMAS CIJAYANTI,AS,ALKOHOL SWAB,100,BOX,11999.0,0.0,1199900.0,25767300.0,2834403.0,28601703.0,2025,11,2025-11
0190/JL/1125,2025-11-28,PL-0066,PUSKESMAS CIJAYANTI,MK08-565,MASKER MULTI ONE PLUS 3PLY EARLOOP,60,BOX,16400.0,0.0,984000.0,25767300.0,2834403.0,28601703.0,2025,11,2025-11
0190/JL/1125,2025-11-28,PL-0066,PUSKESMAS CIJAYANTI,NKS,16X16 KASSA STERIL 16X16,2000,PAK,7100.0,0.0,14200000.0,25767300.0,2834403.0,28601703.0,2025,11,2025-11
0190/JL/1125,2025-11-28,PL-0066,PUSKESMAS CIJAYANTI,OTO-M,OTORO LATEX FREE POWDER ''M'',100,BOX,75600.0,0.0,7560000.0,25767300.0,2834403.0,28601703.0,2025,11,2025-11
0190/JL/1125,2025-11-28,PL-0066,PUSKESMAS CIJAYANTI,S,"3/0 27,75 BENANG SILK 3/0 27mm, 75cm",30,PCS,31530.0,0.0,945900.0,25767300.0,2834403.0,28601703.0,2025,11,2025-11
0190/JL/1125,2025-11-28,PL-0066,PUSKESMAS CIJAYANTI,TISUS250,Tissue SEE U 250 Sheet,50,PAK,17550.0,0.0,877500.0,25767300.0,2834403.0,28601703.0,2025,11,2025-11
0191/JL/1225,2025-11-28,PL-0066,PUSKESMAS CIJAYANTI,DLUT,DILUENT,2,DUS,1244000.0,0.0,2488000.0,4458400.0,490424.0,4948824.0,2025,11,2025-11
0191/JL/1225,2025-11-28,PL-0066,PUSKESMAS CIJAYANTI,LYS20M,LYSE 20 M,1,BTL,1329000.0,0.0,1329000.0,4458400.0,490424.0,4948824.0,2025,11,2025-11
0191/JL/1225,2025-11-28,PL-0066,PUSKESMAS CIJAYANTI,PRBCLE-M53,M53 PROBE CLEANSER,2,BTL,320700.0,0.0,641400.0,4458400.0,490424.0,4948824.0,2025,11,2025-11
0192/JL/1125,2025-11-28,PL-0100,Rumah Sakit Umum Daerah,ALLO100T,ALLOPURINOL 100 MG TAB TRIMAN,500,TAB,424.0,0.0,212000.0,42359880.0,4659586.8,47019466.8,2025,11,2025-11
0192/JL/1125,2025-11-28,PL-0100,Rumah Sakit Umum Daerah,AML5T,AMLODIPHINE 5 MG TRIFA,500,TAB,762.0,0.0,381000.0,42359880.0,4659586.8,47019466.8,2025,11,2025-11
0192/JL/1125,2025-11-28,PL-0100,Rumah Sakit Umum Daerah,ANAB60ML,ANABION 60 ML,50,BTL,12890.0,0.0,644500.0,42359880.0,4659586.8,47019466.8,2025,11,2025-11
0192/JL/1125,2025-11-28,PL-0100,Rumah Sakit Umum Daerah,ASMEF500ERR,MEFENAMIC ACID ERRITA T,500,TAB,915.0,0.0,457500.0,42359880.0,4659586.8,47019466.8,2025,11,2025-11
0192/JL/1125,2025-11-28,PL-0100,Rumah Sakit Umum Daerah,ATROINJ,Atropin Inj,10,AMPUL,22900.0,0.0,229000.0,42359880.0,4659586.8,47019466.8,2025,11,2025-11
0192/JL/1125,2025-11-28,PL-0100,Rumah Sakit Umum Daerah,AMD,10mg Amlodipine 10mg,500,TAB,961.0,0.0,480500.0,42359880.0,4659586.8,47019466.8,2025,11,2025-11
0192/JL/1125,2025-11-28,PL-0100,Rumah Sakit Umum Daerah,AMIPHL24-INJ,AMINOPHYLINE 24 MG/ML INJEKSI,10,AMPUL,15790.0,0.0,157900.0,42359880.0,4659586.8,47019466.8,2025,11,2025-11
0192/JL/1125,2025-11-28,PL-0100,Rumah Sakit Umum Daerah,AMPCL,- Inj Ampicillin Inj,40,AMPUL,28150.0,0.0,1126000.0,42359880.0,4659586.8,47019466.8,2025,11,2025-11
0192/JL/1125,2025-11-28,PL-0100,Rumah Sakit Umum Daerah,ATRAX500-TAB,Asam Tranexamat 500mg Tab - Berno Berno,500,TAB,2350.0,0.0,1175000.0,42359880.0,4659586.8,47019466.8,2025,11,2025-11
0192/JL/1125,2025-11-28,PL-0100,Rumah Sakit Umum Daerah,CAPT50,Captopril 50mg,500,TAB,953.0,0.0,476500.0,42359880.0,4659586.8,47019466.8,2025,11,2025-11
0192/JL/1125,2025-11-28,PL-0100,Rumah Sakit Umum Daerah,COMJER,Combantrin Jeruk,10,BTL,28600.0,0.0,286000.0,42359880.0,4659586.8,47019466.8,2025,11,2025-11
0192/JL/1125,2025-11-28,PL-0100,Rumah Sakit Umum Daerah,CEFIX100,Cefixime Trihydrate 100mg Tss Bernofarm,500,TAB,2390.0,0.0,1195000.0,42359880.0,4659586.8,47019466.8,2025,11,2025-11
0192/JL/1125,2025-11-28,PL-0100,Rumah Sakit Umum Daerah,CEFIXDS-IFR,Cefixime Dry Syr - Ifars,50,BTL,23090.0,0.0,1154500.0,42359880.0,4659586.8,47019466.8,2025,11,2025-11
0192/JL/1125,2025-11-28,PL-0100,Rumah Sakit Umum Daerah,CEFO1INJ,Cefotaxime 1gr Serb Inj,100,AMPUL,29798.0,0.0,2979800.0,42359880.0,4659586.8,47019466.8,2025,11,2025-11
0192/JL/1125,2025-11-28,PL-0100,Rumah Sakit Umum Daerah,CITCL250,Inj Citicoline 250mg/2ml Inj Bernofarm,50,AMPUL,17590.0,0.0,879500.0,42359880.0,4659586.8,47019466.8,2025,11,2025-11
0192/JL/1125,2025-11-28,PL-0100,Rumah Sakit Umum Daerah,COMBANT50,Combantrin 125,10,BOX,517000.0,0.0,5170000.0,42359880.0,4659586.8,47019466.8,2025,11,2025-11
0192/JL/1125,2025-11-28,PL-0100,Rumah Sakit Umum Daerah,CVPLX-T,Caviplex Tab,1000,TAB,2355.0,0.0,2355000.0,42359880.0,4659586.8,47019466.8,2025,11,2025-11
0192/JL/1125,2025-11-28,PL-0100,Rumah Sakit Umum Daerah,DCAPT1007T00,"CAPTOPRILl 12,5 MG TAB 5",500,TAB,837.0,0.0,418500.0,42359880.0,4659586.8,47019466.8,2025,11,2025-11
0192/JL/1125,2025-11-28,PL-0100,Rumah Sakit Umum Daerah,DMETF1033T00,Metformin 500mg Tab@200's (HJ) 1,1000,TAB,694.0,0.0,694000.0,42359880.0,4659586.8,47019466.8,2025,11,2025-11
0192/JL/1125,2025-11-28,PL-0100,Rumah Sakit Umum Daerah,DOMPSYRPER,Domperidone Syrup Ermplex YM,50,BTL,8390.0,0.0,419500.0,42359880.0,4659586.8,47019466.8,2025,11,2025-11
0192/JL/1125,2025-11-28,PL-0100,Rumah Sakit Umum Daerah,DULCOL,DULCOLAX 5 MG SUPP,20,SUPP,35700.0,0.0,714000.0,42359880.0,4659586.8,47019466.8,2025,11,2025-11
0192/JL/1125,2025-11-28,PL-0100,Rumah Sakit Umum Daerah,DOPM-INJ,DOPAMIN INJEKSI,10,AMPUL,15700.0,0.0,157000.0,42359880.0,4659586.8,47019466.8,2025,11,2025-11
0192/JL/1125,2025-11-28,PL-0100,Rumah Sakit Umum Daerah,DOTM50,- Inj DOBUTAMINE 50MG INJ,10,AMPUL,25800.0,0.0,258000.0,42359880.0,4659586.8,47019466.8,2025,11,2025-11
0192/JL/1125,2025-11-28,PL-0100,Rumah Sakit Umum Daerah,ENABTICR,ENBATIK CREAM,20,TUBE,12390.0,0.0,247800.0,42359880.0,4659586.8,47019466.8,2025,11,2025-11
0192/JL/1125,2025-11-28,PL-0100,Rumah Sakit Umum Daerah,EPINEPINJ,Ephineprin Inj,10,BOX,15280.0,0.0,152800.0,42359880.0,4659586.8,47019466.8,2025,11,2025-11
0192/JL/1125,2025-11-28,PL-0100,Rumah Sakit Umum Daerah,ERLATTSTG,Erlamycetin Tetes Telinga,20,BTL,17850.0,0.0,357000.0,42359880.0,4659586.8,47019466.8,2025,11,2025-11
0192/JL/1125,2025-11-28,PL-0100,Rumah Sakit Umum Daerah,FARI60ML,FARIZOL 60 ML,50,BTL,14890.0,0.0,744500.0,42359880.0,4659586.8,47019466.8,2025,11,2025-11
0192/JL/1125,2025-11-28,PL-0100,Rumah Sakit Umum Daerah,FOLICACID400,FOLIC ACID 400 MCG,100,TAB,481.0,0.0,48100.0,42359880.0,4659586.8,47019466.8,2025,11,2025-11
0192/JL/1125,2025-11-28,PL-0100,Rumah Sakit Umum Daerah,FUROS-INJ,Furosemid Injeksi,50,AMPUL,9100.0,0.0,455000.0,42359880.0,4659586.8,47019466.8,2025,11,2025-11
0192/JL/1125,2025-11-28,PL-0100,Rumah Sakit Umum Daerah,GENOSM,Genoint Salep Mata,1,TUBE,18500.0,0.0,18500.0,42359880.0,4659586.8,47019466.8,2025,11,2025-11
0192/JL/1125,2025-11-28,PL-0100,Rumah Sakit Umum Daerah,GLIME2,Glimepiride 2 mg Dexa,500,TAB,777.0,0.0,388500.0,42359880.0,4659586.8,47019466.8,2025,11,2025-11
0192/JL/1125,2025-11-28,PL-0100,Rumah Sakit Umum Daerah,GMFB300,GEMFIBROZILE 300MG,500,TAB,1630.0,0.0,815000.0,42359880.0,4659586.8,47019466.8,2025,11,2025-11
0192/JL/1125,2025-11-28,PL-0100,Rumah Sakit Umum Daerah,GLIMP1,GLIMEPIRIDE 1 MG,500,TAB,385.0,0.0,192500.0,42359880.0,4659586.8,47019466.8,2025,11,2025-11
0192/JL/1125,2025-11-28,PL-0100,Rumah Sakit Umum Daerah,GTMC-SKKF,Gentamicin Cream SK - KF,50,TUBE,7090.0,0.0,354500.0,42359880.0,4659586.8,47019466.8,2025,11,2025-11
0192/JL/1125,2025-11-28,PL-0100,Rumah Sakit Umum Daerah,GUAI100,Guaifenesin 100mg NOVA,1000,TAB,593.0,0.0,593000.0,42359880.0,4659586.8,47019466.8,2025,11,2025-11
0192/JL/1125,2025-11-28,PL-0100,Rumah Sakit Umum Daerah,HUFGS-K,Hufagrip Syrup Flu & Batuk (Kuning),50,BTL,24700.0,0.0,1235000.0,42359880.0,4659586.8,47019466.8,2025,11,2025-11
0192/JL/1125,2025-11-28,PL-0100,Rumah Sakit Umum Daerah,IVC,26 IV CHATETER NO 26G,2,BOX,272000.0,0.0,544000.0,42359880.0,4659586.8,47019466.8,2025,11,2025-11
0192/JL/1125,2025-11-28,PL-0100,Rumah Sakit Umum Daerah,KETOCR,Ketoconazole Krim,20,TUBE,8449.0,0.0,168980.0,42359880.0,4659586.8,47019466.8,2025,11,2025-11
0192/JL/1125,2025-11-28,PL-0100,Rumah Sakit Umum Daerah,METHYL4D,Methylprednisolone 4 MG DEXA,500,TAB,870.0,0.0,435000.0,42359880.0,4659586.8,47019466.8,2025,11,2025-11
0192/JL/1125,2025-11-28,PL-0100,Rumah Sakit Umum Daerah,METHYLERGO1,METHYLERGOMETRINE MALEATE 0.125 MG 25,200,TAB,1020.0,0.0,204000.0,42359880.0,4659586.8,47019466.8,2025,11,2025-11
0192/JL/1125,2025-11-28,PL-0100,Rumah Sakit Umum Daerah,METRDI500,Metronidazole Infus 500mg/100ml,50,BTL,31980.0,0.0,1599000.0,42359880.0,4659586.8,47019466.8,2025,11,2025-11
0192/JL/1125,2025-11-28,PL-0100,Rumah Sakit Umum Daerah,MGSO20,MAGNESIUM SULFATE 20,20,AMPUL,25900.0,0.0,518000.0,42359880.0,4659586.8,47019466.8,2025,11,2025-11
0192/JL/1125,2025-11-28,PL-0100,Rumah Sakit Umum Daerah,MGSO40,Magnesium Sulfate 40% 25ml,20,AMPUL,27680.0,0.0,553600.0,42359880.0,4659586.8,47019466.8,2025,11,2025-11
0192/JL/1125,2025-11-28,PL-0100,Rumah Sakit Umum Daerah,METHYL125,Inj METHYLPREDNISOLON 125MG INJ,20,BOX,33750.0,0.0,675000.0,42359880.0,4659586.8,47019466.8,2025,11,2025-11
0192/JL/1125,2025-11-28,PL-0100,Rumah Sakit Umum Daerah,METR500,Metronidazole 500mg Tab,500,TAB,834.0,0.0,417000.0,42359880.0,4659586.8,47019466.8,2025,11,2025-11
0192/JL/1125,2025-11-28,PL-0100,Rumah Sakit Umum Daerah,NOVCH300,NOVACHLOR 300 MG,300,TAB,804.0,0.0,241200.0,42359880.0,4659586.8,47019466.8,2025,11,2025-11
0192/JL/1125,2025-11-28,PL-0100,Rumah Sakit Umum Daerah,OME40MGINJ,OMEPRAZOLE SODIUM MONOHYDRATE 40mg SERBUK INJ,50,VIAL,16396.0,0.0,819800.0,42359880.0,4659586.8,47019466.8,2025,11,2025-11
0192/JL/1125,2025-11-28,PL-0100,Rumah Sakit Umum Daerah,OMZIFARS,OMEPRAZOLE IFARS,500,TAB,1569.0,0.0,784500.0,42359880.0,4659586.8,47019466.8,2025,11,2025-11
0192/JL/1125,2025-11-28,PL-0100,Rumah Sakit Umum Daerah,ORALT,ORALIT,2,BOX,149300.0,0.0,298600.0,42359880.0,4659586.8,47019466.8,2025,11,2025-11
0192/JL/1125,2025-11-28,PL-0100,Rumah Sakit Umum Daerah,OXYINJ,OXYTOXIN INJ,20,AMPUL,14670.0,0.0,293400.0,42359880.0,4659586.8,47019466.8,2025,11,2025-11
0192/JL/1125,2025-11-28,PL-0100,Rumah Sakit Umum Daerah,PIROX10,Piroxicam 10 MG Nova,500,TAB,603.0,0.0,301500.0,42359880.0,4659586.8,47019466.8,2025,11,2025-11
0192/JL/1125,2025-11-28,PL-0100,Rumah Sakit Umum Daerah,PRMETH-K5%,PERMETHRIN Krim 5%,20,TUBE,67000.0,0.0,1340000.0,42359880.0,4659586.8,47019466.8,2025,11,2025-11
0192/JL/1125,2025-11-28,PL-0100,Rumah Sakit Umum Daerah,PTU100,Propylthiouracil 100mg (Dexa),500,TAB,1090.0,0.0,545000.0,42359880.0,4659586.8,47019466.8,2025,11,2025-11
0192/JL/1125,2025-11-28,PL-0100,Rumah Sakit Umum Daerah,SIMV10,MG SIMVASTATIN 10 MG HJ,500,TAB,2960.0,0.0,1480000.0,42359880.0,4659586.8,47019466.8,2025,11,2025-11
0192/JL/1125,2025-11-28,PL-0100,Rumah Sakit Umum Daerah,TABTTD,Tablet Tambah Darah Triman,500,TAB,1300.0,0.0,650000.0,42359880.0,4659586.8,47019466.8,2025,11,2025-11
0192/JL/1125,2025-11-28,PL-0100,Rumah Sakit Umum Daerah,VOSETAB,VOSEA TAB,200,TAB,645.0,0.0,129000.0,42359880.0,4659586.8,47019466.8,2025,11,2025-11
0192/JL/1125,2025-11-28,PL-0100,Rumah Sakit Umum Daerah,"VEN-NEB2,5","VENTOLIN NEBULES 2,5MG",2,BOX,509000.0,0.0,1018000.0,42359880.0,4659586.8,47019466.8,2025,11,2025-11
0192/JL/1125,2025-11-28,PL-0100,Rumah Sakit Umum Daerah,VIT,B Comx Vitamin B Complex (HOLI),5,BOX,34680.0,0.0,173400.0,42359880.0,4659586.8,47019466.8,2025,11,2025-11
0192/JL/1125,2025-11-28,PL-0100,Rumah Sakit Umum Daerah,ZINCTAB,Zinc Tab Holi,500,TAB,1319.0,0.0,659500.0,42359880.0,4659586.8,47019466.8,2025,11,2025-11
0192/JL/1125,2025-11-28,PL-0100,Rumah Sakit Umum Daerah,ZINK60ML,ZINC SYRUP MEPRO,50,BTL,8100.0,0.0,405000.0,42359880.0,4659586.8,47019466.8,2025,11,2025-11
0192/JL/1125,2025-11-28,PL-0100,Rumah Sakit Umum Daerah,ATTAPULG,Attapulgite,500,TAB,967.0,0.0,483500.0,42359880.0,4659586.8,47019466.8,2025,11,2025-11
0193/JL/1125,2025-11-28,PL-0100,Rumah Sakit Umum Daerah,10,CC SPUIT 10 CC,2,BOX,310000.0,0.0,620000.0,17360000.0,1909600.0,19269600.0,2025,11,2025-11
0193/JL/1125,2025-11-28,PL-0100,Rumah Sakit Umum Daerah,1CC,SPUIT 1 CC,2,BOX,175000.0,0.0,350000.0,17360000.0,1909600.0,19269600.0,2025,11,2025-11
0193/JL/1125,2025-11-28,PL-0100,Rumah Sakit Umum Daerah,3,CC SPUIT 3 CC,2,BOX,260000.0,0.0,520000.0,17360000.0,1909600.0,19269600.0,2025,11,2025-11
0193/JL/1125,2025-11-28,PL-0100,Rumah Sakit Umum Daerah,5,CC SPUIT 5 CC,2,BOX,270000.0,0.0,540000.0,17360000.0,1909600.0,19269600.0,2025,11,2025-11
0193/JL/1125,2025-11-28,PL-0100,Rumah Sakit Umum Daerah,AKURAT-TEST,ALAT TEST KEHAMILAN AKURAT,11,BOX,400000.0,0.0,4400000.0,17360000.0,1909600.0,19269600.0,2025,11,2025-11
0193/JL/1125,2025-11-28,PL-0100,Rumah Sakit Umum Daerah,G-USG250,GEL USG 250 ML,10,BTL,32000.0,0.0,320000.0,17360000.0,1909600.0,19269600.0,2025,11,2025-11
0193/JL/1125,2025-11-28,PL-0100,Rumah Sakit Umum Daerah,KEKG1230,KERTAS EKG 12 CHANEL 210mm*30m,20,PAK,169000.0,0.0,3380000.0,17360000.0,1909600.0,19269600.0,2025,11,2025-11
0193/JL/1125,2025-11-28,PL-0100,Rumah Sakit Umum Daerah,MK08-500A,MEDCO BLOOD LANCET 100PCS/BOX,10,BOX,32000.0,0.0,320000.0,17360000.0,1909600.0,19269600.0,2025,11,2025-11
0193/JL/1125,2025-11-28,PL-0100,Rumah Sakit Umum Daerah,MK09-231,LATEX FOLEY CATHETER 2-WAY FR16,20,PCS,20500.0,0.0,410000.0,17360000.0,1909600.0,19269600.0,2025,11,2025-11
0193/JL/1125,2025-11-28,PL-0100,Rumah Sakit Umum Daerah,NGT-16TRM,SELANG NGT 16 TERUMO,10,PCS,31000.0,0.0,310000.0,17360000.0,1909600.0,19269600.0,2025,11,2025-11
0193/JL/1125,2025-11-28,PL-0100,Rumah Sakit Umum Daerah,OTR-S,OTORO LATEX FREE POWDER ''S'',20,BOX,82000.0,0.0,1640000.0,17360000.0,1909600.0,19269600.0,2025,11,2025-11
0193/JL/1125,2025-11-28,PL-0100,Rumah Sakit Umum Daerah,RVN0.1%-300,RIVANOL 0.1% 300 ML,5,BTL,13000.0,0.0,65000.0,17360000.0,1909600.0,19269600.0,2025,11,2025-11
0193/JL/1125,2025-11-28,PL-0100,Rumah Sakit Umum Daerah,WTRFI50,WATER FOR INJECTION 50ML INJ,81,VIAL,45000.0,0.0,3645000.0,17360000.0,1909600.0,19269600.0,2025,11,2025-11
0193/JL/1125,2025-11-28,PL-0100,Rumah Sakit Umum Daerah,YTK-OBGYN,SARUNG TANGAN OBGYN STERIL YUTAKA,20,PAIRS,42000.0,0.0,840000.0,17360000.0,1909600.0,19269600.0,2025,11,2025-11
0194/JL/1225,2025-12-04,PL-0001,RUMAH SAKIT YARSI,"KLP-7,5X7,5","Kassa Lipat Polos 7,5cm x 7,5cm",30,PAK,280000.0,48.0,4368000.0,4368000.0,480480.0,4848480.0,2025,12,2025-12
0195/JL/1225,2025-12-04,PL-0110,KLINIK UTAMA TREE,1749,Lansoprazole 30mg Kapsul Lepas Tunda,1,BOX,75109.91,0.0,75109.91,3420082.849999999,338588.2,3416662.7,2025,12,2025-12
0195/JL/1225,2025-12-04,PL-0110,KLINIK UTAMA TREE,268,Cefadroxil Monohydrate 500mg Kapsul Bernofarm,2,BOX,85585.59,0.0,171171.18,3420082.849999999,338588.2,3416662.7,2025,12,2025-12
0195/JL/1225,2025-12-04,PL-0110,KLINIK UTAMA TREE,ALLTR-TM,ALLETROL TM (24),4,BTL,22522.52,0.0,90090.08,3420082.849999999,338588.2,3416662.7,2025,12,2025-12
0195/JL/1225,2025-12-04,PL-0110,KLINIK UTAMA TREE,AMBX30,Ambroxol 30mg Tab - Trifa,2,BOX,18018.02,0.0,36036.04,3420082.849999999,338588.2,3416662.7,2025,12,2025-12
0195/JL/1225,2025-12-04,PL-0110,KLINIK UTAMA TREE,ACETYL,Acetylcysteine 200 mg IPHA,1,BOX,62000.0,0.0,62000.0,3420082.849999999,338588.2,3416662.7,2025,12,2025-12
0195/JL/1225,2025-12-04,PL-0110,KLINIK UTAMA TREE,AMBRX30,Ambroxol HCl 30 mg/5 ml Elixir Bernofarm,3,BTL,4426.13,0.0,13278.39,3420082.849999999,338588.2,3416662.7,2025,12,2025-12
0195/JL/1225,2025-12-04,PL-0110,KLINIK UTAMA TREE,BIOPLC-15,Bioplacenton 15 gr,2,TUBE,27027.03,0.0,54054.06,3420082.849999999,338588.2,3416662.7,2025,12,2025-12
0195/JL/1225,2025-12-04,PL-0110,KLINIK UTAMA TREE,BNSN5,BENOSON N 5GR,3,TUBE,19819.82,0.0,59459.46,3420082.849999999,338588.2,3416662.7,2025,12,2025-12
0195/JL/1225,2025-12-04,PL-0110,KLINIK UTAMA TREE,BTHS-6D,BETAHISTINE 6MG TAB DEXA,1,BOX,31531.53,0.0,31531.53,3420082.849999999,338588.2,3416662.7,2025,12,2025-12
0195/JL/1225,2025-12-04,PL-0110,KLINIK UTAMA TREE,CLBTSOL10,CLOBETASOL PROPIONATE 10GR,3,TUBE,13513.51,0.0,40540.53,3420082.849999999,338588.2,3416662.7,2025,12,2025-12
0195/JL/1225,2025-12-04,PL-0110,KLINIK UTAMA TREE,CEFIX100,Cefixime Trihydrate 100mg Tss Bernofarm,1,BOX,135135.14,0.0,135135.14,3420082.849999999,338588.2,3416662.7,2025,12,2025-12
0195/JL/1225,2025-12-04,PL-0110,KLINIK UTAMA TREE,CIFLX,Tab CIPROFLOXACIN TAB,1,BOX,45045.05,0.0,45045.05,3420082.849999999,338588.2,3416662.7,2025,12,2025-12
0195/JL/1225,2025-12-04,PL-0110,KLINIK UTAMA TREE,DIVN40,DIOVAN 40MG,1,BOX,307694.59,0.0,307694.59,3420082.849999999,338588.2,3416662.7,2025,12,2025-12
0195/JL/1225,2025-12-04,PL-0110,KLINIK UTAMA TREE,DSCOP1003T07,SCOPMA TAB 9,1,BOX,99099.1,0.0,99099.1,3420082.849999999,338588.2,3416662.7,2025,12,2025-12
0195/JL/1225,2025-12-04,PL-0110,KLINIK UTAMA TREE,DXTMP,DEXTEEM PLUS,1,BOX,49549.55,0.0,49549.55,3420082.849999999,338588.2,3416662.7,2025,12,2025-12
0195/JL/1225,2025-12-04,PL-0110,KLINIK UTAMA TREE,ERLATTSTG,Erlamycetin Tetes Telinga,3,BTL,12833.33,0.0,38499.99,3420082.849999999,338588.2,3416662.7,2025,12,2025-12
0195/JL/1225,2025-12-04,PL-0110,KLINIK UTAMA TREE,ERLAM-TETES,Erlamycetin Tetes Mata Mata,3,BTL,12833.33,0.0,38499.99,3420082.849999999,338588.2,3416662.7,2025,12,2025-12
0195/JL/1225,2025-12-04,PL-0110,KLINIK UTAMA TREE,GUAI100-TRIFA,GUAIFENESIN 100MG - TRIFA,2,BOX,22522.52,0.0,45045.04,3420082.849999999,338588.2,3416662.7,2025,12,2025-12
0195/JL/1225,2025-12-04,PL-0110,KLINIK UTAMA TREE,HISTG,HISTIGO TAB,1,BOX,30000.0,0.0,30000.0,3420082.849999999,338588.2,3416662.7,2025,12,2025-12
0195/JL/1225,2025-12-04,PL-0110,KLINIK UTAMA TREE,HYDRCS-CR,HYDROCORTISONE KF CREAM,3,TUBE,13513.51,0.0,40540.53,3420082.849999999,338588.2,3416662.7,2025,12,2025-12
0195/JL/1225,2025-12-04,PL-0110,KLINIK UTAMA TREE,INPS-100,INPEPSA 100,3,BTL,100000.0,0.0,300000.0,3420082.849999999,338588.2,3416662.7,2025,12,2025-12
0195/JL/1225,2025-12-04,PL-0110,KLINIK UTAMA TREE,LOPRM2,LOPERAMIDE 2MG TAB,1,BOX,19594.59,0.0,19594.59,3420082.849999999,338588.2,3416662.7,2025,12,2025-12
0195/JL/1225,2025-12-04,PL-0110,KLINIK UTAMA TREE,LORAT-TABTRFA,LORATADINE TAB - TRIFA,1,BOX,22522.52,0.0,22522.52,3420082.849999999,338588.2,3416662.7,2025,12,2025-12
0195/JL/1225,2025-12-04,PL-0110,KLINIK UTAMA TREE,MEFN-500,MEFINAL 500,1,BOX,187500.0,0.0,187500.0,3420082.849999999,338588.2,3416662.7,2025,12,2025-12
0195/JL/1225,2025-12-04,PL-0110,KLINIK UTAMA TREE,MELOX-7.5HJ,Meloxicam HJ 7.5mg,1,BOX,31531.53,0.0,31531.53,3420082.849999999,338588.2,3416662.7,2025,12,2025-12
0195/JL/1225,2025-12-04,PL-0110,KLINIK UTAMA TREE,METHYL4D,Methylprednisolone 4 MG DEXA,2,BOX,22522.52,0.0,45045.04,3420082.849999999,338588.2,3416662.7,2025,12,2025-12
0195/JL/1225,2025-12-04,PL-0110,KLINIK UTAMA TREE,MOLG,MOLAGIT TAB,1,BOX,85000.0,0.0,85000.0,3420082.849999999,338588.2,3416662.7,2025,12,2025-12
0195/JL/1225,2025-12-04,PL-0110,KLINIK UTAMA TREE,MTHYL8,METHYLPREDNISOLON 8MG BERNO,1,BOX,40540.54,0.0,40540.54,3420082.849999999,338588.2,3416662.7,2025,12,2025-12
0195/JL/1225,2025-12-04,PL-0110,KLINIK UTAMA TREE,MXLG,MIXALGIN TAB,1,BOX,58558.56,0.0,58558.56,3420082.849999999,338588.2,3416662.7,2025,12,2025-12
0195/JL/1225,2025-12-04,PL-0110,KLINIK UTAMA TREE,MEFEAC500,Mefenamat Acid 500mg Tab Triman,1,BOX,27027.03,0.0,27027.03,3420082.849999999,338588.2,3416662.7,2025,12,2025-12
0195/JL/1225,2025-12-04,PL-0110,KLINIK UTAMA TREE,NATDIK5,Natrium Diklofenac 50mg phapros,1,BOX,22000.0,0.0,22000.0,3420082.849999999,338588.2,3416662.7,2025,12,2025-12
0195/JL/1225,2025-12-04,PL-0110,KLINIK UTAMA TREE,OMEPZ-,Omeprazole 20mg Errita 20ERRITA,5,BOX,14000.0,0.0,70000.0,3420082.849999999,338588.2,3416662.7,2025,12,2025-12
0195/JL/1225,2025-12-04,PL-0110,KLINIK UTAMA TREE,PARTS-T,PARATUSIN TAB,1,BOX,252252.25,0.0,252252.25,3420082.849999999,338588.2,3416662.7,2025,12,2025-12
0195/JL/1225,2025-12-04,PL-0110,KLINIK UTAMA TREE,PIROX10,Piroxicam 10 MG Nova,1,BOX,18018.02,0.0,18018.02,3420082.849999999,338588.2,3416662.7,2025,12,2025-12
0195/JL/1225,2025-12-04,PL-0110,KLINIK UTAMA TREE,SALBTM-2IFI,Salbutamol 2mg Tab - IFI,1,BOX,22522.52,0.0,22522.52,3420082.849999999,338588.2,3416662.7,2025,12,2025-12
0195/JL/1225,2025-12-04,PL-0110,KLINIK UTAMA TREE,VALS,80 VALSARTAN 80MG,1,BOX,138000.0,0.0,138000.0,3420082.849999999,338588.2,3416662.7,2025,12,2025-12
0195/JL/1225,2025-12-04,PL-0110,KLINIK UTAMA TREE,VITZMP,Vitazym Plus,1,BOX,90090.09,0.0,90090.09,3420082.849999999,338588.2,3416662.7,2025,12,2025-12
0195/JL/1225,2025-12-04,PL-0110,KLINIK UTAMA TREE,VMTFT10,VOMETA FT 10MG,1,BOX,362500.0,0.0,362500.0,3420082.849999999,338588.2,3416662.7,2025,12,2025-12
0195/JL/1225,2025-12-04,PL-0110,KLINIK UTAMA TREE,CEFXTR200,CEFIXIME 200MG KAPSUL BERNOFARM,1,BOX,165000.0,0.0,165000.0,3420082.849999999,338588.2,3416662.7,2025,12,2025-12
0200/JL/1225,2025-12-11,PL-0001,RUMAH SAKIT YARSI,PLELB,PLESTER LUKA BULAT,25,BOX,34199.0,0.0,854975.0,854975.0,0.0,854975.0,2025,12,2025-12
0197/JL/1225,2025-12-16,PL-0001,RUMAH SAKIT YARSI,OTO-M,OTORO LATEX FREE POWDER ''M'',300,BOX,75000.0,15.0,19125000.0,38250000.0,4207500.0,42457500.0,2025,12,2025-12
0197/JL/1225,2025-12-16,PL-0001,RUMAH SAKIT YARSI,OTR-S,OTORO LATEX FREE POWDER ''S'',300,BOX,75000.0,15.0,19125000.0,38250000.0,4207500.0,42457500.0,2025,12,2025-12
0199/JL/1225,2025-12-16,PL-0001,RUMAH SAKIT YARSI,KLP-10X10,Kassa Lipat Polos 10cm x 10cm,20,PAK,350000.0,37.0,4410000.0,16922000.0,1861420.0,18783420.0,2025,12,2025-12
0199/JL/1225,2025-12-16,PL-0001,RUMAH SAKIT YARSI,KLP-5X5,Kassa Lipat Polos 5cm x 5cm (400 pcs),20,PAK,480000.0,0.0,9600000.0,16922000.0,1861420.0,18783420.0,2025,12,2025-12
0199/JL/1225,2025-12-16,PL-0001,RUMAH SAKIT YARSI,"KLP-7,5X7,5","Kassa Lipat Polos 7,5cm x 7,5cm",20,PAK,280000.0,48.0,2912000.0,16922000.0,1861420.0,18783420.0,2025,12,2025-12
0201/JL/1225,2025-12-16,PL-0001,RUMAH SAKIT YARSI,PLELB,PLESTER LUKA BULAT,50,BOX,52614.0,10.0,2367630.0,2367630.0,260439.3,2628069.3,2025,12,2025-12
0202/JL/1225,2025-12-16,PL-0096,PT. SERAPHIM LIFE,ASWAG60,Ashwagandha+ 60 Kapsul,15,BTL,200000.0,0.0,3000000.0,3000000.0,330000.0,3330000.0,2025,12,2025-12
0203/JL/1225,2025-12-20,PL-0111,PT. JAYA SAMPURNA,AKHL70%,ALKOHOL 70% 100 ML 100ML,72,BTL,13200.0,7.5,879120.0,41299179.85,4061038.12,40979566.4,2025,12,2025-12
0203/JL/1225,2025-12-20,PL-0111,PT. JAYA SAMPURNA,COUNTER15,COUNTERPAIN COOL 15 GR,20,PCS,32674.0,7.5,604469.0,41299179.85,4061038.12,40979566.4,2025,12,2025-12
0203/JL/1225,2025-12-20,PL-0111,PT. JAYA SAMPURNA,DEGIROL100,Degirol tab,1500,TAB,1685.0,7.5,2337937.5,41299179.85,4061038.12,40979566.4,2025,12,2025-12
0203/JL/1225,2025-12-20,PL-0111,PT. JAYA SAMPURNA,DIATAB,DIATABS TAB,200,TAB,866.0,7.5,160210.0,41299179.85,4061038.12,40979566.4,2025,12,2025-12
0203/JL/1225,2025-12-20,PL-0111,PT. JAYA SAMPURNA,DULCLT,DULCOLAX TAB,80,TAB,3205.0,7.5,237170.0,41299179.85,4061038.12,40979566.4,2025,12,2025-12
0203/JL/1225,2025-12-20,PL-0111,PT. JAYA SAMPURNA,FCGT,FRESH CARE GREEN TEA,24,PCS,15363.0,7.5,341058.6,41299179.85,4061038.12,40979566.4,2025,12,2025-12
0203/JL/1225,2025-12-20,PL-0111,PT. JAYA SAMPURNA,FCL,FRESH CARE LAVENDER,24,PCS,14397.0,7.5,319613.4,41299179.85,4061038.12,40979566.4,2025,12,2025-12
0203/JL/1225,2025-12-20,PL-0111,PT. JAYA SAMPURNA,FCL,FRESH CARE LAVENDER,24,PCS,14397.0,7.5,319613.4,41299179.85,4061038.12,40979566.4,2025,12,2025-12
0203/JL/1225,2025-12-20,PL-0111,PT. JAYA SAMPURNA,FCSF,FRESH CARE SPLASH FRUITY,24,PCS,15363.0,7.5,341058.6,41299179.85,4061038.12,40979566.4,2025,12,2025-12
0203/JL/1225,2025-12-20,PL-0111,PT. JAYA SAMPURNA,FCSMH,FRESH CARE SMASH,120,PCS,15363.0,7.5,1705293.0,41299179.85,4061038.12,40979566.4,2025,12,2025-12
0203/JL/1225,2025-12-20,PL-0111,PT. JAYA SAMPURNA,FLUCADEXSYR,FLUCADEX 60 ML UP,24,BTL,13343.0,7.5,296214.6,41299179.85,4061038.12,40979566.4,2025,12,2025-12
0203/JL/1225,2025-12-20,PL-0111,PT. JAYA SAMPURNA,IMFORT,IMBOOST FORCE TAB,520,TAB,9120.0,7.5,4386720.0,41299179.85,4061038.12,40979566.4,2025,12,2025-12
0203/JL/1225,2025-12-20,PL-0111,PT. JAYA SAMPURNA,INCIDAL,INCIDAL TAB,320,TAB,5376.0,7.5,1591296.0,41299179.85,4061038.12,40979566.4,2025,12,2025-12
0203/JL/1225,2025-12-20,PL-0111,PT. JAYA SAMPURNA,INERSONCR,INERSON 15 GR,10,TUBE,104238.0,7.5,964201.5,41299179.85,4061038.12,40979566.4,2025,12,2025-12
0203/JL/1225,2025-12-20,PL-0111,PT. JAYA SAMPURNA,ISTD,INFUS SET TERUMO DEWASA,10,PCS,14700.0,7.5,135975.0,41299179.85,4061038.12,40979566.4,2025,12,2025-12
0203/JL/1225,2025-12-20,PL-0111,PT. JAYA SAMPURNA,NELLCOBDK,NELLCO BEDAK SALICYL 60GR,12,BTL,7330.0,7.5,81363.0,41299179.85,4061038.12,40979566.4,2025,12,2025-12
0203/JL/1225,2025-12-20,PL-0111,PT. JAYA SAMPURNA,NEUROBIONFORTE,NEUROBION FORTE TAB 250MG,1000,TAB,6684.0,7.5,6182700.0,41299179.85,4061038.12,40979566.4,2025,12,2025-12
0203/JL/1225,2025-12-20,PL-0111,PT. JAYA SAMPURNA,PNDC,PANADOL CAPLET,500,TAB,1392.0,7.5,643800.0,41299179.85,4061038.12,40979566.4,2025,12,2025-12
0203/JL/1225,2025-12-20,PL-0111,PT. JAYA SAMPURNA,PNDEXT,PANADOL EXTRA,100,TAB,1578.0,7.5,145965.0,41299179.85,4061038.12,40979566.4,2025,12,2025-12
0203/JL/1225,2025-12-20,PL-0111,PT. JAYA SAMPURNA,THROM20GR,Thrombopop 20gr Gel,5,TUBE,86014.0,7.5,397814.75,41299179.85,4061038.12,40979566.4,2025,12,2025-12
0203/JL/1225,2025-12-20,PL-0111,PT. JAYA SAMPURNA,NEUROBION,injek NEUROBION INJEKSI 5000,40,AMPUL,493291.0,7.5,18251767.0,41299179.85,4061038.12,40979566.4,2025,12,2025-12
0203/JL/1225,2025-12-20,PL-0111,PT. JAYA SAMPURNA,SILEXSYRUP,SILEX SYRUP,10,BOX,105494.0,7.5,975819.5,41299179.85,4061038.12,40979566.4,2025,12,2025-12
0204/JL/1225,2025-12-23,PL-0001,RUMAH SAKIT YARSI,KLP-10X10,Kassa Lipat Polos 10cm x 10cm,20,PAK,350000.0,37.0,4410000.0,14522000.0,1597420.0,16119420.0,2025,12,2025-12
0204/JL/1225,2025-12-23,PL-0001,RUMAH SAKIT YARSI,KLP-5X5,Kassa Lipat Polos 5cm x 5cm (400 pcs),15,PAK,480000.0,0.0,7200000.0,14522000.0,1597420.0,16119420.0,2025,12,2025-12
0204/JL/1225,2025-12-23,PL-0001,RUMAH SAKIT YARSI,"KLP-7,5X7,5","Kassa Lipat Polos 7,5cm x 7,5cm",20,PAK,280000.0,48.0,2912000.0,14522000.0,1597420.0,16119420.0,2025,12,2025-12
0205/JL/1225,2025-12-23,PL-0001,RUMAH SAKIT YARSI,KLX-R,Kassa Lipat X-Ray 10cm x 10cm,5,PAK,530000.0,11.7,2339950.0,2339950.0,257394.5,2597344.5,2025,12,2025-12
0206/JL/1225,2025-12-23,PL-0001,RUMAH SAKIT YARSI,NM-USGG5L,NAM MEDICAL ULTRASOUND GEL 5,5,DRIGEN,160000.0,0.0,800000.0,800000.0,88000.0,888000.0,2025,12,2025-12
0207/JL/1225,2025-12-23,PL-0001,RUMAH SAKIT YARSI,OTRP-L,OTORO LATEX POWDER ''L'',10,BOX,73000.0,15.0,620500.0,620500.0,68255.0,688755.0,2025,12,2025-12
